{
    "ZZ": [
      "EN",
      "HI"
    ],
    "BD": [
      "BN",
      "EN"
    ],
    "BE": [
      "EN",
      "FR"
    ],
    "BF": [
      "EN",
      "FR"
    ],
    "BG": [
      "BG",
      "EN"
    ],
    "BA": [
      "EN",
      "HR"
    ],
    "BB": [
      "EN",
      "ES"
    ],
    "WF": [
      "EN",
      "FR"
    ],
    "BL": [
      "EN",
      "FR"
    ],
    "BM": [
      "EN",
      "PT"
    ],
    "BN": [
      "EN",
      "IN"
    ],
    "BO": [
      "EN",
      "ES"
    ],
    "BH": [
      "AR",
      "EN"
    ],
    "BI": [
      "EN",
      "FR"
    ],
    "BJ": [
      "EN",
      "FR"
    ],
    "BT": [
      "EN",
      "HI"
    ],
    "JM": [
      "EN",
      "ES"
    ],
    "BW": [
      "AR",
      "EN"
    ],
    "WS": [
      "AR",
      "EN"
    ],
    "BQ": [
      "EN",
      "ES"
    ],
    "BR": [
      "EN",
      "PT"
    ],
    "BS": [
      "EN",
      "ES"
    ],
    "JE": [
      "EN",
      "PT"
    ],
    "BY": [
      "EN",
      "RU"
    ],
    "BZ": [
      "EN",
      "ES"
    ],
    "LV": [
      "EN",
      "RU"
    ],
    "RW": [
      "EN",
      "FR"
    ],
    "RS": [
      "EN",
      "SR"
    ],
    "TL": [
      "EN",
      "IN"
    ],
    "RE": [
      "EN",
      "FR"
    ],
    "LU": [
      "EN",
      "FR"
    ],
    "TJ": [
      "EN",
      "RU"
    ],
    "RO": [
      "EN",
      "RO"
    ],
    "GW": [
      "EN",
      "PT"
    ],
    "GU": [
      "EN",
      "ZH"
    ],
    "GT": [
      "EN",
      "ES"
    ],
    "GR": [
      "EL",
      "EN"
    ],
    "GQ": [
      "EN",
      "ES"
    ],
    "GP": [
      "EN",
      "FR"
    ],
    "JP": [
      "EN",
      "JA"
    ],
    "GY": [
      "EN",
      "ES"
    ],
    "GG": [
      "EN",
      "IT"
    ],
    "GF": [
      "EN",
      "FR"
    ],
    "GE": [
      "EN",
      "RU"
    ],
    "GD": [
      "EN",
      "ES"
    ],
    "GB": [
      "AR",
      "EN"
    ],
    "GA": [
      "EN",
      "FR"
    ],
    "SV": [
      "EN",
      "ES"
    ],
    "GN": [
      "EN",
      "FR"
    ],
    "GM": [
      "EN",
      "FR"
    ],
    "GL": [
      "DA",
      "EN"
    ],
    "GI": [
      "EN",
      "ES"
    ],
    "GH": [
      "EN",
      "FR"
    ],
    "OM": [
      "AR",
      "EN"
    ],
    "TN": [
      "EN",
      "FR"
    ],
    "JO": [
      "AR",
      "EN"
    ],
    "HR": [
      "EN",
      "HR"
    ],
    "HT": [
      "EN",
      "FR"
    ],
    "HU": [
      "EN",
      "HU"
    ],
    "HK": [
      "EN",
      "ZH"
    ],
    "HN": [
      "EN",
      "ES"
    ],
    "VE": [
      "EN",
      "ES"
    ],
    "PR": [
      "AR",
      "ES"
    ],
    "PS": [
      "AR",
      "EN"
    ],
    "PW": [
      "EN",
      "KO"
    ],
    "PT": [
      "EN",
      "PT"
    ],
    "PY": [
      "EN",
      "ES"
    ],
    "IQ": [
      "AR",
      "EN"
    ],
    "PA": [
      "EN",
      "ES"
    ],
    "PF": [
      "EN",
      "FR"
    ],
    "PG": [
      "EN",
      "ZH"
    ],
    "PE": [
      "EN",
      "ES"
    ],
    "PK": [
      "EN",
      "UR"
    ],
    "PH": [
      "AR",
      "EN"
    ],
    "TM": [
      "EN",
      "RU"
    ],
    "PL": [
      "EN",
      "PL"
    ],
    "PM": [
      "EN",
      "FR"
    ],
    "ZM": [
      "AR",
      "EN"
    ],
    "EN": [
      "EN",
      "DE"
    ],
    "EH": [
      "AR",
      "FR"
    ],
    "RU": [
      "EN",
      "RU"
    ],
    "EE": [
      "EN",
      "ET"
    ],
    "EG": [
      "AR",
      "EN"
    ],
    "ZA": [
      "EN",
      "PT"
    ],
    "EC": [
      "EN",
      "ES"
    ],
    "IT": [
      "EN",
      "IT"
    ],
    "VN": [
      "EN",
      "VI"
    ],
    "SB": [
      "EN",
      "ZH"
    ],
    "EU": [
      "AR",
      "EN"
    ],
    "ET": [
      "AR",
      "EN"
    ],
    "SO": [
      "AR",
      "EN"
    ],
    "ZW": [
      "AR",
      "EN"
    ],
    "SA": [
      "AR",
      "EN"
    ],
    "ES": [
      "EN",
      "ES"
    ],
    "ER": [
      "AR",
      "EN"
    ],
    "ME": [
      "EN",
      "SR"
    ],
    "MD": [
      "EN",
      "RU"
    ],
    "MG": [
      "EN",
      "FR"
    ],
    "MF": [
      "EN",
      "FR"
    ],
    "MA": [
      "EN",
      "FR"
    ],
    "MC": [
      "EN",
      "FR"
    ],
    "UZ": [
      "EN",
      "RU"
    ],
    "MM": [
      "EN",
      "MY"
    ],
    "ML": [
      "EN",
      "FR"
    ],
    "MO": [
      "EN",
      "ZH"
    ],
    "MN": [
      "EN",
      "MN"
    ],
    "MH": [
      "EN",
      "KO"
    ],
    "MK": [
      "EN",
      "MK"
    ],
    "MU": [
      "EN",
      "FR"
    ],
    "MT": [
      "AR",
      "EN"
    ],
    "MW": [
      "AR",
      "EN"
    ],
    "MV": [
      "AR",
      "EN"
    ],
    "MQ": [
      "EN",
      "FR"
    ],
    "MP": [
      "EN",
      "KO"
    ],
    "MS": [
      "EN",
      "ES"
    ],
    "MR": [
      "AR",
      "FR"
    ],
    "IM": [
      "EN",
      "IW"
    ],
    "UG": [
      "AR",
      "EN"
    ],
    "TZ": [
      "EN",
      "SW"
    ],
    "MY": [
      "EN",
      "MS"
    ],
    "MX": [
      "EN",
      "ES"
    ],
    "IL": [
      "EN",
      "IW"
    ],
    "FR": [
      "EN",
      "FR"
    ],
    "IO": [
      "EN"
    ],
    "SH": [
      "EN"
    ],
    "FI": [
      "EN",
      "FI"
    ],
    "FJ": [
      "EN",
      "FR",
      "RU"
    ],
    "FK": [
      "EN",
      "ES"
    ],
    "FM": [
      "EN",
      "ZH"
    ],
    "FO": [
      "DA",
      "EN"
    ],
    "NI": [
      "EN",
      "ES"
    ],
    "NL": [
      "EN",
      "NL"
    ],
    "NO": [
      "EN",
      "NB"
    ],
    "NA": [
      "EN",
      "PT"
    ],
    "VU": [
      "EN",
      "FR"
    ],
    "NC": [
      "EN",
      "FR"
    ],
    "NE": [
      "EN",
      "FR"
    ],
    "NF": [
      "EN"
    ],
    "NG": [
      "EN",
      "FR"
    ],
    "NZ": [
      "EN",
      "ZH"
    ],
    "NP": [
      "EN",
      "NE"
    ],
    "NR": [
      "AR",
      "EN"
    ],
    "NU": [
      "EN"
    ],
    "CK": [
      "EN"
    ],
    "XK": [
      "EN",
      "SR"
    ],
    "CI": [
      "EN",
      "FR"
    ],
    "CH": [
      "DE",
      "EN"
    ],
    "CO": [
      "EN",
      "ES"
    ],
    "CN": [
      "EN",
      "ZH"
    ],
    "CM": [
      "EN",
      "FR"
    ],
    "CL": [
      "EN",
      "ES"
    ],
    "CC": [
      "EN"
    ],
    "CA": [
      "EN",
      "FR"
    ],
    "CG": [
      "EN",
      "FR"
    ],
    "CF": [
      "EN",
      "FR"
    ],
    "CD": [
      "EN",
      "FR"
    ],
    "CZ": [
      "CS",
      "EN"
    ],
    "CY": [
      "EL",
      "EN"
    ],
    "CX": [
      "EN"
    ],
    "CR": [
      "EN",
      "ES"
    ],
    "CW": [
      "EN",
      "ES"
    ],
    "CV": [
      "EN",
      "PT"
    ],
    "CU": [
      "EN",
      "ES"
    ],
    "SZ": [
      "EN",
      "PT"
    ],
    "SY": [
      "AR",
      "EN"
    ],
    "SX": [
      "EN",
      "ES"
    ],
    "KG": [
      "EN",
      "RU"
    ],
    "KE": [
      "AR",
      "EN"
    ],
    "SS": [
      "AR",
      "EN"
    ],
    "SR": [
      "EN",
      "NL"
    ],
    "KI": [
      "EN"
    ],
    "KH": [
      "EN",
      "KM"
    ],
    "KN": [
      "EN",
      "ES"
    ],
    "KM": [
      "EN",
      "FR"
    ],
    "ST": [
      "EN",
      "PT"
    ],
    "SK": [
      "EN",
      "SK"
    ],
    "KR": [
      "EN",
      "KO"
    ],
    "SI": [
      "EN",
      "SL"
    ],
    "KP": [
      "EN"
    ],
    "KW": [
      "AR",
      "EN"
    ],
    "SN": [
      "EN",
      "FR"
    ],
    "SM": [
      "EN",
      "IT"
    ],
    "SL": [
      "AR",
      "EN"
    ],
    "SC": [
      "DE",
      "EN"
    ],
    "KZ": [
      "EN",
      "RU"
    ],
    "KY": [
      "EN",
      "ES"
    ],
    "SG": [
      "AR",
      "EN"
    ],
    "SE": [
      "EN",
      "SV"
    ],
    "SD": [
      "AR",
      "EN"
    ],
    "DO": [
      "EN",
      "ES"
    ],
    "DM": [
      "EN",
      "FR"
    ],
    "DJ": [
      "EN",
      "FR"
    ],
    "DK": [
      "DA",
      "EN"
    ],
    "VG": [
      "EN",
      "ES"
    ],
    "DE": [
      "DE",
      "EN"
    ],
    "YE": [
      "AR",
      "EN"
    ],
    "DZ": [
      "AR",
      "FR"
    ],
    "US": [
      "EN",
      "ES"
    ],
    "UY": [
      "EN",
      "ES"
    ],
    "YT": [
      "EN",
      "FR"
    ],
    "LB": [
      "AR",
      "EN"
    ],
    "LC": [
      "EN",
      "ES"
    ],
    "LA": [
      "EN",
      "TH"
    ],
    "TV": [
      "EN"
    ],
    "TW": [
      "ZH",
      "ZH_TW"
    ],
    "TT": [
      "EN",
      "ES"
    ],
    "TR": [
      "AR",
      "TR"
    ],
    "LK": [
      "EN",
      "SI"
    ],
    "LI": [
      "DE",
      "EN"
    ],
    "A1": [
      "AR",
      "EN"
    ],
    "TO": [
      "EN",
      "SV"
    ],
    "LT": [
      "EN",
      "TR"
    ],
    "A2": [
      "AR",
      "EN"
    ],
    "LR": [
      "EN",
      "TR"
    ],
    "LS": [
      "AR",
      "EN"
    ],
    "TH": [
      "EN",
      "TH"
    ],
    "TF": [
      "EN",
      "FR"
    ],
    "TG": [
      "EN",
      "FR"
    ],
    "TD": [
      "AR",
      "FR"
    ],
    "TC": [
      "EN",
      "ES"
    ],
    "LY": [
      "AR",
      "EN"
    ],
    "VA": [
      "EN",
      "IT"
    ],
    "VC": [
      "EN",
      "ES"
    ],
    "AE": [
      "AR",
      "EN"
    ],
    "AD": [
      "EN",
      "ES"
    ],
    "AG": [
      "EN",
      "ES"
    ],
    "AF": [
      "EN",
      "FA"
    ],
    "AI": [
      "EN",
      "FR"
    ],
    "VI": [
      "EN",
      "ES"
    ],
    "IS": [
      "EN",
      "IS"
    ],
    "IR": [
      "EN",
      "FA"
    ],
    "AM": [
      "EN",
      "RU"
    ],
    "AL": [
      "EN",
      "IT"
    ],
    "AO": [
      "EN",
      "PT"
    ],
    "AN": [
      "DU",
      "EN"
    ],
    "AP": [
      "AR",
      "EN"
    ],
    "AS": [
      "AR",
      "EN"
    ],
    "AR": [
      "EN",
      "ES"
    ],
    "AU": [
      "AR",
      "EN"
    ],
    "AT": [
      "DE",
      "EN"
    ],
    "AW": [
      "EN",
      "ES"
    ],
    "IN": [
      "EN",
      "HI"
    ],
    "AX": [
      "EN",
      "SV"
    ],
    "AZ": [
      "RU",
      "TR"
    ],
    "IE": [
      "AR",
      "EN"
    ],
    "ID": [
      "EN",
      "IN"
    ],
    "UA": [
      "EN",
      "RU"
    ],
    "QA": [
      "AR",
      "EN"
    ],
    "MZ": [
      "EN",
      "PT"
    ]
}