{
  "COUNTRY_LIST": {
    "C": [
      {
        "CID": "Afghanistan",
        "CN": "Afghanistan",
        "CCN": "af",
        "CC": "93"
      },
      {
        "CID": "Albania",
        "CN": "Albania",
        "CCN": "al",
        "CC": "355"
      },
      {
        "CID": "Algeria",
        "CN": "Algeria",
        "CCN": "dz",
        "CC": "213"
      },
      {
        "CID": "AmericanSamoa",
        "CN": "American Samoa",
        "CCN": "as",
        "CC": "1684"
      },
      {
        "CID": "Andorra",
        "CN": "Andorra",
        "CCN": "ad",
        "CC": "376"
      },
      {
        "CID": "Angola",
        "CN": "Angola",
        "CCN": "ao",
        "CC": "244"
      },
      {
        "CID": "Anguilla",
        "CN": "Anguilla",
        "CCN": "ai",
        "CC": "1264"
      },
      {
        "CID": "AntiguaandBarbuda",
        "CN": "Antigua and Barbuda",
        "CCN": "ag",
        "CC": "1268"
      },
      {
        "CID": "Argentina-BuenosAires",
        "CN": "Argentina",
        "CCN": "ar",
        "CC": "54"
      },
      {
        "CID": "Armenia",
        "CN": "Armenia",
        "CCN": "am",
        "CC": "374"
      },
      {
        "CID": "Aruba",
        "CN": "Aruba",
        "CCN": "aw",
        "CC": "297"
      },
      {
        "CID": "AscensionIsland",
        "CN": "Ascension Island",
        "CCN": "ac",
        "CC": "247"
      },
      {
        "CID": "Australia",
        "CN": "Australia",
        "CCN": "au",
        "CC": "61"
      },
      {
        "CID": "Austria",
        "CN": "Austria",
        "CCN": "at",
        "CC": "43"
      },
      {
        "CID": "Azerbaijan",
        "CN": "Azerbaijan",
        "CCN": "az",
        "CC": "994"
      },
      {
        "CID": "Bahamas",
        "CN": "Bahamas",
        "CCN": "bs",
        "CC": "1242"
      },
      {
        "CID": "Bahrain",
        "CN": "Bahrain",
        "CCN": "bh",
        "CC": "973"
      },
      {
        "CID": "Bangladesh",
        "CN": "Bangladesh",
        "CCN": "bd",
        "CC": "880"
      },
      {
        "CID": "Barbados",
        "CN": "Barbados",
        "CCN": "bb",
        "CC": "1246"
      },
      {
        "CID": "Belarus",
        "CN": "Belarus",
        "CCN": "by",
        "CC": "375"
      },
      {
        "CID": "Belgium",
        "CN": "Belgium",
        "CCN": "be",
        "CC": "32"
      },
      {
        "CID": "Belize",
        "CN": "Belize",
        "CCN": "bz",
        "CC": "501"
      },
      {
        "CID": "Benin",
        "CN": "Benin",
        "CCN": "bj",
        "CC": "229"
      },
      {
        "CID": "Bermuda",
        "CN": "Bermuda",
        "CCN": "bm",
        "CC": "1441"
      },
      {
        "CID": "Bhutan",
        "CN": "Bhutan",
        "CCN": "bt",
        "CC": "975"
      },
      {
        "CID": "Bolivia",
        "CN": "Bolivia",
        "CCN": "bo",
        "CC": "591"
      },
      {
        "CID": "BosniaAndHerzegovina",
        "CN": "Bosnia and Herzegovina",
        "CCN": "ba",
        "CC": "387"
      },
      {
        "CID": "Botswana",
        "CN": "Botswana",
        "CCN": "bw",
        "CC": "267"
      },
      {
        "CID": "Brazil",
        "CN": "Brazil",
        "CCN": "br",
        "CC": "55"
      },
      {
        "CID": "BritishIndianOceanTerritory",
        "CN": "British Indian Ocean Territory",
        "CCN": "io",
        "CC": "246"
      },
      {
        "CID": "BritishVirginIslands",
        "CN": "British Virgin Islands",
        "CCN": "vg",
        "CC": "1284"
      },
      {
        "CID": "Brunei",
        "CN": "Brunei",
        "CCN": "bn",
        "CC": "673"
      },
      {
        "CID": "Bulgaria",
        "CN": "Bulgaria",
        "CCN": "bg",
        "CC": "359"
      },
      {
        "CID": "BurkinaFaso",
        "CN": "Burkina Faso",
        "CCN": "bf",
        "CC": "226"
      },
      {
        "CID": "Burma",
        "CN": "Burma-Myanmar",
        "CCN": "mm",
        "CC": "95"
      },
      {
        "CID": "Burundi",
        "CN": "Burundi",
        "CCN": "bi",
        "CC": "257"
      },
      {
        "CID": "Cambodja",
        "CN": "Cambodia",
        "CCN": "kh",
        "CC": "855"
      },
      {
        "CID": "Cameroon",
        "CN": "Cameroon",
        "CCN": "cm",
        "CC": "237"
      },
      {
        "CID": "Canada",
        "CN": "Canada",
        "CCN": "ca",
        "CC": "1"
      },
      {
        "CID": "CapeVerde",
        "CN": "Cape Verde",
        "CCN": "cv",
        "CC": "238"
      },
      {
        "CID": "CaymanIslands",
        "CN": "Cayman Islands",
        "CCN": "ky",
        "CC": "1345"
      },
      {
        "CID": "CentralAfricanRepublic",
        "CN": "Central African Republic",
        "CCN": "cf",
        "CC": "236"
      },
      {
        "CID": "Chad",
        "CN": "Chad",
        "CCN": "td",
        "CC": "235"
      },
      {
        "CID": "Chile",
        "CN": "Chile",
        "CCN": "cl",
        "CC": "56"
      },
      {
        "CID": "China",
        "CN": "China",
        "CCN": "cn",
        "CC": "86"
      },
      {
        "CID": "ChristmasIsland",
        "CN": "Christmas Island",
        "CCN": "cx",
        "CC": "6189"
      },
      {
        "CID": "Colombia",
        "CN": "Colombia",
        "CCN": "co",
        "CC": "57"
      },
      {
        "CID": "Comoros",
        "CN": "Comoros",
        "CCN": "km",
        "CC": "269"
      },
      {
        "CID": "Congo",
        "CN": "Congo",
        "CCN": "cg",
        "CC": "242"
      },
      {
        "CID": "CongoDemocratic",
        "CN": "Congo, The Democratic Republic",
        "CCN": "cd",
        "CC": "243"
      },
      {
        "CID": "CookIslands",
        "CN": "Cook Islands",
        "CCN": "ck",
        "CC": "682"
      },
      {
        "CID": "CostaRica",
        "CN": "Costa Rica",
        "CCN": "cr",
        "CC": "506"
      },
      {
        "CID": "Croatia",
        "CN": "Croatia",
        "CCN": "hr",
        "CC": "385"
      },
      {
        "CID": "Cuba",
        "CN": "Cuba",
        "CCN": "cu",
        "CC": "53"
      },
      {
        "CID": "Cyprus",
        "CN": "Cyprus",
        "CCN": "cy",
        "CC": "357"
      },
      {
        "CID": "CzechRepublic",
        "CN": "Czech Republic",
        "CCN": "cz",
        "CC": "420"
      },
      {
        "CID": "Denmark",
        "CN": "Denmark",
        "CCN": "dk",
        "CC": "45"
      },
      {
        "CID": "Djibouti",
        "CN": "Djibouti",
        "CCN": "dj",
        "CC": "253"
      },
      {
        "CID": "Dominica",
        "CN": "Dominica",
        "CCN": "dm",
        "CC": "1767"
      },
      {
        "CID": "DominicanRepublic",
        "CN": "Dominican Republic",
        "CCN": "do",
        "CC": "1849"
      },
      {
        "CID": "DominicanRepublic",
        "CN": "Dominican Republic",
        "CCN": "do",
        "CC": "1829"
      },
      {
        "CID": "DominicanRepublic",
        "CN": "Dominican Republic",
        "CCN": "do",
        "CC": "1809"
      },
      {
        "CID": "EastTimor",
        "CN": "East Timor",
        "CCN": "tl",
        "CC": "670"
      },
      {
        "CID": "Ecuador",
        "CN": "Ecuador",
        "CCN": "ec",
        "CC": "593"
      },
      {
        "CID": "Egypt",
        "CN": "Egypt",
        "CCN": "eg",
        "CC": "20"
      },
      {
        "CID": "ElSalvador",
        "CN": "El Salvador",
        "CCN": "sv",
        "CC": "503"
      },
      {
        "CID": "EquatorialGuinea",
        "CN": "Equatorial Guinea",
        "CCN": "gq",
        "CC": "240"
      },
      {
        "CID": "Eritrea",
        "CN": "Eritrea",
        "CCN": "er",
        "CC": "291"
      },
      {
        "CID": "Estonia",
        "CN": "Estonia",
        "CCN": "ee",
        "CC": "372"
      },
      {
        "CID": "Ethiopia",
        "CN": "Ethiopia",
        "CCN": "et",
        "CC": "251"
      },
      {
        "CID": "FaroeIslands",
        "CN": "Faroe Islands",
        "CCN": "fo",
        "CC": "298"
      },
      {
        "CID": "Fiji",
        "CN": "Fiji",
        "CCN": "fj",
        "CC": "679"
      },
      {
        "CID": "Finland",
        "CN": "Finland",
        "CCN": "fi",
        "CC": "358"
      },
      {
        "CID": "France",
        "CN": "France",
        "CCN": "fr",
        "CC": "33"
      },
      {
        "CID": "FrenchGuiana",
        "CN": "French Guiana",
        "CCN": "gf",
        "CC": "594"
      },
      {
        "CID": "FrenchPolynesia",
        "CN": "French Polynesia",
        "CCN": "pf",
        "CC": "689"
      },
      {
        "CID": "Gabon",
        "CN": "Gabon",
        "CCN": "ga",
        "CC": "241"
      },
      {
        "CID": "Gambia",
        "CN": "Gambia",
        "CCN": "gm",
        "CC": "220"
      },
      {
        "CID": "Georgia",
        "CN": "Georgia",
        "CCN": "ge",
        "CC": "995"
      },
      {
        "CID": "Germany",
        "CN": "Germany",
        "CCN": "de",
        "CC": "49"
      },
      {
        "CID": "Ghana",
        "CN": "Ghana",
        "CCN": "gh",
        "CC": "233"
      },
      {
        "CID": "Gibraltar",
        "CN": "Gibraltar",
        "CCN": "gi",
        "CC": "350"
      },
      {
        "CID": "Greece",
        "CN": "Greece",
        "CCN": "gr",
        "CC": "30"
      },
      {
        "CID": "Greenland",
        "CN": "Greenland",
        "CCN": "gl",
        "CC": "299"
      },
      {
        "CID": "Grenada",
        "CN": "Grenada",
        "CCN": "gd",
        "CC": "1473"
      },
      {
        "CID": "Guadeloupe",
        "CN": "Guadeloupe",
        "CCN": "gp",
        "CC": "590"
      },
      {
        "CID": "Guam",
        "CN": "Guam",
        "CCN": "gu",
        "CC": "1671"
      },
      {
        "CID": "Guatemala",
        "CN": "Guatemala",
        "CCN": "gt",
        "CC": "502"
      },
      {
        "CID": "Guinea",
        "CN": "Guinea",
        "CCN": "gn",
        "CC": "224"
      },
      {
        "CID": "Guinea-Bissau",
        "CN": "Guinea-Bissau",
        "CCN": "gw",
        "CC": "245"
      },
      {
        "CID": "Guyana",
        "CN": "Guyana",
        "CCN": "gy",
        "CC": "592"
      },
      {
        "CID": "Haiti",
        "CN": "Haiti",
        "CCN": "ht",
        "CC": "509"
      },
      {
        "CID": "Honduras",
        "CN": "Honduras",
        "CCN": "hn",
        "CC": "504"
      },
      {
        "CID": "HongKong",
        "CN": "Hong Kong",
        "CCN": "hk",
        "CC": "852"
      },
      {
        "CID": "Hungary",
        "CN": "Hungary",
        "CCN": "hu",
        "CC": "36"
      },
      {
        "CID": "Iceland",
        "CN": "Iceland",
        "CCN": "is",
        "CC": "354"
      },
      {
        "CID": "India-Other",
        "CN": "India",
        "CCN": "in",
        "CC": "91"
      },
      {
        "CID": "Indonesia",
        "CN": "Indonesia",
        "CCN": "id",
        "CC": "62"
      },
      {
        "CID": "Iran",
        "CN": "Iran",
        "CCN": "ir",
        "CC": "98"
      },
      {
        "CID": "Iraq",
        "CN": "Iraq",
        "CCN": "iq",
        "CC": "964"
      },
      {
        "CID": "Ireland",
        "CN": "Ireland",
        "CCN": "ie",
        "CC": "353"
      },
      {
        "CID": "Israel",
        "CN": "Israel",
        "CCN": "il",
        "CC": "972"
      },
      {
        "CID": "Italy",
        "CN": "Italy",
        "CCN": "it",
        "CC": "39"
      },
      {
        "CID": "IvoryCoast",
        "CN": "Ivory Coast",
        "CCN": "ci",
        "CC": "225"
      },
      {
        "CID": "Jamaica",
        "CN": "Jamaica",
        "CCN": "jm",
        "CC": "1876"
      },
      {
        "CID": "Japan",
        "CN": "Japan",
        "CCN": "jp",
        "CC": "81"
      },
      {
        "CID": "Jordan",
        "CN": "Jordan",
        "CCN": "jo",
        "CC": "962"
      },
      {
        "CID": "Kazakhstan",
        "CN": "Kazakhstan",
        "CCN": "kz",
        "CC": "7"
      },
      {
        "CID": "Kenya",
        "CN": "Kenya",
        "CCN": "ke",
        "CC": "254"
      },
      {
        "CID": "Kiribati",
        "CN": "Kiribati",
        "CCN": "ki",
        "CC": "686"
      },
      {
        "CID": "Kosovo",
        "CN": "Kosovo",
        "CCN": "xk",
        "CC": "383"
      },
      {
        "CID": "Kuwait",
        "CN": "Kuwait",
        "CCN": "kw",
        "CC": "965"
      },
      {
        "CID": "Kyrgyzstan",
        "CN": "Kyrgyzstan",
        "CCN": "kg",
        "CC": "996"
      },
      {
        "CID": "Laos",
        "CN": "Laos",
        "CCN": "la",
        "CC": "856"
      },
      {
        "CID": "Latvia",
        "CN": "Latvia",
        "CCN": "lv",
        "CC": "371"
      },
      {
        "CID": "Lebanon",
        "CN": "Lebanon",
        "CCN": "lb",
        "CC": "961"
      },
      {
        "CID": "Lesotho",
        "CN": "Lesotho",
        "CCN": "ls",
        "CC": "266"
      },
      {
        "CID": "Liberia",
        "CN": "Liberia",
        "CCN": "lr",
        "CC": "231"
      },
      {
        "CID": "Libya",
        "CN": "Libya",
        "CCN": "ly",
        "CC": "218"
      },
      {
        "CID": "Liechtenstein",
        "CN": "Liechtenstein",
        "CCN": "li",
        "CC": "423"
      },
      {
        "CID": "Lithuania",
        "CN": "Lithuania",
        "CCN": "lt",
        "CC": "370"
      },
      {
        "CID": "Luxembourg",
        "CN": "Luxembourg",
        "CCN": "lu",
        "CC": "352"
      },
      {
        "CID": "Macau",
        "CN": "Macau",
        "CCN": "mo",
        "CC": "853"
      },
      {
        "CID": "Macedonia",
        "CN": "Macedonia",
        "CCN": "mk",
        "CC": "389"
      },
      {
        "CID": "Madagascar",
        "CN": "Madagascar",
        "CCN": "mg",
        "CC": "261"
      },
      {
        "CID": "Malawi",
        "CN": "Malawi",
        "CCN": "mw",
        "CC": "265"
      },
      {
        "CID": "Malaysia",
        "CN": "Malaysia",
        "CCN": "my",
        "CC": "60"
      },
      {
        "CID": "Maldives",
        "CN": "Maldives",
        "CCN": "mv",
        "CC": "960"
      },
      {
        "CID": "Mali",
        "CN": "Mali",
        "CCN": "ml",
        "CC": "223"
      },
      {
        "CID": "Malta",
        "CN": "Malta",
        "CCN": "mt",
        "CC": "356"
      },
      {
        "CID": "MarshallIslands",
        "CN": "Marshall Islands",
        "CCN": "mh",
        "CC": "692"
      },
      {
        "CID": "Martinique",
        "CN": "Martinique",
        "CCN": "mq",
        "CC": "596"
      },
      {
        "CID": "Mauritania",
        "CN": "Mauritania",
        "CCN": "mr",
        "CC": "222"
      },
      {
        "CID": "Mauritius",
        "CN": "Mauritius",
        "CCN": "mu",
        "CC": "230"
      },
      {
        "CID": "Mayotte",
        "CN": "Mayotte",
        "CCN": "yt",
        "CC": "262"
      },
      {
        "CID": "Mexico",
        "CN": "Mexico",
        "CCN": "mx",
        "CC": "52"
      },
      {
        "CID": "Micronesia",
        "CN": "Micronesia",
        "CCN": "fm",
        "CC": "691"
      },
      {
        "CID": "Moldova",
        "CN": "Moldova",
        "CCN": "md",
        "CC": "373"
      },
      {
        "CID": "Monaco",
        "CN": "Monaco",
        "CCN": "mc",
        "CC": "377"
      },
      {
        "CID": "Mongolia",
        "CN": "Mongolia",
        "CCN": "mn",
        "CC": "976"
      },
      {
        "CID": "Montenegro",
        "CN": "Montenegro",
        "CCN": "me",
        "CC": "382"
      },
      {
        "CID": "Montserrat",
        "CN": "Montserrat",
        "CCN": "ms",
        "CC": "1664"
      },
      {
        "CID": "Morocco",
        "CN": "Morocco",
        "CCN": "ma",
        "CC": "212"
      },
      {
        "CID": "Mozambique",
        "CN": "Mozambique",
        "CCN": "mz",
        "CC": "258"
      },
      {
        "CID": "Namibia",
        "CN": "Namibia",
        "CCN": "na",
        "CC": "264"
      },
      {
        "CID": "Nauru",
        "CN": "Nauru",
        "CCN": "nr",
        "CC": "674"
      },
      {
        "CID": "Nepal",
        "CN": "Nepal",
        "CCN": "np",
        "CC": "977"
      },
      {
        "CID": "Netherlands",
        "CN": "Netherlands",
        "CCN": "nl",
        "CC": "31"
      },
      {
        "CID": "NetherlandsAntilles",
        "CN": "Cura\u00e7ao",
        "CCN": "cw",
        "CC": "599"
      },
      {
        "CID": "NewCaledonia",
        "CN": "New Caledonia",
        "CCN": "nc",
        "CC": "687"
      },
      {
        "CID": "NewZealand",
        "CN": "New Zealand",
        "CCN": "nz",
        "CC": "64"
      },
      {
        "CID": "Nicaragua",
        "CN": "Nicaragua",
        "CCN": "ni",
        "CC": "505"
      },
      {
        "CID": "Niger",
        "CN": "Niger",
        "CCN": "ne",
        "CC": "227"
      },
      {
        "CID": "Nigeria",
        "CN": "Nigeria",
        "CCN": "ng",
        "CC": "234"
      },
      {
        "CID": "Niue",
        "CN": "Niue",
        "CCN": "nu",
        "CC": "683"
      },
      {
        "CID": "NorfolkIsland",
        "CN": "Norfolk Island",
        "CCN": "nf",
        "CC": "672"
      },
      {
        "CID": "NorthernMarianaIslands",
        "CN": "Northern Mariana Islands",
        "CCN": "mp",
        "CC": "1670"
      },
      {
        "CID": "NorthKorea",
        "CN": "North Korea",
        "CCN": "kp",
        "CC": "850"
      },
      {
        "CID": "Norway",
        "CN": "Norway",
        "CCN": "no",
        "CC": "47"
      },
      {
        "CID": "Oman",
        "CN": "Oman",
        "CCN": "om",
        "CC": "968"
      },
      {
        "CID": "Pakistan",
        "CN": "Pakistan",
        "CCN": "pk",
        "CC": "92"
      },
      {
        "CID": "Palau",
        "CN": "Palau",
        "CCN": "pw",
        "CC": "680"
      },
      {
        "CID": "Palestine",
        "CN": "Palestine",
        "CCN": "ps",
        "CC": "970"
      },
      {
        "CID": "Panama",
        "CN": "Panama",
        "CCN": "pa",
        "CC": "507"
      },
      {
        "CID": "PapuaNewGuinea",
        "CN": "Papua New Guinea",
        "CCN": "pg",
        "CC": "675"
      },
      {
        "CID": "Paraguay",
        "CN": "Paraguay",
        "CCN": "py",
        "CC": "595"
      },
      {
        "CID": "Peru",
        "CN": "Peru",
        "CCN": "pe",
        "CC": "51"
      },
      {
        "CID": "Philippines",
        "CN": "Philippines",
        "CCN": "ph",
        "CC": "63"
      },
      {
        "CID": "PitcairnIslands",
        "CN": "Pitcairn Islands",
        "CCN": "pn",
        "CC": "870"
      },
      {
        "CID": "Poland",
        "CN": "Poland",
        "CCN": "pl",
        "CC": "48"
      },
      {
        "CID": "Portugal",
        "CN": "Portugal",
        "CCN": "pt",
        "CC": "351"
      },
      {
        "CID": "PuertoRico",
        "CN": "Puerto Rico",
        "CCN": "pr",
        "CC": "1787"
      },
      {
        "CID": "PuertoRico",
        "CN": "Puerto Rico",
        "CCN": "pr",
        "CC": "1939"
      },
      {
        "CID": "Qatar",
        "CN": "Qatar",
        "CCN": "qa",
        "CC": "974"
      },
      {
        "CID": "R\u00e9union",
        "CN": "R\u00e9union",
        "CCN": "re",
        "CC": "262"
      },
      {
        "CID": "Romania",
        "CN": "Romania",
        "CCN": "ro",
        "CC": "40"
      },
      {
        "CID": "Russia",
        "CN": "Russia",
        "CCN": "ru",
        "CC": "7"
      },
      {
        "CID": "Rwanda",
        "CN": "Rwanda",
        "CCN": "rw",
        "CC": "250"
      },
      {
        "CID": "Saint Martin",
        "CN": "Saint Martin",
        "CCN": "mf",
        "CC": "1599"
      },
      {
        "CID": "SaintHelena",
        "CN": "Saint Helena",
        "CCN": "sh",
        "CC": "290"
      },
      {
        "CID": "SaintKittsandNevis",
        "CN": "Saint Kitts and Nevis",
        "CCN": "kn",
        "CC": "1869"
      },
      {
        "CID": "SaintLucia",
        "CN": "Saint Lucia",
        "CCN": "lc",
        "CC": "1758"
      },
      {
        "CID": "SaintPierreandMiquelon",
        "CN": "Saint Pierre and Miquelon",
        "CCN": "pm",
        "CC": "508"
      },
      {
        "CID": "SaintVincentandtheGrenadines",
        "CN": "Saint Vincent and the Grenadines",
        "CCN": "vc",
        "CC": "1784"
      },
      {
        "CID": "Samoa",
        "CN": "Samoa",
        "CCN": "ws",
        "CC": "685"
      },
      {
        "CID": "SanMarino",
        "CN": "San Marino",
        "CCN": "sm",
        "CC": "378"
      },
      {
        "CID": "SaoTomeAndPrincipe",
        "CN": "S\u00e3o Tom\u00e9 and Pr\u00edncipe",
        "CCN": "st",
        "CC": "239"
      },
      {
        "CID": "SaudiArabia",
        "CN": "Saudi Arabia",
        "CCN": "sa",
        "CC": "966"
      },
      {
        "CID": "Senegal",
        "CN": "Senegal",
        "CCN": "sn",
        "CC": "221"
      },
      {
        "CID": "Serbia",
        "CN": "Serbia",
        "CCN": "rs",
        "CC": "381"
      },
      {
        "CID": "Seychelles",
        "CN": "Seychelles",
        "CCN": "sc",
        "CC": "248"
      },
      {
        "CID": "SGeorgiaSouthSandwichIslands",
        "CN": "Falkland Islands",
        "CCN": "fk",
        "CC": "500"
      },
      {
        "CID": "SierraLeone",
        "CN": "Sierra Leone",
        "CCN": "sl",
        "CC": "232"
      },
      {
        "CID": "Singapore",
        "CN": "Singapore",
        "CCN": "sg",
        "CC": "65"
      },
      {
        "CID": "SintMaarten",
        "CN": "Sint Maarten",
        "CCN": "sx",
        "CC": "1721"
      },
      {
        "CID": "Slovakia",
        "CN": "Slovakia",
        "CCN": "sk",
        "CC": "421"
      },
      {
        "CID": "Slovenia",
        "CN": "Slovenia",
        "CCN": "si",
        "CC": "386"
      },
      {
        "CID": "SolomonIslands",
        "CN": "Solomon Islands",
        "CCN": "sb",
        "CC": "677"
      },
      {
        "CID": "Somalia",
        "CN": "Somalia",
        "CCN": "so",
        "CC": "252"
      },
      {
        "CID": "SouthAfrica",
        "CN": "South Africa",
        "CCN": "za",
        "CC": "27"
      },
      {
        "CID": "SouthKorea",
        "CN": "South Korea",
        "CCN": "kr",
        "CC": "82"
      },
      {
        "CID": "SouthSudan",
        "CN": "South Sudan",
        "CCN": "ss",
        "CC": "211"
      },
      {
        "CID": "Spain",
        "CN": "Spain",
        "CCN": "es",
        "CC": "34"
      },
      {
        "CID": "SriLanka",
        "CN": "Sri Lanka",
        "CCN": "lk",
        "CC": "94"
      },
      {
        "CID": "Sudan",
        "CN": "Sudan",
        "CCN": "sd",
        "CC": "249"
      },
      {
        "CID": "Suriname",
        "CN": "Suriname",
        "CCN": "sr",
        "CC": "597"
      },
      {
        "CID": "Swaziland",
        "CN": "Swaziland",
        "CCN": "sz",
        "CC": "268"
      },
      {
        "CID": "Sweden",
        "CN": "Sweden",
        "CCN": "se",
        "CC": "46"
      },
      {
        "CID": "Switzerland",
        "CN": "Switzerland",
        "CCN": "ch",
        "CC": "41"
      },
      {
        "CID": "Syria",
        "CN": "Syria",
        "CCN": "sy",
        "CC": "963"
      },
      {
        "CID": "Taiwan",
        "CN": "Taiwan",
        "CCN": "tw",
        "CC": "886"
      },
      {
        "CID": "Tajikistan",
        "CN": "Tajikistan",
        "CCN": "tj",
        "CC": "992"
      },
      {
        "CID": "Tanzania",
        "CN": "Tanzania",
        "CCN": "tz",
        "CC": "255"
      },
      {
        "CID": "Thailand",
        "CN": "Thailand",
        "CCN": "th",
        "CC": "66"
      },
      {
        "CID": "Togo",
        "CN": "Togo",
        "CCN": "tg",
        "CC": "228"
      },
      {
        "CID": "Tokelau",
        "CN": "Tokelau",
        "CCN": "tk",
        "CC": "690"
      },
      {
        "CID": "Tonga",
        "CN": "Tonga",
        "CCN": "to",
        "CC": "676"
      },
      {
        "CID": "TrinidadAndTobago",
        "CN": "Trinidad and Tobago",
        "CCN": "tt",
        "CC": "1868"
      },
      {
        "CID": "Tunisia",
        "CN": "Tunisia",
        "CCN": "tn",
        "CC": "216"
      },
      {
        "CID": "Turkey",
        "CN": "Turkey",
        "CCN": "tr",
        "CC": "90"
      },
      {
        "CID": "Turkmenistan",
        "CN": "Turkmenistan",
        "CCN": "tm",
        "CC": "993"
      },
      {
        "CID": "TurksAndCaicosIslands",
        "CN": "Turks and Caicos Islands",
        "CCN": "tc",
        "CC": "1649"
      },
      {
        "CID": "Tuvalu",
        "CN": "Tuvalu",
        "CCN": "tv",
        "CC": "688"
      },
      {
        "CID": "Uganda",
        "CN": "Uganda",
        "CCN": "ug",
        "CC": "256"
      },
      {
        "CID": "UK",
        "CN": "United Kingdom",
        "CCN": "gb",
        "CC": "44"
      },
      {
        "CID": "Ukraine",
        "CN": "Ukraine",
        "CCN": "ua",
        "CC": "380"
      },
      {
        "CID": "UnitedArabEmirates",
        "CN": "United Arab Emirates",
        "CCN": "ae",
        "CC": "971"
      },
      {
        "CID": "Uruguay",
        "CN": "Uruguay",
        "CCN": "uy",
        "CC": "598"
      },
      {
        "CID": "US",
        "CN": "United States",
        "CCN": "us",
        "CC": "1"
      },
      {
        "CID": "Uzbekistan",
        "CN": "Uzbekistan",
        "CCN": "uz",
        "CC": "998"
      },
      {
        "CID": "Vanuatu",
        "CN": "Vanuatu",
        "CCN": "vu",
        "CC": "678"
      },
      {
        "CID": "Venezuela",
        "CN": "Venezuela",
        "CCN": "ve",
        "CC": "58"
      },
      {
        "CID": "Vietnam",
        "CN": "Vietnam",
        "CCN": "vn",
        "CC": "84"
      },
      {
        "CID": "VirginIslands",
        "CN": "Virgin Islands",
        "CCN": "vi",
        "CC": "1340"
      },
      {
        "CID": "WallisAndFutuna",
        "CN": "Wallis and Futuna",
        "CCN": "wf",
        "CC": "681"
      },
      {
        "CID": "Yemen",
        "CN": "Yemen",
        "CCN": "ye",
        "CC": "967"
      },
      {
        "CID": "Zambia",
        "CN": "Zambia",
        "CCN": "zm",
        "CC": "260"
      },
      {
        "CID": "Zimbabwe",
        "CN": "Zimbabwe",
        "CCN": "zw",
        "CC": "263"
      }
    ]
  },
  "COUNTRY_LIST_CHECKSUM": "bd99ef54033c52468f1b3dfe07a0fd33"
}