{
  "GRM_BANK": [
    "ICICIB",
    "HDFCBK",
    "ATMSBT",
    "CBSSBT",
    "SBTINB",
    "SBTNET",
    "ATMSBI",
    "SBIINB",
    "SBINET",
    "AXISBK",
    "CITIBK",
    "CITIAT",
    "CANBNK",
    "CANCRD",
    "FEDBNK",
    "IDBIBK",
    "KOTAKB",
    "PNBSMS",
    "PNBRWD",
    "INDUSB",
    "INDBNK",
    "PNBHFL",
    "PNBCCD",
    "PNBCRC",
    "UNIONB",
    "IPRSMS",
    "YESBNK",
    "DHANBK",
    "CBSSBI",
    "INDBCC",
    "SBICRD",
    "MYAMEX",
    "AMEXEP",
    "XXAMEX",
    "ANDBNK",
    "ANDHBK",
    "BOBTXN",
    "BOBCRD",
    "BOBADC",
    "BOBSMS",
    "BOIIND",
    "STARBI",
    "BOITXN",
    "MAHABK",
    "CORPBK",
    "CSBBNK",
    "DBALRT",
    "HSBCIN",
    "HSBCBK",
    "SYNDBK",
    "SYBANK",
    "SYNBNK",
    "IOBCHN",
    "KVBANK",
    "SIBSMS",
    "KTKBNK",
    "SVCBNK",
    "FROMSC",
    "ALBANK",
    "SBIPSG",
    "IPAYTM",
    "BKDENA"
  ],
  "GRM_EVENT": [
    "BMSHOW",
    "INSIDR",
    "TKTNEW",
    "IPAYTM"
  ],
  "GRM_TRAVEL": [
    "SPICEJ",
    "REDBUS",
    "MMTRIP",
    "INDIGO",
    "YATRAA",
    "YURBUS",
    "KSRTCC",
    "MKSRTC",
    "IRCTCI",
    "GOAIRL",
    "CLRTRP",
    "IPAYTM",
    "ARASIA",
    "TRUJET",
    "JETAIR",
    "AIRIND"
  ],
  "GRM_BILL": [
    "SBIOTP",
    "SBIACS",
    "ICICIB",
    "HDFCBK",
    "ATMSBT",
    "CBSSBT",
    "SBTINB",
    "SBIINB",
    "SBINET",
    "AXISBK",
    "CITIBK",
    "CITIAT",
    "CANBNK",
    "CANCRD",
    "FEDBNK",
    "HDFCMP",
    "TXNALE",
    "IDBIBK",
    "KOTAKB",
    "PNBSMS",
    "PNBRWD",
    "PNBHFL",
    "PNBCCD",
    "PNBCRC",
    "UNIONB",
    "IPRSMS",
    "YESBNK",
    "DHANBK",
    "CBSSBI",
    "INDBNK",
    "SBTNET",
    "ATMSBI",
    "EPFOHO",
    "BSNLCF",
    "HDFCMP",
    "TXNALE",
    "LICIND",
    "SBILIF",
    "MAXLIT",
    "KOTAKL",
    "BAJAJF",
    "ICICIP",
    "HDFCSL",
    "IPAYTM",
    "AIRBNK",
    "INDBCC",
    "INDUSB",
    "VIDDTH",
    "PAYUMN",
    "MYAMEX",
    "AMEXEP",
    "XXAMEX",
    "ANDBNK",
    "ANDHBK",
    "BOBTXN",
    "BOBCRD",
    "BOBADC",
    "BOBSMS",
    "BOIIND",
    "STARBI",
    "BOITXN",
    "MAHABK",
    "CORPBK",
    "CSBBNK",
    "DBALRT",
    "HSBCIN",
    "HSBCBK",
    "SYNDBK",
    "SYBANK",
    "SYNBNK",
    "IOBCHN",
    "KVBANK",
    "SIBSMS",
    "KTKBNK",
    "AIRTEL",
    "ACTHYD",
    "ACTTEL",
    "SVCBNK",
    "FROMSC",
    "ALBANK",
    "SBIPSG",
    "AIRCCF",
    "BESCOM",
    "BILLDK",
    "BKDENA",
    "CITRUS",
    "CREDIN",
    "FCHRGE",
    "HDFCBT",
    "HDFCMF",
    "JIOPAY",
    "KISSHT",
    "LZYPAY",
    "MOBIKW",
    "PAYBAK",
    "PAYLTR",
    "PAYTMB",
    "PAYZAP",
    "PHONPE",
    "OLAMNY",
    "OLACAB",
    "QUIKRR",
    "RNTMJO",
    "SBGMBS",
    "SBIDGT",
    "SCISMS",
    "SIMPLX",
    "SODEXO",
    "SWIGGY",
    "VPYQWK",
    "ZOMATO"
  ],
  "GRM_OFFERS": [
    "IPAYTM",
    "OLAMNY",
    "MSWIPE",
    "MOBIKW",
    "SBPAYU",
    "HDFCBN",
    "366000",
    "VPAYTM",
    "KPAYTM",
    "KOTAKM",
    "BIGBKT",
    "KFCIND",
    "EATKFC",
    "KFCRES",
    "KFCMMC",
    "SWIGGY",
    "MOJOPZ",
    "MOJOTR",
    "DOMINO",
    "ZOMATO",
    "BOXEHT",
    "FRZMNU",
    "FRSHMN",
    "BBQNAT",
    "BARBEQ",
    "FPANDA",
    "INRCHF",
    "PZAHUT",
    "BRGKNG",
    "FAASOS",
    "ZMBOOK",
    "PAPAJO",
    "NPANDA",
    "NPANAD",
    "NPNDAA",
    "DINOUT",
    "FEEAST",
    "COPPER",
    "BRWSKY",
    "SUBWAY",
    "TIPSYY",
    "EMPIRE",
    "CCDAPP",
    "BOOKNG",
    "FLPKTM",
    "FLPKRT",
    "FRLNCO",
    "GOZEFO",
    "PGULLY",
    "LNKART",
    "LAKSHP",
    "LANDMK",
    "DAILYO",
    "LNSKRT",
    "OLXIND",
    "XIAOMI",
    "TAOBAO",
    "SNAPDL",
    "HOUSJY",
    "HOUSEJ",
    "HSEJOY",
    "HSJJOY",
    "HOSEJY",
    "BWKOOF",
    "HIPBAR",
    "UBCLAP",
    "SHOPCL",
    "FCHRGE",
    "MYNTRA",
    "CNNNOW",
    "MYUSPA",
    "CENTPB",
    "CENTRL",
    "BFCTRY",
    "ADIDAS",
    "BATAIN",
    "FMJEAN",
    "EDHRDY",
    "VANHEU",
    "WRNGLR",
    "WRANGR",
    "MSOLLY",
    "PLFSHN",
    "ZIVAME",
    "SPLASH",
    "LEVISL",
    "BDYSHP",
    "PANTLS",
    "MAXFSN",
    "MAXFSH",
    "LIFSTL",
    "LMSHOP",
    "SSLCYB",
    "EWROGN",
    "FABIND",
    "KOOVSS",
    "MADDEN",
    "FOSSIL",
    "CHUMBK",
    "JABONG",
    "GAPIND",
    "REDWLF",
    "LEEJNS",
    "098067",
    "DRIVEU",
    "ZOOMER",
    "ZOOMCR",
    "UBERIN",
    "UBERNE",
    "UBERHY",
    "OLACBS",
    "OLACAB",
    "OLASHR",
    "OLAUTO",
    "MMTRIP",
    "MMTAPP",
    "YURBUS",
    "KERALA",
    "KRLLNS",
    "TREEBO",
    "AYATRA",
    "REDBUS",
    "ORGTRV",
    "ORANGE",
    "017113",
    "ABIBUS",
    "EASEMY",
    "GOIBIB",
    "YATRAA",
    "SPCJET",
    "SPICEJ",
    "AIRTKT",
    "FLIGHT",
    "TRAVEL",
    "ARASIA",
    "INDIGO",
    "OYORMS",
    "KSRTCC",
    "CLRTRP",
    "MKMYTR",
    "NETFLX",
    "INSIDR",
    "COMCON",
    "TKTNEW",
    "PVRCIN",
    "BPLAYO",
    "OVKAAO",
    "BMSHOW",
    "NOBRKR",
    "MGCBRK",
    "BIGBZR",
    "RDIGIT",
    "CLMORE",
    "ECROMA",
    "SULEKH",
    "ITLULU",
    "PAYBAK",
    "EPFOHO",
    "ITDCPC",
    "MYGOVT",
    "MANIPL",
    "BHAIFI",
    "MEDPLS",
    "NETMED",
    "IRSMSA",
    "APOLLO",
    "ITDEPT",
    "PMMODI",
    "NAUKRI",
    "ARWSVC",
    "AIREXP",
    "AIROTP",
    "AIRINF",
    "ARWINF",
    "AIRDTH",
    "AIRDTV",
    "VFCARE",
    "VDFONE",
    "METNET",
    "DOCOMO",
    "JIOPAY",
    "ACTTEL",
    "DAFONE",
    "AIRCEL",
    "BSNLKL",
    "BSNLPB",
    "BSNLBB",
    "BSNLKT",
    "BSNLDC",
    "MYTSKY",
    "VIDDTH",
    "SUNDTH",
    "DISHTV",
    "BILINF",
    "TATAPR",
    "HATHWY",
    "BESCOM",
    "BSESRP",
    "BSESYP",
    "DGVCLG",
    "MGVCLG",
    "UGVCLG",
    "PGVCLG",
    "UPPCLT",
    "TSSPDC",
    "CESCLM",
    "CULTFT",
    "FTRNTY",
    "BENTTN",
    "LGATEU",
    "AERONY",
    "SPFBLR",
    "SPFBOM",
    "CLAIRE",
    "SOCHTM",
    "TANSHQ",
    "KAZOFN",
    "ANDSMS",
    "ANDVTG",
    "PEOPLE",
    "FASTRK",
    "YLGSLN",
    "YLGSNS",
    "LZYPAY",
    "EVHIGH"
  ],
  "GRM_DELIVERY": [
    "AMAZON",
    "FLPKRT",
    "MYNTRA",
    "JABONG",
    "GATIXX",
    "XPBEES"
  ]
}