[
  {
    "senderIds": [
      "AIRDTH",
      "JIOPAY"
    ],
    "baseFilterName": "GRM_BILL",
    "overrideFilter": {
      "requiredValues": [
        {
          "columnName": "k",
          "columnValues": [
            "payment_notif"
          ]
        }
      ]
    }
  },
  {
    "senderIds": [
      "DISHTV"
    ],
    "baseFilterName": "GRM_BILL",
    "overrideFilter": {
      "requiredValues": [
        {
          "columnName": "k",
          "columnValues": [
            "bill_status"
          ]
        }
      ]
    }
  },
  {
    "senderIds": [
      "DISHTV",
      "BESCOM",
      "BILINF",
      "BSESRP",
      "BSESYP",
      "DHBVNL",
      "MSEDCL",
      "SNDLTD",
      "TPDDLD",
      "UHBVNL",
      "ACTGRP",
      "HATHWY",
      "SPCTRA",
      "BSNLCF",
      "SPETRA"
    ],
    "baseFilterName": "GRM_BILL"
  },
  {
    "senderIds": [
      "MYTSKY",
      "CESCLM",
      "CSPDCL",
      "JHBVNL",
      "IGLDEL",
      "MNGLPU",
      "TIKONA"
    ],
    "baseFilterName": "GRM_BILL",
    "overrideFilter": {
      "requiredColumns": [
        "val3"
      ]
    }
  },
  {
    "senderIds": [
      "GUJGAS",
      "VFCARE",
      "VICARE"
    ],
    "baseFilterName": "GRM_BILL",
    "overrideFilter": {
      "requiredValues": [
        {
          "columnName": "k",
          "columnValues": [
            "payment_due",
            "payment_notif"
          ]
        }
      ],
      "requiredColumns": [
        "val3"
      ]
    }
  },
  {
    "senderIds": [
      "MGLLTD",
      "HMWSSB"
    ],
    "baseFilterName": "GRM_BILL",
    "overrideFilter": {
      "requiredValues": [
        {
          "columnName": "k",
          "columnValues": [
            "payment_due",
            "payment_notif"
          ]
        }
      ],
      "requiredColumns": [
        "val1",
        "val3"
      ]
    }
  },
  {
    "senderIds": [
      "AIRBIL"
    ],
    "baseFilterName": "GRM_BILL",
    "overrideFilter": {
      "requiredValues": [
        {
          "columnName": "k",
          "columnValues": [
            "payment_due",
            "bill_status"
          ]
        }
      ],
      "requiredColumns": [
        "val1",
        "val3"
      ]
    }
  },
  {
    "senderIds": [
      "JIOINF",
      "JIONET",
      "620016",
      "AIRTEL",
      "650001",
      "650002",
      "650003",
      "650004",
      "650005",
      "650006",
      "650007",
      "650009",
      "650012",
      "650013",
      "650014",
      "650015",
      "650016",
      "650018",
      "650019",
      "121",
      "VDFONE",
      "VODAFONE",
      "DAFONE",
      "VICARE",
      "VFCARE",
      "CTOPUP"
    ],
    "baseFilterName": "GRM_BILL",
    "overrideFilter": {
      "requiredValues": [
        {
          "columnName": "k",
          "columnValues": [
            "recharge_expiry",
            "prepaid_bill"
          ]
        }
      ],
      "requiredColumns": []
    }
  },
  {
    "senderIds": [
      "SBIUPI",
      "SBIPSG",
      "ATMSBI",
      "SBICRD",
      "SBIINB",
      "HDFCBK",
      "ICICIB",
      "AXISBK",
      "CITIBK",
      "BOBTXN",
      "BOBCRD",
      "BOBSMS",
      "BOIIND",
      "BOITXN",
      "CANBNK",
      "CENTBK",
      "PNBSMS",
      "PNBCCD",
      "PNBCRC",
      "UNIONB",
      "IPAYTM",
      "YESBNK",
      "KOTAKB",
      "SODEXO",
      "CBSSBI",
      "DBSBNK",
      "INDUSB",
      "MYAMEX",
      "SBIBNK",
      "SBMSMS",
      "IOBCHN",
      "INDBNK",
      "MAHABK",
      "UCOBNK",
      "JKBANK",
      "PAYTMB",
      "AIRBNK",
      "IDBIBK",
      "BDNSMS",
      "KBLBNK",
      "INBUPI",
      "FEDBNK",
      "DOPBNK",
      "111000",
      "NMPKSB",
      "GSBANK",
      "FFCCSL",
      "UDYBNK",
      "BILBNK",
      "ZETAMB",
      "KDPCCB",
      "CITIBA",
      "CITIBN",
      "CREDIN",
      "TJUPIS",
      "LVBANK",
      "TGBEBK",
      "TMBANK",
      "CUBLTD",
      "FAMPAY",
      "CUBANK",
      "DOMBNK",
      "KVBUPI",
      "SCBANK",
      "COSMOS",
      "KVBANK",
      "ACBLBK",
      "APGBBK",
      "BCBANK",
      "DHANBK",
      "SARBNK",
      "SVCBNK",
      "NSDLTN",
      "TJSBSB",
      "BCCBNK",
      "PAYZAP",
      "NKGSBK",
      "KVGBBK",
      "BRKGBX",
      "HDBFSL",
      "OBCBNK",
      "VVSBNK",
      "JJSBNK",
      "VIJBNK",
      "ESAFSF",
      "SPCBBK",
      "ALBANK",
      "JSBLPN",
      "BHRTPE",
      "DBALRT",
      "UJJIVN",
      "SIBSMS",

      "MPESA",
      "KCB",
      "DTB",
      "OPBANK",
      "A_BANK",
      "SA_BANK",
      "Y_BANK",
      "LYBANK",
      "NBK",
      "DMBANK",
      "PAYLTD",
      "M-KOPA",
      "SHWARI",
      "TANBIC",
      "LMONEY",
      "BALOOP",
      "STBANK",
      "LFBANK",
      "MEBANK",
      "SSBANK",
      "ANBANK"
    ],
    "baseFilterName": "GRM_BANK"
  },
  {
    "senderIds": [
      "*"
    ],
    "baseFilterName": "GRM_OTP"
  },
  {
    "senderIds": [
      "MMTRIP",
      "YATRAA",
      "MIXIGO",
      "GOIBIB",
      "IPAYTM"
    ],
    "baseFilterName": "GRM_TRAVEL"
  },
  {
    "senderIds": [
      "IRCTCA",
      "IRCTCB",
      "IRCTCC",
      "IRCTCE",
      "IRCTCF",
      "IRCTCI",
      "IRCTCK",
      "IRCTCL",
      "IRCTCM",
      "IRCTCO",
      "IRCTCS",
      "IRCTCT"
    ],
    "baseFilterName": "GRM_TRAVEL",
    "overrideFilter": {
      "requiredValues": [
        {
          "columnName": "k",
          "columnValues": [
            "Train",
            "train"
          ]
        }
      ],
      "requiredColumns": [
        "p",
        "c",
        "o",
        "val2",
        "datetime"
      ]
    }
  },
  {
    "senderIds": [
      "REDBUS",
      "KSRTCC",
      "MKSRTC"
    ],
    "baseFilterName": "GRM_TRAVEL",
    "overrideFilter": {
      "requiredValues": [
        {
          "columnName": "k",
          "columnValues": [
            "Bus",
            "bus"
          ]
        }
      ]
    }
  },
  {
    "senderIds": [
      "INDIGO",
      "ARASIA",
      "VISTAR",
      "GOAIRL",
      "SPICEJ"
    ],
    "baseFilterName": "GRM_TRAVEL",
    "overrideFilter": {
      "requiredValues": [
        {
          "columnName": "k",
          "columnValues": [
            "Flight",
            "flight"
          ]
        }
      ]
    }
  },
  {
    "senderIds": [
      "INDIGO",
      "ARASIA",
      "VISTAR",
      "GOAIRL",
      "SPICEJ",
      "REDBUS",
      "KSRTCC",
      "MKSRTC",
      "IRCTCA",
      "IRCTCB",
      "IRCTCC",
      "IRCTCE",
      "IRCTCF",
      "IRCTCI",
      "IRCTCK",
      "IRCTCL",
      "IRCTCM",
      "IRCTCO",
      "IRCTCS",
      "IRCTCT",
      "MMTRIP",
      "YATRAA",
      "IPAYTM",
      "MIXIGO",
      "GOIBIB"
    ],
    "baseFilterName": "GRM_TRAVEL",
    "overrideFilter": {
      "requiredValues": [
        {
          "columnName": "k",
          "columnValues": [
            "Alert",
            "alert"
          ]
        }
      ],
      "requiredColumns": [
        "o",
        "f"
      ],
      "optionalColumns": [
        "p",
        "c",
        "g",
        "s",
        "val1",
        "val2",
        "val3",
        "val4",
        "dff_val1",
        "dff_val4",
        "dff_val5"
      ]
    }
  },
  {
    "senderIds": [
      "SBIUPI",
      "SBIPSG",
      "CBSSBI",
      "SCISMS",
      "ATMSBI",
      "SBICRD",
      "SBIINB",
      "HDFCBK",
      "ICICIB",
      "AXISBK",
      "CITIBK",
      "BOBTXN",
      "BOBCRD",
      "BOBSMS",
      "BOIIND",
      "BOITXN",
      "CANBNK",
      "CENTBK",
      "PNBSMS",
      "PNBCCD",
      "PNBCRC",
      "UNIONB",
      "MYAMEX"
    ],
    "baseFilterName": "GRM_BILL",
    "overrideFilter": {
      "requiredValues": [
        {
          "columnName": "k",
          "columnValues": [
            "payment_due",
            "payment_notif"
          ]
        },
        {
          "columnName": "o",
          "columnValues": [
            "creditcard"
          ]
        }
      ],
      "requiredColumns": [
        "val1",
        "val3"
      ]
    }
  },
  {
    "senderIds": [
      "AMAZON",
      "MYNTRA",
      "FLPKRT",
      "EKARTL"
    ],
    "baseFilterName": "GRM_DELIVERY"
  }
]