{
  "type": "Bank",
  "senders": [
    {
      "tags": [
        "centbk"
      ],
      "formats": [
        {
          "messageFormat": "(account\\snumber|account\\sno|a/c\\snumber|a/c\\sno.|a/c\\sno|account|acct|a/c)(\\s*)([\\d*x]*([x*\\d]{4}))(\\s*) .*?credited (by|for) (Rs|INR|Re)([\\.]?\\s*)(([0-9]+(,[0-9]+)*)?(\\.[0-9]{1,2})?)(\\s*)(a/c\\sbalance|avl\\sbalance|avl\\sbal|total\\sbal|avbl\\sbal|updated balance|Avail.bal|avail\\sbal|available\\sbal|available\\sbalance|balance).*?(Rs|INR|Re)(:|\\.\\s*)((-|\\s*)(-|())([0-9]+(,[0-9]+)*)?(\\.[0-9]{1,2})?).*?(clear\\sbalance|clear\\sbal|clr\\sbalance|clr\\sbal|bal)(.*?)(Rs|INR|Re)(:|\\.\\s*)((-|\\s*)(-|())([0-9]+(,[0-9]+)*)?(\\.[0-9]{1,2})?).*",
          "reminderType": "ACCOUNT",
          "title": "Central Bank of India",
          "messageType": "CREDIT",
          "attributes": [
            {
              "name": "initiator_account_number",
              "groups": [
                4
              ],
              "dataType": "TEXT"
            },
            {
              "name": "amount",
              "groups": [
                9
              ],
              "dataType": "NUMBER"
            },
            {
              "name": "available_balance",
              "groups": [
                17
              ],
              "dataType": "TEXT"
            },
            {
              "name": "clear_balance",
              "groups": [
                28
              ],
              "dataType": "TEXT"
            }
          ],
          "notificationAttributes": [
            {
              "name": "subText",
              "prefix": "Central Bank of India account ",
              "attributeIndex": 0,
              "value": "Central Bank of India"
            },
            {
              "name": "contentTitle",
              "prefix": "A/c credited \u20B9",
              "attributeIndex": 1,
              "value": "Credit"
            },
            {
              "name": "contentText",
              "prefix": "Available balance \u20B9",
              "attributeIndex": 2,
              "value": ""
            }
          ]
        },
        {
          "messageFormat": "dear customer, (cheque\\sno|cheque\\snumber|check\\sno|cheque):(([0-9]+(,[0-9]+)*)?(\\.[0-9]{1,2})?).*?(Rs|INR|Re)([\\.]?\\s*)(([0-9]+(,[0-9]+)*)?(\\.[0-9]{1,2})?).*?credited.*?(account\\snumber|account\\sno|a/c\\snumber|a/c\\sno.|a/c\\sno|account|acct|a/c)(\\s*)([\\d*x]*([x*\\d]{4}))\\son\\s(\\d{1,2})(-|/)(\\d{1,2}|[a-z]{3,9})(-|/)(\\d{1,4}).*?(a/c\\sbalance|avl\\sbalance|avl\\sbal|total\\sbal|avbl\\sbal|updated balance|Avail.bal|avail\\sbal|available\\sbal|available\\sbalance|avl. bal|balance)(:|\\.|\\s*)((-|\\s*)(-|\\s*)([0-9]+(,[0-9]+)*)?(\\.[0-9]{1,2})?).*",
          "reminderType": "ACCOUNT",
          "title": "Central Bank of India",
          "messageType": "CREDIT",
          "attributes": [
            {
              "name": "cheque_number",
              "groups": [
                2
              ],
              "dataType": "TEXT"
            },
            {
              "name": "amount",
              "groups": [
                8
              ],
              "dataType": "NUMBER"
            },
            {
              "name": "receiver_account_number",
              "groups": [
                15
              ],
              "dataType": "TEXT"
            },
            {
              "name": "date",
              "groups": [
                16,
                18,
                20
              ],
              "dataType": "DATE"
            },
            {
              "name": "balance",
              "groups": [
                23
              ],
              "dataType": "TEXT"
            }
          ],
          "notificationAttributes": [
            {
              "name": "subText",
              "prefix": "Central Bank of India account ",
              "attributeIndex": 2,
              "value": "Central Bank of India"
            },
            {
              "name": "contentTitle",
              "prefix": "A/c credited \u20B9",
              "attributeIndex": 1,
              "value": "Credit"
            },
            {
              "name": "contentText",
              "prefix": "Available balance \u20B9",
              "attributeIndex": 4,
              "value": ""
            }
          ]
        },
        {
          "messageFormat": "dear customer(.*?)(account\\snumber|account\\sno|a/c\\snumber|a/c\\sno.|a/c\\sno|account|acct|a/c)(\\s*)([\\d*x]*([x*\\d]{4}))(\\s*).*?credited (by|with) (Rs|INR|Re)([\\.]?\\s*)(([0-9]+(,[0-9]+)*)?(\\.[0-9]{1,4})?).*?on\\s(\\d{1,2})(-|/)(\\d{1,2}|[a-z]{3,9})(-|/)(\\d{1,4}).*",
          "reminderType": "ACCOUNT",
          "title": "Central Bank of India",
          "messageType": "CREDIT",
          "attributes": [
            {
              "name": "account_number",
              "groups": [
                5
              ],
              "dataType": "TEXT"
            },
            {
              "name": "amount",
              "groups": [
                10
              ],
              "dataType": "NUMBER"
            },
            {
              "name": "date",
              "groups": [
                14,
                16,
                18
              ],
              "dataType": "DATE"
            }
          ],
          "notificationAttributes": [
            {
              "name": "subText",
              "prefix": "Central Bank of India account ",
              "attributeIndex": 0,
              "value": "Central Bank of India"
            },
            {
              "name": "contentTitle",
              "prefix": "A/c credited \u20B9",
              "attributeIndex": 1,
              "value": "Credit"
            },
            {
              "name": "contentText",
              "prefix": "on ",
              "attributeIndex": 2,
              "value": "Funds transfer"
            }
          ]
        },
        {
          "messageFormat": "neft transaction with (Ref no.|Reference no|Ref number|Ref no|Reference number)(\\s+)(.*)\\s(by|for) (Rs|INR|Re)([\\.]?\\s*)(([0-9]+(,[0-9]+)*)?(\\.[0-9]{1,2})?)(.*?)credited(.*?)(account\\snumber|account\\sno|a/c\\snumber|a/c\\sno.|a/c\\sno|account|acct|a/c)(\\s*)on\\s*(\\d{1,2})(-|/)(\\d{1,2}|[a-z]{3,9})(-|/)(\\d{1,4}).*",
          "reminderType": "ACCOUNT",
          "title": "Central Bank of India",
          "messageType": "DEBIT",
          "attributes": [
            {
              "name": "reference_number",
              "groups": [
                3
              ],
              "dataType": "TEXT"
            },
            {
              "name": "amount",
              "groups": [
                7
              ],
              "dataType": "NUMBER"
            },
            {
              "name": "date",
              "groups": [
                15,
                17,
                19
              ],
              "dataType": "DATE"
            }
          ],
          "notificationAttributes": [
            {
              "name": "subText",
              "prefix": "",
              "attributeIndex": -1,
              "value": "Central Bank of India"
            },
            {
              "name": "contentTitle",
              "prefix": "A/c debited \u20B9",
              "attributeIndex": 1,
              "value": "Debit"
            },
            {
              "name": "contentText",
              "prefix": "",
              "attributeIndex": -1,
              "value": "NEFT"
            }
          ]
        },
        {
          "messageFormat": "thank you for your payment of (Rs|INR|Re)([\\.]?\\s*)(([0-9]+(,[0-9]+)*)?(\\.[0-9]{1,2})?)(.*?)received by (.*) and credited to (.*)",
          "reminderType": "CREDIT_CARD",
          "title": "Central Bank of India",
          "messageType": "PAYMENT",
          "attributes": [
            {
              "name": "amount",
              "groups": [
                3
              ],
              "dataType": "NUMBER"
            }
          ],
          "notificationAttributes": [
            {
              "name": "subText",
              "prefix": "",
              "attributeIndex": -1,
              "value": "Central Bank of India"
            },
            {
              "name": "contentTitle",
              "prefix": "Payment received \u20B9",
              "attributeIndex": 0,
              "value": "Payment done"
            },
            {
              "name": "contentText",
              "prefix": "",
              "attributeIndex": -1,
              "value": "For credit card"
            }
          ]
        },
        {
          "messageFormat": "(account\\snumber|account\\sno|a/c\\snumber|a/c\\sno.|a/c\\sno|account|acct|a/c)(\\s*)([\\d*x]*([x*\\d]{4})).*?debited (by|for|with) (Rs|INR|Re)([\\.]?\\s*)(([0-9]+(,[0-9]+)*)?(\\.[0-9]{1,2})?) (a/c\\sbalance|avl\\sbalance|avl\\sbal|total\\sbal|avbl\\sbal|updated balance|Avail.bal|avail\\sbal|available\\sbal|available\\sbalance|avl. bal|balance).*?(Rs|INR|Re)(:|\\.|\\s*)((-|\\s*)(-|())([0-9]+(,[0-9]+)*)?(\\.[0-9]{1,2})?).*?(clear\\sbalance|clear\\sbal|clr\\sbalance|clr\\sbal|bal)(.*?)(Rs|INR|Re)(:|\\.|\\s*)((-|\\s*)(-|())([0-9]+(,[0-9]+)*)?(\\.[0-9]{1,2})?).*",
          "reminderType": "ACCOUNT",
          "title": "Central Bank of India",
          "messageType": "DEBIT",
          "attributes": [
            {
              "name": "initiator_account_number",
              "groups": [
                4
              ],
              "dataType": "TEXT"
            },
            {
              "name": "amount",
              "groups": [
                8
              ],
              "dataType": "NUMBER"
            },
            {
              "name": "available_balance",
              "groups": [
                15
              ],
              "dataType": "TEXT"
            },
            {
              "name": "clear_balance",
              "groups": [
                26
              ],
              "dataType": "TEXT"
            }
          ],
          "notificationAttributes": [
            {
              "name": "subText",
              "prefix": "Central Bank of India account ",
              "attributeIndex": 0,
              "value": "Central Bank of India"
            },
            {
              "name": "contentTitle",
              "prefix": "A/c debited \u20B9",
              "attributeIndex": 1,
              "value": "Debit"
            },
            {
              "name": "contentText",
              "prefix": "Available balance \u20B9",
              "attributeIndex": 2,
              "value": ""
            }
          ]
        },
        {
          "messageFormat": "(account\\snumber|account\\sno|a/c\\snumber|a/c\\sno.|a/c\\sno|account|acct|a/c)(\\s*)([\\d*x]*([x*\\d]{4})).*?debited.*?NEFT.*?(Rs|INR|Re)([\\.]?\\s*)(([0-9]+(,[0-9]+)*)?(\\.[0-9]{1,2})?) to (.*),(.*?)(Reference number|Reference no| Ref number| Ref no)(\\s*)(:)(\\s*)(.*)\\s(-)(.*?)(\\s*)(.*)",
          "reminderType": "ACCOUNT",
          "title": "Central Bank of India",
          "messageType": "DEBIT",
          "attributes": [
            {
              "name": "initiator_account_number",
              "groups": [
                4
              ],
              "dataType": "TEXT"
            },
            {
              "name": "amount",
              "groups": [
                8
              ],
              "dataType": "NUMBER"
            },
            {
              "name": "reference_number",
              "groups": [
                18
              ],
              "dataType": "TEXT"
            }
          ],
          "notificationAttributes": [
            {
              "name": "subText",
              "prefix": "Central Bank of India account ",
              "attributeIndex": 0,
              "value": "Central Bank of India"
            },
            {
              "name": "contentTitle",
              "prefix": "A/c debited \u20B9",
              "attributeIndex": 1,
              "value": "Debit"
            },
            {
              "name": "contentText",
              "prefix": "",
              "attributeIndex": -1,
              "value": "NEFT"
            }
          ]
        },
        {
          "messageFormat": "your (account\\snumber|account\\sno|a/c\\snumber|a/c\\sno.|a/c\\sno|account|acct|a/c)(\\s*)([\\d*x]*([x*\\d]{4})).*?debited (by|for|with) (Rs|INR|Re)([\\.]?\\s*)(([0-9]+(,[0-9]+)*)?(\\.[0-9]{1,2})?).*?(a/c\\sbalance|avl\\sbalance|avl\\sbal|total\\sbal|avbl\\sbal|updated balance|Avail.bal|avail\\sbal|available\\sbal|available\\sbalance|avl. bal|balance|bal).*?(Rs|INR|Re)(:|\\.|\\s*)((-|\\s*)(-|())([0-9]+(,[0-9]+)*)?(\\.[0-9]{1,2})?)",
          "reminderType": "ACCOUNT",
          "title": "Central Bank of India",
          "messageType": "DEBIT",
          "attributes": [
            {
              "name": "initiator_account_number",
              "groups": [
                4
              ],
              "dataType": "TEXT"
            },
            {
              "name": "amount",
              "groups": [
                8
              ],
              "dataType": "NUMBER"
            },
            {
              "name": "balance",
              "groups": [
                15
              ],
              "dataType": "TEXT"
            }
          ],
          "notificationAttributes": [
            {
              "name": "subText",
              "prefix": "Central Bank of India account ",
              "attributeIndex": 0,
              "value": "Central Bank of India"
            },
            {
              "name": "contentTitle",
              "prefix": "A/c debited \u20B9",
              "attributeIndex": 1,
              "value": "Debit"
            },
            {
              "name": "contentText",
              "prefix": "Available balance \u20B9",
              "attributeIndex": 2,
              "value": ""
            }
          ]
        },
        {
          "messageFormat": "your (account\\snumber|account\\sno|a/c\\snumber|a/c\\sno.|a/c\\sno|account|acct|a/c)(\\s*)([\\d*x]*([x*\\d]{4})).*?debited (by|for|with) (Rs|INR|Re)([\\.]?\\s*)(([0-9]+(,[0-9]+)*)?(\\.[0-9]{1,2})?)\\son\\s(\\d{1,2})(-|/)(\\d{1,2}|[a-z]{3,9})(-|/)(\\d{1,4}).*?(account\\snumber|account\\sno|a/c\\snumber|a/c\\sno.|a/c\\sno|account|acct|a/c) linked to (mobile no(\\.|)|mob no(\\.|)|mobile number|mob number|mobile|mob(\\.|))(\\s*)([\\d*x]*([x*\\d]{4})) credited.*?((Ref no.|Reference no|Ref number|Ref no|Reference number)\\s+(\\d{0,15})).*",
          "reminderType": "ACCOUNT",
          "title": "Central Bank of India",
          "messageType": "DEBIT",
          "attributes": [
            {
              "name": "initiator_account_number",
              "groups": [
                4
              ],
              "dataType": "TEXT"
            },
            {
              "name": "amount",
              "groups": [
                8
              ],
              "dataType": "NUMBER"
            },
            {
              "name": "date",
              "groups": [
                12,
                14,
                16
              ],
              "dataType": "DATE"
            },
            {
              "name": "receiver_mobile_number",
              "groups": [
                24
              ],
              "dataType": "TEXT"
            },
            {
              "name": "reference_number",
              "groups": [
                27
              ],
              "dataType": "TEXT"
            }
          ],
          "notificationAttributes": [
            {
              "name": "subText",
              "prefix": "Central Bank of India account ",
              "attributeIndex": 0,
              "value": "Central Bank of India"
            },
            {
              "name": "contentTitle",
              "prefix": "A/c debited \u20B9",
              "attributeIndex": 1,
              "value": "Debit"
            },
            {
              "name": "contentText",
              "prefix": "",
              "attributeIndex": -1,
              "value": "IMPS"
            }
          ]
        },
        {
          "messageFormat": "your (account\\snumber|account\\sno|a/c\\snumber|a/c\\sno.|a/c\\sno|account|acct|a/c)(\\s*)([\\d*x]*([x*\\d]{4})).*?debited (by|for|with) (Rs|INR|Re)([\\.]?\\s*)(([0-9]+(,[0-9]+)*)?(\\.[0-9]{1,2})?)\\son\\s(\\d{1,2})(-|/)(\\d{1,2}|[a-z]{3,9})(-|/)(\\d{1,4}).*?(account\\snumber|account\\sno|a/c\\snumber|a/c\\sno.|a/c\\sno|account|acct|a/c).*?(\\s*)([\\d*x]*([x*\\d]{4})) credited.*?(((Ref no.|Reference no|Ref number|Ref no|Reference number)\\s+(\\d{0,15})))",
          "reminderType": "ACCOUNT",
          "title": "Central Bank of India",
          "messageType": "DEBIT",
          "attributes": [
            {
              "name": "initiator_account_number",
              "groups": [
                4
              ],
              "dataType": "TEXT"
            },
            {
              "name": "amount",
              "groups": [
                8
              ],
              "dataType": "NUMBER"
            },
            {
              "name": "date",
              "groups": [
                12,
                14,
                16
              ],
              "dataType": "DATE"
            },
            {
              "name": "receiver_account_number",
              "groups": [
                20
              ],
              "dataType": "TEXT"
            },
            {
              "name": "reference_number",
              "groups": [
                24
              ],
              "dataType": "TEXT"
            }
          ],
          "notificationAttributes": [
            {
              "name": "subText",
              "prefix": "Central Bank of India account ",
              "attributeIndex": 0,
              "value": "Central Bank of India"
            },
            {
              "name": "contentTitle",
              "prefix": "A/c debited \u20B9",
              "attributeIndex": 1,
              "value": "Debit"
            },
            {
              "name": "contentText",
              "prefix": "",
              "attributeIndex": -1,
              "value": "IMPS"
            }
          ]
        },
        {
          "messageFormat": "your vpa (([a-zA-Z0-9_\\-\\.]+)@([a-zA-Z0-9_\\-\\.]+))(\\s+).*?(account\\snumber|account\\sno(\\.|)|a/c\\snumber|a/c\\sno(\\.|)|a/c\\sno|account|acct|a/c)(\\s*)([\\d*x]*([x*\\d]{4})).*?debited (by|for|with) (Rs|INR|Re)([\\.]?\\s*)(([0-9]+(,[0-9]+)*)?(\\.[0-9]{1,2})?).*?credited to VPA (([a-zA-Z0-9_\\-\\.]+)@([a-zA-Z0-9_\\-\\.]+))(\\s+).*?((Ref no.|Reference no|Ref number|Ref no|Reference number)\\s+(\\d{0,15})).*",
          "reminderType": "UPI",
          "title": "Central Bank of India",
          "messageType": "DEBIT",
          "attributes": [
            {
              "name": "initiator_vpa",
              "groups": [
                1
              ],
              "dataType": "TEXT"
            },
            {
              "name": "initiator_account_number",
              "groups": [
                10
              ],
              "dataType": "TEXT"
            },
            {
              "name": "amount",
              "groups": [
                14
              ],
              "dataType": "NUMBER"
            },
            {
              "name": "receiver_vpa",
              "groups": [
                18
              ],
              "dataType": "TEXT"
            },
            {
              "name": "reference_number",
              "groups": [
                24
              ],
              "dataType": "TEXT"
            }
          ],
          "notificationAttributes": [
            {
              "name": "subText",
              "prefix": "Central Bank of India account ",
              "attributeIndex": 1,
              "value": "Central Bank of India"
            },
            {
              "name": "contentTitle",
              "prefix": "A/c debited \u20B9",
              "attributeIndex": 2,
              "value": "Debit"
            },
            {
              "name": "contentText",
              "prefix": "\uD83D\uDCB5 to ",
              "attributeIndex": 3,
              "value": ""
            }
          ]
        }
      ]
    }
  ],
  "iconLink": "http://assets.tcpay.in/images/tmp/sms-categorizer-avatars/cbin_sms.png"
}
