{
  "type": "Bank",
  "senders": [
    {
      "tags": [
        "citibk",
        "citiba",
        "citisg"
      ],
      "formats": [
        {
          "messageFormat": "(Rs|INR)[\\.]?\\s*(([0-9]+(,[0-9]+)*)?(\\.[0-9]{1,2})?).*?spent on your Citi (credit\\s)?card\\s(ending)?\\s*.*?[x]*(\\d{4}) on\\s(\\d{1,2})(-|/)(\\d{1,2}|[a-z]{3,9})(-|/)(\\d{2}) at\\s(.*?)\\..*?available credit\\slimit\\s.*(Rs|INR)[\\.]?\\s*(([0-9]+(,[0-9]+)*)?(\\.[0-9]{1,2})?).",
          "reminderType": "CREDIT_CARD",
          "title": "Citi Bank",
          "messageType": "PAYMENT",
          "attributes": [
            {
              "name": "AMOUNTPAID",
              "groups": [
                2
              ],
              "dataType": "NUMBER_COMMA"
            },
            {
              "name": "CC_No",
              "groups": [
                8
              ],
              "dataType": "TEXT"
            },
            {
              "name": "DATE",
              "groups": [
                9,
                11,
                13
              ],
              "dataType": "DATE"
            },
            {
              "name": "LOCATION",
              "groups": [
                14
              ],
              "dataType": "TEXT"
            },
            {
              "name": "CREDIT_LIMIT",
              "groups": [
                16
              ],
              "dataType": "NUMBER"
            }
          ],
          "notificationAttributes": [
            {
              "name": "subText",
              "prefix": "Citi credit ",
              "attributeIndex": 1,
              "value": "Citi"
            },
            {
              "name": "contentTitle",
              "prefix": "Spent \u20B9",
              "attributeIndex": 0,
              "value": "Spent"
            },
            {
              "name": "contentText",
              "prefix": "\uD83D\uDECD ",
              "attributeIndex": 3,
              "value": ""
            },
            {
              "name": "additionalText",
              "prefix": "Credit limit \u20B9",
              "attributeIndex": 4,
              "value": ""
            }
          ]
        },
        {
          "messageFormat": "cheque\\sno\\.(\\d{0,15}) (for\\s)(Rs|INR)[\\.]?\\s*(([0-9]+(,[0-9]+)*)?(\\.[0-9]{1,2})?) favoring.*?is debited from your (a/c no|account No)\\.\\s+[x]+(\\d{0,10}) on (\\d{1,2})(-|/)(\\d{1,2}|[a-z]{3,9})(-|/)(\\d{1,4}).(a/c\\sbalance\\sis\\s)(Rs|INR)[\\.]?\\s*(([0-9]+(,[0-9]+)*)?(\\.[0-9]{1,2})?)",
          "reminderType": "ACCOUNT",
          "title": "Citi Bank",
          "messageType": "DEBIT",
          "attributes": [
            {
              "name": "CHEQUE NO",
              "groups": [
                1
              ],
              "dataType": "NUMBER"
            },
            {
              "name": "DEBITED AMOUNT",
              "groups": [
                4
              ],
              "dataType": "NUMBER"
            },
            {
              "name": "ACCOUNT_No",
              "groups": [
                9
              ],
              "dataType": "TEXT"
            },
            {
              "name": "DATE",
              "groups": [
                10,
                12,
                14
              ],
              "dataType": "DATE"
            },
            {
              "name": "ACCOUNT_BALANCE",
              "groups": [
                17
              ],
              "dataType": "NUMBER"
            }
          ],
          "notificationAttributes": [
            {
              "name": "subText",
              "prefix": "Citi account xx",
              "attributeIndex": 2,
              "value": "Citi"
            },
            {
              "name": "contentTitle",
              "prefix": "A/c debited \u20B9",
              "attributeIndex": 1,
              "value": "Amount debited"
            },
            {
              "name": "contentText",
              "prefix": "Available balance \u20B9",
              "attributeIndex": 4,
              "value": ""
            }
          ]
        },
        {
          "messageFormat": "As on (\\d{1,2})(-|/)(\\d{1,2}|[a-z]{3,9})(-|/)(\\d{1,4}), balance in your Citibank (account\\snumber|account\\sno|a/c\\snumber|a/c\\sno)\\.\\s+[x]+(\\d{0,10}) is (Rs|INR)[\\.]?\\s*(([0-9]+(,[0-9]+)*)?(\\.[0-9]{1,2})?).",
          "reminderType": "ACCOUNT",
          "title": "Citi Bank",
          "messageType": "BALANCE",
          "attributes": [
            {
              "name": "BALANCE",
              "groups": [
                9
              ],
              "dataType": "NUMBER"
            },
            {
              "name": "ACCOUNT_NO",
              "groups": [
                7
              ],
              "dataType": "TEXT"
            },
            {
              "name": "DATE",
              "groups": [
                1,
                3,
                5
              ],
              "dataType": "DATE"
            }
          ],
          "notificationAttributes": [
            {
              "name": "subText",
              "prefix": "Citi account xx",
              "attributeIndex": 1,
              "value": "Citi"
            },
            {
              "name": "contentTitle",
              "prefix": "Available balance \u20B9",
              "attributeIndex": 0,
              "value": "Balance"
            },
            {
              "name": "contentText",
              "prefix": "as on ",
              "attributeIndex": 2,
              "value": ""
            }
          ]
        },
        {
          "messageFormat": "You have received a credit in [x]+(\\d{0,10}) for.*?(Rs|INR)[\\.]?\\s*(([0-9]+(,[0-9]+)*)?(\\.[0-9]{1,2})?) from NEFT IN.*?via NEFT / RTGS on (\\d{1,2})(-|/)(\\d{1,2}|[a-z]{3,9})(-|/)(\\d{1,4}). A/c Balance.*(Rs|INR)[\\.]?\\s*(([0-9]+(,[0-9]+)*)?(\\.[0-9]{1,2})?)",
          "reminderType": "ACCOUNT",
          "title": "Citi Bank",
          "messageType": "CREDIT",
          "attributes": [
            {
              "name": "ACCOUNT BALANCE",
              "groups": [
                13
              ],
              "dataType": "NUMBER_COMMA"
            },
            {
              "name": "AMOUNT CREDITED",
              "groups": [
                3
              ],
              "dataType": "NUMBER_COMMA"
            },
            {
              "name": "ACCOUNT No",
              "groups": [
                1
              ],
              "dataType": "TEXT"
            },
            {
              "name": "DATE",
              "groups": [
                7,
                9,
                11
              ],
              "dataType": "DATE"
            }
          ],
          "notificationAttributes": [
            {
              "name": "subText",
              "prefix": "Citi account ",
              "attributeIndex": 2,
              "value": "Citi"
            },
            {
              "name": "contentTitle",
              "prefix": "A/c credited \u20B9",
              "attributeIndex": 1,
              "value": "Credit"
            },
            {
              "name": "contentText",
              "prefix": "",
              "attributeIndex": -1,
              "value": "NEFT"
            },
            {
              "name": "additionalText",
              "prefix": "Available balance \u20B9",
              "attributeIndex": 0,
              "value": ""
            }
          ]
        },
        {
          "messageFormat": "Mini Statement for card\\s*[*x]+(\\d*).*?Total\\s*Due\\s*(Rs|INR)[\\.]?\\s*(([0-9]+(,[0-9]+)*)?(\\.[0-9]{1,2})?).*?Minimum\\s*Due\\s*(Rs|INR)[\\.]?\\s*(([0-9]+(,[0-9]+)*)?(\\.[0-9]{1,2})?).*?Payment due (on\\s)?(\\d{1,2})(-|/)(\\d{1,2}|[a-z]{3,9})(-|/)(\\d{1,4}).",
          "reminderType": "CREDIT_CARD",
          "title": "Citi Bank",
          "messageType": "NEW_BILL",
          "attributes": [
            {
              "name": "BillAmount",
              "groups": [
                3
              ],
              "dataType": "NUMBER"
            },
            {
              "name": "MinDueAmount",
              "groups": [
                8
              ],
              "dataType": "NUMBER"
            },
            {
              "name": "DueDate",
              "groups": [
                13,
                15,
                17
              ],
              "dataType": "DATE"
            },
            {
              "name": "CC_No",
              "groups": [
                1
              ],
              "dataType": "TEXT"
            }
          ],
          "notificationAttributes": [
            {
              "name": "subText",
              "prefix": "Citi credit ",
              "attributeIndex": 3,
              "value": "Citi"
            },
            {
              "name": "contentTitle",
              "prefix": "Bill due for \u20B9",
              "attributeIndex": 0,
              "value": "Bill due"
            },
            {
              "name": "contentText",
              "prefix": "Due on ",
              "attributeIndex": 2,
              "value": ""
            },
            {
              "name": "additionalText",
              "prefix": "Min due \u20B9",
              "attributeIndex": 1,
              "value": ""
            }
          ],
          "cardAttributes": [
            {
              "name": "title1",
              "prefix": "Due \u20B9",
              "attributeIndex": 0,
              "value": "Bill due"
            },
            {
              "name": "title2",
              "prefix": "Min \u20B9",
              "attributeIndex": 1,
              "value": ""
            },
            {
              "name": "subtitle1",
              "prefix": "Citi credit ",
              "attributeIndex": 3,
              "value": ""
            },
            {
              "name": "action1",
              "prefix": "",
              "attributeIndex": -1,
              "value": "Pay now"
            },
            {
              "name": "action2",
              "prefix": "",
              "attributeIndex": -1,
              "value": "Paid"
            }
          ]
        },
        {
          "messageFormat": "Your Citibank A/c has been debited\\swith\\s(Rs|INR)[\\.]?\\s*(([0-9]+(,[0-9]+)*)?(\\.[0-9]{1,2})?) on\\s(\\d{1,2})(-|/)(\\d{1,2}|[a-z]{3,9})(-|/)(\\d{1,4}) at .*? and account\\s(.*?@.*?\\w*).*?credited.",
          "reminderType": "UPI",
          "title": "Citi Bank",
          "messageType": "DEBIT",
          "attributes": [
            {
              "name": "AMOUNT DEBITED",
              "groups": [
                2
              ],
              "dataType": "NUMBER_COMMA"
            },
            {
              "name": "DATE",
              "groups": [
                6,
                8,
                10
              ],
              "dataType": "DATE"
            },
            {
              "name": "CREDITED",
              "groups": [
                11
              ],
              "dataType": "TEXT"
            }
          ],
          "notificationAttributes": [
            {
              "name": "subText",
              "prefix": "",
              "attributeIndex": -1,
              "value": "Citi"
            },
            {
              "name": "contentTitle",
              "prefix": "A/c debited \u20B9",
              "attributeIndex": 0,
              "value": "Debit"
            },
            {
              "name": "contentText",
              "prefix": "\uD83D\uDCB5 to ",
              "attributeIndex": 2,
              "value": ""
            }
          ]
        },
        {
          "messageFormat": "Your request on (\\d{1,2})(-|/)(\\d{1,2}|[a-z]{3,9})(-|/)(\\d{1,4}) to pay\\s*(Rs|INR)[\\.]?\\s*(([0-9]+(,[0-9]+)*)?(\\.[0-9]{1,2})?) from (a/c|account)\\s*[x]+(\\d*) to.*?accepted.*?The a/c\\s*balance\\s*.*?(Rs|INR)[\\.]?\\s*(([0-9]+(,[0-9]+)*)?(\\.[0-9]{1,2})?)",
          "reminderType": "ACCOUNT",
          "title": "Citi Bank",
          "messageType": "DEBIT",
          "attributes": [
            {
              "name": "AmountPaid",
              "groups": [
                7
              ],
              "dataType": "NUMBER_COMMA"
            },
            {
              "name": "ACCOUNT_No",
              "groups": [
                12
              ],
              "dataType": "TEXT"
            },
            {
              "name": "DATE",
              "groups": [
                1,
                3,
                5
              ],
              "dataType": "DATE"
            },
            {
              "name": "ACCOUNT_BALANCE",
              "groups": [
                14
              ],
              "dataType": "NUMBER"
            }
          ],
          "notificationAttributes": [
            {
              "name": "subText",
              "prefix": "Citi account xx",
              "attributeIndex": 1,
              "value": "Citi"
            },
            {
              "name": "contentTitle",
              "prefix": "A/c debited \u20B9",
              "attributeIndex": 0,
              "value": "Debit"
            },
            {
              "name": "contentText",
              "prefix": "Available balance \u20B9",
              "attributeIndex": 3,
              "value": ""
            }
          ]
        },
        {
          "messageFormat": "Payment of (Rs|INR)[\\.]?\\s*(([0-9]+(,[0-9]+)*)?(\\.[0-9]{1,2})?).*(received) for card\\s*number\\s*[*]+(\\d*) on (\\d{1,2})(-|/)(\\d{1,2}|[a-z]{3,9})(-|/)(\\d{1,4}) as per your Standing Instruction.*?Your available (credit\\slimit).*(Rs|INR)[\\.]?\\s*(([0-9]+(,[0-9]+)*)?(\\.[0-9]{1,2})?)",
          "reminderType": "CREDIT_CARD",
          "title": "Citi Bank",
          "messageType": "PAYMENT",
          "attributes": [
            {
              "name": "AmountPaid",
              "groups": [
                2
              ],
              "dataType": "NUMBER_COMMA"
            },
            {
              "name": "CREDIT_CARD",
              "groups": [
                7
              ],
              "dataType": "TEXT"
            },
            {
              "name": "DATE",
              "groups": [
                8,
                10,
                12
              ],
              "dataType": "DATE"
            },
            {
              "name": "CREDIT_LIMIT",
              "groups": [
                15
              ],
              "dataType": "NUMBER"
            }
          ],
          "notificationAttributes": [
            {
              "name": "subText",
              "prefix": "Citi credit ",
              "attributeIndex": 1,
              "value": "Citi"
            },
            {
              "name": "contentTitle",
              "prefix": "Payment received \u20B9",
              "attributeIndex": 0,
              "value": "Payment done"
            },
            {
              "name": "contentText",
              "prefix": "Credit limit \u20B9",
              "attributeIndex": 3,
              "value": ""
            }
          ]
        },
        {
          "messageFormat": "Your (account\\snumber|account\\sno|a/c\\snumber|a/c\\sno)\\.[x]+(\\d{0,10}) is credited\\sby\\s(Rs|INR)[\\.]?\\s*(([0-9]+(,[0-9]+)*)?(\\.[0-9]{1,2})?) on (\\d{1,2})(-|/)(\\d{1,2}|[a-z]{3,9})(-|/)(\\d{1,4}) by a/c linked to mobile\\s(x+\\d*)",
          "reminderType": "ACCOUNT",
          "title": "Citi Bank",
          "messageType": "CREDIT",
          "attributes": [
            {
              "name": "Amount Credited",
              "groups": [
                4
              ],
              "dataType": "NUMBER_COMMA"
            },
            {
              "name": "ACCOUNT_No",
              "groups": [
                2
              ],
              "dataType": "TEXT"
            },
            {
              "name": "DATE",
              "groups": [
                8,
                10,
                12
              ],
              "dataType": "DATE"
            }
          ],
          "notificationAttributes": [
            {
              "name": "subText",
              "prefix": "Citi account ",
              "attributeIndex": 1,
              "value": "Citi"
            },
            {
              "name": "contentTitle",
              "prefix": "A/c credited \u20B9",
              "attributeIndex": 0,
              "value": "Credit"
            },
            {
              "name": "contentText",
              "prefix": "on ",
              "attributeIndex": 2,
              "value": ""
            }
          ]
        },
        {
          "messageFormat": "Your Citibank (account\\snumber|account\\sno|a/c\\snumber|a/c\\sno|account)(\\.|\\s+)[x]+(\\d{0,10}) has been credited with salary\\sof\\s(Rs|INR)[\\.]?\\s*(([0-9]+(,[0-9]+)*)?(\\.[0-9]{1,2})?) on (\\d{1,2})(-|/)(\\d{1,2}|[a-z]{3,9})(-|/)(\\d{1,4}). (account|a/c)\\sBalance.*(Rs|INR)[\\.]?\\s*(([0-9]+(,[0-9]+)*)?(\\.[0-9]{1,2})?)",
          "reminderType": "ACCOUNT",
          "title": "Citi Bank",
          "messageType": "CREDIT",
          "attributes": [
            {
              "name": "Amount Credited",
              "groups": [
                5
              ],
              "dataType": "NUMBER_COMMA"
            },
            {
              "name": "ACCOUNT_No",
              "groups": [
                3
              ],
              "dataType": "TEXT"
            },
            {
              "name": "DATE",
              "groups": [
                9,
                11,
                13
              ],
              "dataType": "DATE"
            },
            {
              "name": "ACCOUNT_BALANCE",
              "groups": [
                16
              ],
              "dataType": "NUMBER"
            }
          ],
          "notificationAttributes": [
            {
              "name": "subText",
              "prefix": "Citi account ",
              "attributeIndex": 1,
              "value": "Citi"
            },
            {
              "name": "contentTitle",
              "prefix": "A/c credited \u20B9",
              "attributeIndex": 0,
              "value": "Credit"
            },
            {
              "name": "contentText",
              "prefix": "Available balance \u20B9 ",
              "attributeIndex": 3,
              "value": ""
            }
          ]
        },
        {
          "messageFormat": "(([0-9]+(,[0-9]+)*)?(\\.[0-9]{1,2})?)[\\.]?\\s*(rs|inr).*?(spent|debited) on card.*?\\s*.*?[x]+(\\d*) on\\s(\\d{1,2})(-|/)(\\d{1,2}|[a-z]{3,9})(-|/)(\\d{1,4}) at\\s(.*?)\\. FX charges as per TnC. Available credit\\slimit\\s.*(Rs|INR)[\\.]?\\s*(([0-9]+(,[0-9]+)*)?(\\.[0-9]{1,2})?)",
          "reminderType": "CREDIT_CARD",
          "title": "Citi Bank",
          "messageType": "PAYMENT",
          "attributes": [
            {
              "name": "AMOUNT DEBITED",
              "groups": [
                1
              ],
              "dataType": "NUMBER_COMMA"
            },
            {
              "name": "CC_No",
              "groups": [
                7
              ],
              "dataType": "TEXT"
            },
            {
              "name": "DATE",
              "groups": [
                8,
                10,
                12
              ],
              "dataType": "DATE"
            },
            {
              "name": "LOCATION",
              "groups": [
                13
              ],
              "dataType": "TEXT"
            },
            {
              "name": "CREDIT_LIMIT",
              "groups": [
                15
              ],
              "dataType": "NUMBER"
            }
          ],
          "notificationAttributes": [
            {
              "name": "subText",
              "prefix": "Citi credit ",
              "attributeIndex": 1,
              "value": "Citi"
            },
            {
              "name": "contentTitle",
              "prefix": "Spent \u20B9",
              "attributeIndex": 0,
              "value": "Spent"
            },
            {
              "name": "contentText",
              "prefix": "\uD83D\uDECD ",
              "attributeIndex": 3,
              "value": ""
            },
            {
              "name": "additionalText",
              "prefix": "Credit limit \u20B9",
              "attributeIndex": 4,
              "value": ""
            }
          ]
        },
        {
          "messageFormat": "Thank you for using your Citibank Debit card.*?\\s*.*?[x*]+(\\d*) for\\s*(Rs|INR)[\\.]?\\s*(([0-9]+(,[0-9]+)*)?(\\.[0-9]{1,2})?) at\\s(.*?)\\son (\\d{1,2})(-|/)(\\d{1,2}|[a-z]{3,9})(-|/)(\\d{1,4}).",
          "reminderType": "DEBIT_CARD",
          "title": "Citi Bank",
          "messageType": "PAYMENT",
          "attributes": [
            {
              "name": "DC_No",
              "groups": [
                1
              ],
              "dataType": "TEXT"
            },
            {
              "name": "AMOUNT DEBITED NEW",
              "groups": [
                3
              ],
              "dataType": "NUMBER_COMMA"
            },
            {
              "name": "LOCATION",
              "groups": [
                7
              ],
              "dataType": "TEXT"
            },
            {
              "name": "DATE",
              "groups": [
                8,
                10,
                12
              ],
              "dataType": "DATE"
            }
          ],
          "notificationAttributes": [
            {
              "name": "subText",
              "prefix": "Citi debit ",
              "attributeIndex": 0,
              "value": "Citi"
            },
            {
              "name": "contentTitle",
              "cardName": "cardTitle1",
              "prefix": "Spent \u20B9",
              "attributeIndex": 1,
              "value": "Debit"
            },
            {
              "name": "contentText",
              "prefix": "\uD83D\uDECD ",
              "attributeIndex": 2,
              "value": ""
            }
          ]
        },
        {
          "messageFormat": "(Rs|INR)[\\.]?\\s*(([0-9]+(,[0-9]+)*)?(\\.[0-9]{1,2})?).*?(received|credited).*?citi\\scredit.*?\\s[x*]*(\\d+)\\s*on\\s(\\d{1,2})(-|/)(\\d{1,2}|[a-z]{3,9})(-|/)(\\d{1,4}).*?via.*?(credit\\slimit).*(Rs|INR)[\\.]?\\s*(([0-9]+(,[0-9]+)*)?(\\.[0-9]{1,2})?)",
          "reminderType": "CREDIT_CARD",
          "title": "Citi Bank",
          "messageType": "PAYMENT",
          "attributes": [
            {
              "name": "Amount Credited",
              "groups": [
                2
              ],
              "dataType": "NUMBER_COMMA"
            },
            {
              "name": "Credit Limit",
              "groups": [
                15
              ],
              "dataType": "NUMBER_COMMA"
            },
            {
              "name": "DATE",
              "groups": [
                8,
                10,
                12
              ],
              "dataType": "DATE"
            },
            {
              "name": "CC_No",
              "groups": [
                7
              ],
              "dataType": "TEXT"
            }
          ],
          "notificationAttributes": [
            {
              "name": "subText",
              "prefix": "Citi credit ",
              "attributeIndex": 3,
              "value": "Citi"
            },
            {
              "name": "contentTitle",
              "prefix": "A/c credited \u20B9",
              "attributeIndex": 0,
              "value": "Credit"
            },
            {
              "name": "contentText",
              "prefix": "Credit limit \u20B9",
              "attributeIndex": 1,
              "value": ""
            }
          ]
        },
        {
          "messageFormat": "Payment of (Rs|INR)[\\.]?\\s*(([0-9]+(,[0-9]+)*)?(\\.[0-9]{1,2})?).*(received|spent) towards your (credit\\s)?card\\s(ending\\s)?[*x]*(\\d*).*?on (\\d{1,2})(-|/)(\\d{1,2}|[a-z]{3,9})(-|/)(\\d{1,4}).*?Your available (credit\\s)?limit.*(Rs|INR)[\\.]?\\s*(([0-9]+(,[0-9]+)*)?(\\.[0-9]{1,2})?).",
          "reminderType": "CREDIT_CARD",
          "title": "Citi Bank",
          "messageType": "PAYMENT",
          "attributes": [
            {
              "name": "AmountPaid",
              "groups": [
                2
              ],
              "dataType": "NUMBER_COMMA"
            },
            {
              "name": "CREDIT_CARD",
              "groups": [
                9
              ],
              "dataType": "TEXT"
            },
            {
              "name": "DATE",
              "groups": [
                10,
                12,
                14
              ],
              "dataType": "DATE"
            },
            {
              "name": "CREDIT_LIMIT",
              "groups": [
                17
              ],
              "dataType": "NUMBER"
            }
          ],
          "notificationAttributes": [
            {
              "name": "subText",
              "prefix": "Citi credit ",
              "attributeIndex": 1,
              "value": "Citi"
            },
            {
              "name": "contentTitle",
              "prefix": "Payment received \u20B9",
              "attributeIndex": 0,
              "value": "Payment done"
            },
            {
              "name": "contentText",
              "prefix": "Credit limit \u20B9",
              "attributeIndex": 3,
              "value": ""
            }
          ]
        },
        {
          "messageFormat": "(Rs|INR)[\\.]?\\s*(([0-9]+(,[0-9]+)*)?(\\.[0-9]{1,2})?)\\s.*?withdrawn.*?ATM.*?(a/c|account)\\s[x]*(\\d*). The balance.*?(Rs|INR)[\\.]?\\s*(([0-9]+(,[0-9]+)*)?(\\.[0-9]{1,2})?).*",
          "reminderType": "ATM",
          "title": "Citi Bank",
          "messageType": "WITHDRAWAL",
          "attributes": [
            {
              "name": "Amount Debited",
              "groups": [
                2
              ],
              "dataType": "NUMBER_COMMA"
            },
            {
              "name": "Account Debited",
              "groups": [
                7
              ],
              "dataType": "TEXT"
            },
            {
              "name": "Account Balance",
              "groups": [
                9
              ],
              "dataType": "NUMBER"
            }
          ],
          "notificationAttributes": [
            {
              "name": "subText",
              "prefix": "Citi credit ",
              "attributeIndex": 1,
              "value": "Citi"
            },
            {
              "name": "contentTitle",
              "prefix": "ATM Withdrawal \u20B9",
              "attributeIndex": 0,
              "value": "Debit"
            },
            {
              "name": "contentText",
              "prefix": "Available balance \u20B9",
              "attributeIndex": 2,
              "value": ""
            }
          ]
        },
        {
          "messageFormat": "(([0-9]+(,[0-9]+)*)?(\\.[0-9]{1,2})?)[\\.]?\\s*(USD).*?spent on card.*?\\s*.*?[x*]*(\\d*) on\\s(\\d{1,2})(-|/)(\\d{1,2}|[a-z]{3,9})(-|/)(\\d{1,4})\\sat\\s(.*?)\\. FX charges as per TnC. Available credit\\slimit\\s.*(Rs|INR)[\\.]?\\s*(([0-9]+(,[0-9]+)*)?(\\.[0-9]{1,2})?).",
          "reminderType": "CREDIT_CARD",
          "title": "Citi Bank",
          "messageType": "PAYMENT",
          "attributes": [
            {
              "name": "AMOUNT DEBITED",
              "groups": [
                1
              ],
              "dataType": "NUMBER"
            },
            {
              "name": "CREDIT CARD",
              "groups": [
                6
              ],
              "dataType": "TEXT"
            },
            {
              "name": "DATE",
              "groups": [
                7,
                9,
                11
              ],
              "dataType": "DATE"
            },
            {
              "name": "LOCATION",
              "groups": [
                12
              ],
              "dataType": "TEXT"
            },
            {
              "name": "Credit Limit",
              "groups": [
                14
              ],
              "dataType": "NUMBER"
            }
          ],
          "notificationAttributes": [
            {
              "name": "subText",
              "prefix": "Citi credit ",
              "attributeIndex": 1,
              "value": "Citi"
            },
            {
              "name": "contentTitle",
              "cardName": "cardTitle1",
              "prefix": "Spent \u0024",
              "attributeIndex": 0,
              "value": "Debit"
            },
            {
              "name": "contentText",
              "prefix": "\uD83D\uDECD ",
              "attributeIndex": 3,
              "value": ""
            },
            {
              "name": "additionalText",
              "prefix": "Credit limit \u20B9",
              "attributeIndex": 4,
              "value": ""
            }
          ]
        },
        {
          "messageFormat": "Payment for card[x*]*(\\d*) is due on (\\d{1,2})(-|/)(\\d{1,2}|[a-z]{3,9})(-|/)(\\d{1,4}). Total=(Rs|INR)[\\.]?\\s*(([0-9]+(,[0-9]+)*)?(\\.[0-9]{1,2})?),Minimum=(Rs|INR)[\\.]?\\s*(([0-9]+(,[0-9]+)*)?(\\.[0-9]{1,2})?).*",
          "reminderType": "CREDIT_CARD",
          "title": "Citi Bank",
          "messageType": "NEW_BILL",
          "attributes": [
            {
              "name": "CC_No",
              "groups": [
                1
              ],
              "dataType": "TEXT"
            },
            {
              "name": "DueDate",
              "groups": [
                2,
                4,
                6
              ],
              "dataType": "DATE"
            },
            {
              "name": "BillAmount",
              "groups": [
                8
              ],
              "dataType": "NUMBER"
            },
            {
              "name": "MinDueAmount",
              "groups": [
                13
              ],
              "dataType": "NUMBER"
            }
          ],
          "notificationAttributes": [
            {
              "name": "subText",
              "prefix": "Citi credit ",
              "attributeIndex": 0,
              "value": "Citi"
            },
            {
              "name": "contentTitle",
              "prefix": "Total due \u20B9",
              "attributeIndex": 2,
              "value": "Bill due"
            },
            {
              "name": "contentText",
              "prefix": "Due on ",
              "attributeIndex": 1,
              "value": ""
            },
            {
              "name": "additionalText",
              "prefix": "Min due \u20B9",
              "attributeIndex": 3,
              "value": ""
            }
          ],
          "cardAttributes": [
            {
              "name": "title1",
              "prefix": "Due \u20B9",
              "attributeIndex": 2,
              "value": "Bill due"
            },
            {
              "name": "title2",
              "prefix": "Min \u20B9",
              "attributeIndex": 3,
              "value": ""
            },
            {
              "name": "subtitle1",
              "prefix": "Citi credit ",
              "attributeIndex": 0,
              "value": ""
            },
            {
              "name": "action1",
              "prefix": "",
              "attributeIndex": -1,
              "value": "Pay now"
            },
            {
              "name": "action2",
              "prefix": "",
              "attributeIndex": -1,
              "value": "Paid"
            }
          ]
        },
        {
          "messageFormat": "The NEFT Transaction from your a/c\\sno\\s[x]*(\\d*) with reference number CITI.*? for (Rs|INR)[\\.]?\\s*(([0-9]+(,[0-9]+)*)?(\\.[0-9]{1,2})?).*?credited on\\s(\\d{1,2})(-|/)(\\d{1,2}|[a-z]{3,9})(-|/)(\\d{1,4}).*",
          "reminderType": "ACCOUNT",
          "title": "Citi Bank",
          "messageType": "DEBIT",
          "attributes": [
            {
              "name": "ACCOUNT_DEBITED",
              "groups": [
                1
              ],
              "dataType": "TEXT"
            },
            {
              "name": "AMOUNT_CREDITED",
              "groups": [
                3
              ],
              "dataType": "NUMBER"
            },
            {
              "name": "DATE",
              "groups": [
                7,
                9,
                11
              ],
              "dataType": "DATE"
            }
          ],
          "notificationAttributes": [
            {
              "name": "subText",
              "prefix": "Citi account ",
              "attributeIndex": 0,
              "value": "Citi"
            },
            {
              "name": "contentTitle",
              "prefix": "A/c debited \u20B9",
              "attributeIndex": 1,
              "value": "Debited"
            },
            {
              "name": "contentText",
              "prefix": "",
              "attributeIndex": -1,
              "value": "NEFT"
            }
          ]
        },
        {
          "messageFormat": "Your Citibank A/c has been (credited.*? (Rs|INR)[\\.]?\\s*(([0-9]+(,[0-9]+)*)?(\\.[0-9]{1,2})?)) on\\s(\\d{1,2})(-|/)(\\d{1,2}|[a-z]{3,9})(-|/)(\\d{1,4}) (at.*received\\sfrom\\s(.*?)).UPI Ref no.*",
          "reminderType": "UPI",
          "title": "Citi Bank",
          "messageType": "CREDIT",
          "attributes": [
            {
              "name": "Amount Credited",
              "groups": [
                3
              ],
              "dataType": "NUMBER_COMMA"
            },
            {
              "name": "DATE",
              "groups": [
                7,
                9,
                11
              ],
              "dataType": "DATE"
            },
            {
              "name": "PAYER",
              "groups": [
                13
              ],
              "dataType": "TEXT"
            }
          ],
          "notificationAttributes": [
            {
              "name": "subText",
              "prefix": "",
              "attributeIndex": -1,
              "value": "Citi"
            },
            {
              "name": "contentTitle",
              "prefix": "A/c credited \u20B9",
              "attributeIndex": 0,
              "value": "Credit"
            },
            {
              "name": "contentText",
              "prefix": "\uD83D\uDCB0 from ",
              "attributeIndex": 2,
              "value": ""
            }
          ]
        },
        {
          "messageFormat": "((Rs|INR)[\\.]?\\s*(([0-9]+(,[0-9]+)*)?(\\.[0-9]{1,2})?).*?spent) on\\s(Card\\s.*?[x*]+(\\d*)) (on\\s(\\d{1,2})(-|/)(\\d{1,2}|[a-z]{3,9})(-|/)(\\d{1,4}) at (.*?)) was processed without PIN/OTP as prescribed by RBI. (Available.*?limit.*(Rs|INR)[\\.]?\\s*(([0-9]+(,[0-9]+)*)?(\\.[0-9]{1,2})?)).*?",
          "reminderType": "CREDIT_CARD",
          "title": "Citi Bank",
          "messageType": "PAYMENT",
          "attributes": [
            {
              "name": "AMOUNTPAID",
              "groups": [
                3
              ],
              "dataType": "NUMBER_COMMA"
            },
            {
              "name": "CC_No",
              "groups": [
                8
              ],
              "dataType": "TEXT"
            },
            {
              "name": "DATE",
              "groups": [
                10,
                12,
                14
              ],
              "dataType": "DATE"
            },
            {
              "name": "LOCATION",
              "groups": [
                15
              ],
              "dataType": "TEXT"
            },
            {
              "name": "CREDIT_LIMIT",
              "groups": [
                18
              ],
              "dataType": "NUMBER"
            }
          ],
          "notificationAttributes": [
            {
              "name": "subText",
              "prefix": "Citi credit ",
              "attributeIndex": 1,
              "value": "Citi"
            },
            {
              "name": "contentTitle",
              "prefix": "Spent \u20B9",
              "attributeIndex": 0,
              "value": "Debit"
            },
            {
              "name": "contentText",
              "prefix": "\uD83D\uDECD ",
              "attributeIndex": 3,
              "value": ""
            },
            {
              "name": "additionalText",
              "prefix": "Credit limit \u20B9",
              "attributeIndex": 4,
              "value": ""
            }
          ]
        },
        {
          "messageFormat": "Your ((a/c|account)\\sno\\.[x]*(\\d*)) is debited.*?(Rs|INR)[\\.]?\\s*(([0-9]+(,[0-9]+)*)?(\\.[0-9]{1,2})?) (on\\s(\\d{1,2})(-|/)(\\d{1,2}|[a-z]{3,9})(-|/)(\\d{1,4}) and (a/c|account) [x]*(\\d*).*?credited).*",
          "reminderType": "ACCOUNT",
          "title": "Citi Bank",
          "messageType": "DEBIT",
          "attributes": [
            {
              "name": "ACCOUNT DEBITED",
              "groups": [
                3
              ],
              "dataType": "NUMBER"
            },
            {
              "name": "AMOUNT DEBITED",
              "groups": [
                5
              ],
              "dataType": "NUMBER_COMMA"
            },
            {
              "name": "DATE",
              "groups": [
                10,
                12,
                14
              ],
              "dataType": "DATE"
            },
            {
              "name": "ACCOUNT CREDITED",
              "groups": [
                17
              ],
              "dataType": "NUMBER"
            }
          ],
          "notificationAttributes": [
            {
              "name": "subText",
              "prefix": "Citi account ",
              "attributeIndex": 0,
              "value": "Citi"
            },
            {
              "name": "contentTitle",
              "prefix": "A/c debited \u20B9",
              "attributeIndex": 1,
              "value": "Debit"
            },
            {
              "name": "contentText",
              "prefix": "\uD83D\uDCB5 A/c ",
              "attributeIndex": 3,
              "value": ""
            }
          ]
        },
        {
          "messageFormat": "(Payment\\sreceived.*?(Rs|INR)[\\.]?\\s*(([0-9]+(,[0-9]+)*)?(\\.[0-9]{1,2})?)) for your credit (card.*?\\d*x+(\\d*)) (on\\s(\\d{1,2})(-|/)(\\d{1,2}|[a-z]{3,9})(-|/)(\\d{1,4})). Thank you! Your (Available\\scredit\\slimit\\s.*?(Rs|INR)[\\.]?\\s*(([0-9]+(,[0-9]+)*)?(\\.[0-9]{1,2})?)).*",
          "reminderType": "CREDIT_CARD",
          "title": "Citi Bank",
          "messageType": "PAYMENT",
          "attributes": [
            {
              "name": "AMOUNT DEBITED",
              "groups": [
                3
              ],
              "dataType": "NUMBER_COMMA"
            },
            {
              "name": "CREDIT_CARD",
              "groups": [
                8
              ],
              "dataType": "TEXT"
            },
            {
              "name": "DATE",
              "groups": [
                10,
                12,
                14
              ],
              "dataType": "DATE"
            },
            {
              "name": "CREDIT_LIMIT",
              "groups": [
                17
              ],
              "dataType": "NUMBER"
            }
          ],
          "notificationAttributes": [
            {
              "name": "subText",
              "prefix": "Citi credit ",
              "attributeIndex": 1,
              "value": "Citi"
            },
            {
              "name": "contentTitle",
              "prefix": "Payment received \u20B9",
              "attributeIndex": 0,
              "value": "Payment done"
            },
            {
              "name": "contentText",
              "prefix": "Credit limit \u20B9",
              "attributeIndex": 3,
              "value": ""
            }
          ]
        },
        {
          "messageFormat": "Dear Citi Customer, your online (Payment of (Rs|INR)[\\.]?\\s*(([0-9]+(,[0-9]+)*)?(\\.[0-9]{1,2})?)) towards (card.*?\\d*.*?(\\d*)) from ((a/c|account) [x]*(\\d*).*?received).*",
          "reminderType": "CREDIT_CARD",
          "title": "Citi Bank",
          "messageType": "PAYMENT",
          "attributes": [
            {
              "name": "AMOUNT DEBITED",
              "groups": [
                3
              ],
              "dataType": "NUMBER_COMMA"
            },
            {
              "name": "ACCOUNT CREDITED",
              "groups": [
                8
              ],
              "dataType": "TEXT"
            },
            {
              "name": "ACCOUNT DEBITED",
              "groups": [
                11
              ],
              "dataType": "TEXT"
            }
          ],
          "notificationAttributes": [
            {
              "name": "subText",
              "prefix": "Citi account ",
              "attributeIndex": 1,
              "value": "Citi"
            },
            {
              "name": "contentTitle",
              "prefix": "Paid \u20B9",
              "attributeIndex": 0,
              "value": "Payment done"
            },
            {
              "name": "contentText",
              "prefix": "From a/c ",
              "attributeIndex": 2,
              "value": ""
            }
          ]
        },
        {
          "messageFormat": "Your (debit\\s*card\\s*.*?[x]+(\\d*)) has been used to make a (purchase.*?(Rs|INR)[\\.]?\\s*(([0-9]+(,[0-9]+)*)?(\\.[0-9]{1,2})?)) on\\s(\\d{1,2})(-|/)(\\d{1,2}|[a-z]{3,9})(-|/)(\\d{1,4}) at\\s(.*)[\\.]",
          "reminderType": "DEBIT_CARD",
          "title": "Citi Bank",
          "messageType": "PAYMENT",
          "attributes": [
            {
              "name": "DC_No",
              "groups": [
                2
              ],
              "dataType": "TEXT"
            },
            {
              "name": "AMOUNT DEBITED NEW",
              "groups": [
                5
              ],
              "dataType": "NUMBER_COMMA"
            },
            {
              "name": "DATE",
              "groups": [
                9,
                11,
                13
              ],
              "dataType": "DATE"
            },
            {
              "name": "LOCATION",
              "groups": [
                14
              ],
              "dataType": "TEXT"
            }
          ],
          "notificationAttributes": [
            {
              "name": "subText",
              "prefix": "Citi debit ",
              "attributeIndex": 0,
              "value": "Citi"
            },
            {
              "name": "contentTitle",
              "prefix": "Spent \u20B9",
              "attributeIndex": 1,
              "value": "Debit"
            },
            {
              "name": "contentText",
              "prefix": "\uD83D\uDECD ",
              "attributeIndex": 3,
              "value": ""
            }
          ]
        },
        {
          "messageFormat": "Dear Customer, your Citibank account ([\\d*x]*([x*\\d]{4})) with the Virtual ID .*? has been debited with (Rs|INR)[\\.]?\\s*(([0-9]+(,[0-9]+)*)?(\\.[0-9]{1,2})?) on (\\d{1,2})(-|/)(\\d{1,2}|[a-z]{3,9})(-|/)(\\d{1,4})",
          "reminderType": "ACCOUNT",
          "title": "Citi Bank",
          "messageType": "DEBIT",
          "attributes": [
            {
              "name": "AMOUNT_DEBITED",
              "groups": [
                4
              ],
              "dataType": "NUMBER"
            },
            {
              "name": "ACCOUNT_DEBITED",
              "groups": [
                2
              ],
              "dataType": "TEXT"
            },
            {
              "name": "DATE",
              "groups": [
                8,
                10,
                12
              ],
              "dataType": "DATE"
            }
          ],
          "notificationAttributes": [
            {
              "name": "subText",
              "prefix": "Citi account ",
              "attributeIndex": 1,
              "value": "Citi"
            },
            {
              "name": "contentTitle",
              "prefix": "A/c debited \u20B9",
              "attributeIndex": 0,
              "value": "Payment done"
            },
            {
              "name": "contentText",
              "prefix": "",
              "attributeIndex": -1,
              "value": "UPI"
            }
          ]
        }
      ]
    }
  ],
  "iconLink": "http://assets.tcpay.in/images/tmp/sms-categorizer-avatars/citi_sms.png"
}