{
  "type": "Operator",
  "senders": [
    {
      "tags": [
        "jioinf",
        "jiopay",
        "jiosvc"
      ],
      "formats": [
        {
          "messageFormat": "Your (\\d{1,2})(-|/)(\\d{1,2}|[a-z]{3,9})(-|/)(\\d{1,4}) bill for (Jio Number\\s+(.*)) is due for payment today. Total (amount payable is (Rs|INR)[\\.]?\\s*(([0-9]+(,[0-9]+)?)?(\\.[0-9]{1,2})?))\\..*",
          "reminderType": "POSTPAID",
          "title": "Jio",
          "messageType": "BILL_REMINDER",
          "attributes": [
            {
              "name": "MobileNumber",
              "groups": [
                7
              ],
              "dataType": "TEXT"
            },
            {
              "name": "AmountPayable",
              "groups": [
                10
              ],
              "dataType": "NUMBER"
            }
          ],
          "notificationAttributes": [
            {
              "name": "subText",
              "prefix": "",
              "attributeIndex": -1,
              "value": "Jio Postpaid"
            },
            {
              "name": "contentTitle",
              "prefix": "Amount payable \u20B9",
              "attributeIndex": 1,
              "value": "Bill due"
            },
            {
              "name": "contentText",
              "prefix": "",
              "attributeIndex": -1,
              "value": "Due today"
            }
          ]
        },
		{
          "messageFormat": "Your bill dated (\\d{1,2})(-|/)(\\d{1,2}|[a-z]{3,9})(-|/)(\\d{1,4}) for your (Mobile\\s(.*)) is for (Rs|INR)[\\.]?\\s*(([0-9]+(,[0-9]+)?)?(\\.[0-9]{1,2})?)  and (due date is (\\d{1,2})(-|/)(\\d{1,2}|[a-z]{3,9})(-|/)(\\d{1,4}))\\..*",
          "reminderType": "POSTPAID",
          "title": "Jio",
          "messageType": "BILL_REMINDER",
          "attributes": [
            {
              "name": "MobileNumber",
              "groups": [
                7
              ],
              "dataType": "TEXT"
            },
            {
              "name": "AmountPayable",
              "groups": [
                9
              ],
              "dataType": "NUMBER"
            },
			{
              "name": "DueDate",
              "groups": [
                14,
				16,
				18
              ],
              "dataType": "DATE"
            }
          ],
          "notificationAttributes": [
            {
              "name": "subText",
              "prefix": "",
              "attributeIndex": -1,
              "value": "Jio Postpaid"
            },
            {
              "name": "contentTitle",
              "prefix": "Amount due \u20B9",
              "attributeIndex": 1,
              "value": "Bill due"
            },
            {
              "name": "contentText",
              "prefix": "on ",
              "attributeIndex": 2,
              "value": ""
            }
          ]
        },
		{
          "messageFormat": "Recharge of (Rs|INR)[\\.]?\\s*(([0-9]+(,[0-9]+)?)?(\\.[0-9]{1,2})?) is successful for your (Jio number\\s(.*?))\\..*",
          "reminderType": "PREPAID",
          "title": "Jio",
          "messageType": "RECHARGE",
          "attributes": [
            {
              "name": "RechargeAmount",
              "groups": [
                2
              ],
              "dataType": "NUMBER"
            },
            {
              "name": "MobileNumber",
              "groups": [
                7
              ],
              "dataType": "TEXT"
            }
          ],
          "notificationAttributes": [
            {
              "name": "subText",
              "prefix": "",
              "attributeIndex": -1,
              "value": "Jio Prepaid"
            },
            {
              "name": "contentTitle",
              "prefix": "Recharge done \u20B9",
              "attributeIndex": 0,
              "value": "Recharge"
            },
            {
              "name": "contentText",
              "prefix": "for ",
              "attributeIndex": 1,
              "value": ""
            }
          ]
        },
		{
          "messageFormat": "Your.*? bill for (Jio Number\\s+(.*)) has been sent. It will be delivered within.*days.(Total amount due.*?(Rs|INR)[\\.]?\\s*(([0-9]+(,[0-9]+)?)?(\\.[0-9]{1,2})?))(Payment due date.*?(\\d{1,2})(-|/)(\\d{1,2}|[a-z]{3,9})(-|/)(\\d{1,4})).*",
          "reminderType": "POSTPAID",
          "title": "Jio",
          "messageType": "BILL_REMINDER",
          "attributes": [
            {
              "name": "MobileNumber",
              "groups": [
                2
              ],
              "dataType": "TEXT"
            },
            {
              "name": "AmountPayable",
              "groups": [
                5
              ],
              "dataType": "NUMBER"
            },
			{
              "name": "DueDate",
              "groups": [
                10,
				12,
				14
              ],
              "dataType": "DATE"
            }
          ],
          "notificationAttributes": [
            {
              "name": "subText",
              "prefix": "",
              "attributeIndex": -1,
              "value": "Jio Postpaid"
            },
            {
              "name": "contentTitle",
              "prefix": "Amount due \u20B9",
              "attributeIndex": 1,
              "value": "Bill due"
            },
            {
              "name": "contentText",
              "prefix": "on ",
              "attributeIndex": 2,
              "value": ""
            }
          ]
        },
		{
          "messageFormat": "Your.*?for (Jio Number\\s+(.*)) is due for payment on (\\d{1,2})(-|/)(\\d{1,2}|[a-z]{3,9})(-|/)(\\d{1,4}). (Total amount payable is (Rs|INR)[\\.]?\\s*(([0-9]+(,[0-9]+)?)?(\\.[0-9]{1,2})?))\\..* ",
          "reminderType": "POSTPAID",
          "title": "Jio",
          "messageType": "BILL_REMINDER",
          "attributes": [
            {
              "name": "MobileNumber",
              "groups": [
                2
              ],
              "dataType": "TEXT"
            },
			{
              "name": "DueDate",
              "groups": [
                3,
				5,
				7
              ],
              "dataType": "DATE"
            },
            {
              "name": "AmountPayable",
              "groups": [
                10
              ],
              "dataType": "NUMBER"
            }
          ],
          "notificationAttributes": [
            {
              "name": "subText",
              "prefix": "",
              "attributeIndex": -1,
              "value": "Jio Postpaid"
            },
            {
              "name": "contentTitle",
              "prefix": "Amount due \u20B9",
              "attributeIndex": 2,
              "value": "Bill due"
            },
            {
              "name": "contentText",
              "prefix": "on ",
              "attributeIndex": 1,
              "value": ""
            }
          ]
        }
      ]
    }
  ],
  "iconLink": "http://assets.tcpay.in/images/tmp/sms-categorizer-avatars/jio_sms.png"
}