{
  "type": "Bank",
  "senders": [
    {
      "tags": [
        "sbicrd",
        "sbipsg",
        "sbibil",
        "sbiinb",
        "sbiupi",
        "atmsbi",
        "scisms",
        "cbssbi",
        "sbgmbs"
      ],
      "formats": [
        {
          "messageFormat": "(Rs|INR)[\\.]?\\s*(([0-9]+(,[0-9,]+)*)?(\\.[0-9]{1,2})?).*?(debit|debited|spent) on your SBI Card no. ending\\s*[x|*]+(\\d*\\d*) at\\s(.*?)\\bon.*(\\d{1,2})(-|/|\\s)(\\d{1,2}|[a-z]{3,9})(-|/|\\s)(\\d{1,4}). Remaining (credit\\slimit).*(Rs|INR)[\\.]?\\s*(([0-9]+(,[0-9]+)*)?(\\.[0-9]{1,2})?)\\.",
          "reminderType": "CREDIT_CARD",
          "title": "SBI Bank",
          "messageType": "PAYMENT",
          "attributes": [
            {
              "name": "AMOUNTPAID",
              "groups": [
                2
              ],
              "dataType": "NUMBER_COMMA"
            },
            {
              "name": "CC_No",
              "groups": [
                7
              ],
              "dataType": "TEXT"
            },
            {
              "name": "LOCATION",
              "groups": [
                8
              ],
              "dataType": "TEXT"
            },
            {
              "name": "DATE",
              "groups": [
                9,
                11,
                13
              ],
              "dataType": "DATE"
            },
            {
              "name": "CREDIT_LIMIT",
              "groups": [
                16
              ],
              "dataType": "NUMBER"
            }
          ],
          "notificationAttributes": [
            {
              "name": "subText",
              "prefix": "SBI credit ",
              "attributeIndex": 1,
              "value": "SBI"
            },
            {
              "name": "contentTitle",
              "prefix": "A/c debited \u20B9",
              "attributeIndex": 0,
              "value": "Debit"
            },
            {
              "name": "contentText",
              "prefix": "\uD83D\uDECD ",
              "attributeIndex": 2,
              "value": ""
            },
            {
              "name": "additionalText",
              "prefix": "Credit limit \u20B9",
              "attributeIndex": 4,
              "value": ""
            }
          ]
        },
        {
          "messageFormat": "Transaction.*(Rs|INR)[\\.]?\\s*(([0-9]+(,[0-9]+)*)?(\\.[0-9]{1,2})?) made on SBI (creditcard|credit\\scard)\\s*[x|*]+(\\d*) at\\s(.*?)\\bon.*(\\d{1,2})(-|/|\\s)(\\d{1,2}|[a-z]{3,9})(-|/|\\s)(\\d{1,4}) \\.",
          "reminderType": "CREDIT_CARD",
          "title": "SBI Bank",
          "messageType": "PAYMENT",
          "attributes": [
            {
              "name": "AMOUNTPAID",
              "groups": [
                2
              ],
              "dataType": "NUMBER_COMMA"
            },
            {
              "name": "CC_No",
              "groups": [
                7
              ],
              "dataType": "TEXT"
            },
            {
              "name": "LOCATION",
              "groups": [
                8
              ],
              "dataType": "TEXT"
            },
            {
              "name": "DATE",
              "groups": [
                9,
                11,
                13
              ],
              "dataType": "DATE"
            }
          ],
          "notificationAttributes": [
            {
              "name": "subText",
              "prefix": "SBI credit ",
              "attributeIndex": 1,
              "value": "SBI"
            },
            {
              "name": "contentTitle",
              "prefix": "A/c debited \u20B9",
              "attributeIndex": 0,
              "value": "Debit"
            },
            {
              "name": "contentText",
              "prefix": "\uD83D\uDECD ",
              "attributeIndex": 2,
              "value": ""
            }
          ]
        },
        {
          "messageFormat": "We have received cash Payment.*?(Rs|INR)[\\.]?\\s*(([0-9]+(,[0-9]+)*)?(\\.[0-9]{1,2})?) and same has been credited to your SBI card.*?\\s*x+(\\d*) on\\s(\\d{1,2})(-|/|\\s)(\\d{1,2}|[a-z]{3,9})(-|/|\\s)(\\d{1,4}).",
          "reminderType": "DEBIT_CARD",
          "title": "SBI Bank",
          "messageType": "PAYMENT",
          "attributes": [
            {
              "name": "AMOUNTPAID",
              "groups": [
                2
              ],
              "dataType": "NUMBER_COMMA"
            },
            {
              "name": "DC_NO",
              "groups": [
                6
              ],
              "dataType": "TEXT"
            },
            {
              "name": "DATE",
              "groups": [
                7,
                9,
                11
              ],
              "dataType": "DATE"
            }
          ],
          "notificationAttributes": [
            {
              "name": "subText",
              "prefix": "SBI debit ",
              "attributeIndex": 1,
              "value": "SBI"
            },
            {
              "name": "contentTitle",
              "prefix": "A/c credited \u20B9",
              "attributeIndex": 0,
              "value": "Credit"
            },
            {
              "name": "contentText",
              "prefix": "on ",
              "attributeIndex": 2,
              "value": ""
            }
          ]
        },
        {
          "messageFormat": "We have received Payment.*?(Rs|INR)[\\.]?\\s*(([0-9]+(,[0-9]+)*)?(\\.[0-9]{1,2})?) at\\s(.*?)\\bfor your SBI card.*?\\s*[x|*]+(\\d*) on\\s(\\d{1,2})(-|/|\\s)(\\d{1,2}|[a-z]{3,9})(-|/|\\s)(\\d{1,4})",
          "reminderType": "DEBIT_CARD",
          "title": "SBI Bank",
          "messageType": "PAYMENT",
          "attributes": [
            {
              "name": "AMOUNTPAID",
              "groups": [
                2
              ],
              "dataType": "NUMBER_COMMA"
            },
            {
              "name": "LOCATION",
              "groups": [
                6
              ],
              "dataType": "TEXT"
            },
            {
              "name": "DC_NO",
              "groups": [
                7
              ],
              "dataType": "TEXT"
            },
            {
              "name": "DATE",
              "groups": [
                8,
                10,
                12
              ],
              "dataType": "DATE"
            }
          ],
          "notificationAttributes": [
            {
              "name": "subText",
              "prefix": "SBI debit ",
              "attributeIndex": 2,
              "value": "SBI"
            },
            {
              "name": "contentTitle",
              "prefix": "A/c debited \u20B9",
              "attributeIndex": 0,
              "value": "Debit"
            },
            {
              "name": "contentText",
              "prefix": "\uD83D\uDECD ",
              "attributeIndex": 1,
              "value": ""
            }
          ]
        },
        {
          "messageFormat": "Your (account\\snumber|account\\sno|a/c\\snumber|a/c\\sno|account|acct|a/c\\sno.|a/c)(\\.|\\s+)x+(\\d{0,10}).*?debited.*(Rs|INR)[\\.]?\\s*(([0-9]+(,[0-9]+)*)?(\\.[0-9]{1,2})?) on\\s(\\d{1,2})(-|/|\\s)(\\d{1,2}|[a-z]{3,9})(-|/|\\s)(\\d{1,4}) and (account\\snumber|account\\sno|a/c\\snumber|a/c\\sno|account|acct|a/c)(\\.|\\s+)x+(\\d{0,10}).*credited.*?IMPS Ref no .*",
          "reminderType": "ACCOUNT",
          "title": "SBI Bank",
          "messageType": "DEBIT",
          "attributes": [
            {
              "name": "ACCOUNT DEBITED",
              "groups": [
                3
              ],
              "dataType": "TEXT"
            },
            {
              "name": "AMOUNT DEBITED",
              "groups": [
                5
              ],
              "dataType": "NUMBER_COMMA"
            },
            {
              "name": "DATE",
              "groups": [
                9,
                11,
                13
              ],
              "dataType": "DATE"
            },
            {
              "name": "ACCOUNT CREDITED",
              "groups": [
                16
              ],
              "dataType": "TEXT"
            }
          ],
          "notificationAttributes": [
            {
              "name": "subText",
              "prefix": "SBI account ",
              "attributeIndex": 0,
              "value": "SBI"
            },
            {
              "name": "contentTitle",
              "prefix": "A/c debited \u20B9",
              "attributeIndex": 1,
              "value": "Debit"
            },
            {
              "name": "contentText",
              "prefix": "\uD83D\uDCB5 A/c ",
              "attributeIndex": 3,
              "value": ""
            }
          ]
        },
        {
          "messageFormat": "Your (account\\snumber|account\\sno|a/c\\snumber|a/c\\sno|account|acct|a/c\\sno.|a/c)(\\.|\\s+)x+(\\d{0,10}).*?credited.*(Rs|INR)[\\.]?\\s*(([0-9]+(,[0-9]+)*)?(\\.[0-9]{1,2})?) on\\s(\\d{1,2})(-|/|\\s)(\\d{1,2}|[a-z]{3,9})(-|/|\\s)(\\d{1,4}) by a/c linked to mobile .*?IMPS Ref no .*",
          "reminderType": "ACCOUNT",
          "title": "SBI Bank",
          "messageType": "CREDIT",
          "attributes": [
            {
              "name": "ACCOUNT CREDITED",
              "groups": [
                3
              ],
              "dataType": "TEXT"
            },
            {
              "name": "AMOUNT CREDITED",
              "groups": [
                5
              ],
              "dataType": "NUMBER_COMMA"
            },
            {
              "name": "DATE",
              "groups": [
                9,
                11,
                13
              ],
              "dataType": "DATE"
            }
          ],
          "notificationAttributes": [
            {
              "name": "subText",
              "prefix": "SBI account ",
              "attributeIndex": 0,
              "value": "SBI"
            },
            {
              "name": "contentTitle",
              "prefix": "A/c credited \u20B9",
              "attributeIndex": 1,
              "value": "Credit"
            },
            {
              "name": "contentText",
              "prefix": "on ",
              "attributeIndex": 2,
              "value": ""
            }
          ]
        },
        {
          "messageFormat": "We have received Payment.*?(Rs|INR)[\\.]?\\s*(([0-9]+(,[0-9]+)*)?(\\.[0-9]{1,2})?) via .*?and the same has been credited to your SBI card.*?\\s*[x|*]*(\\d*). Your (available|available\\sbalance|Avbl\\sBal).*?(Rs|INR)[\\.]?\\s*(([0-9]+(,[0-9]+)*)?(\\.[0-9]{1,2})?).",
          "reminderType": "CREDIT_CARD",
          "title": "SBI Bank",
          "messageType": "PAYMENT",
          "attributes": [
            {
              "name": "AMOUNT CREDITED",
              "groups": [
                2
              ],
              "dataType": "NUMBER_COMMA"
            },
            {
              "name": "CC_No",
              "groups": [
                6
              ],
              "dataType": "TEXT"
            },
            {
              "name": "Available Balance",
              "groups": [
                9
              ],
              "dataType": "NUMBER"
            }
          ],
          "notificationAttributes": [
            {
              "name": "subText",
              "prefix": "SBI credit ",
              "attributeIndex": 1,
              "value": "SBI"
            },
            {
              "name": "contentTitle",
              "prefix": "A/c credited \u20B9",
              "attributeIndex": 0,
              "value": "Credit"
            },
            {
              "name": "contentText",
              "prefix": "Available balance \u20B9",
              "attributeIndex": 2,
              "value": ""
            }
          ]
        },
        {
          "messageFormat": "(Rs|INR)[\\.]?\\s*(([0-9]+(,[0-9]+)*)?(\\.[0-9]{1,2})?).*?(credited|received) to your.*?(account\\snumber|account\\sno|a/c\\snumber|a/c\\sno|account|acct|a/c\\sno.|a/c|ac\\sno)(\\.|\\s)*x+(\\d{0,10}) on\\s(\\d{1,2})(-|/|\\s)(\\d{1,2}|[a-z]{3,9})(-|/|\\s)(\\d{1,4}) through NEFT with UTR.*?by\\s(.*)",
          "reminderType": "ACCOUNT",
          "title": "SBI Bank",
          "messageType": "CREDIT",
          "attributes": [
            {
              "name": "AMOUNT CREDITED",
              "groups": [
                2
              ],
              "dataType": "NUMBER_COMMA"
            },
            {
              "name": "ACCOUNT CREDITED",
              "groups": [
                9
              ],
              "dataType": "TEXT"
            },
            {
              "name": "DATE",
              "groups": [
                10,
                12,
                14
              ],
              "dataType": "DATE"
            },
            {
              "name": "SOURCE",
              "groups": [
                15
              ],
              "dataType": "TEXT"
            }
          ],
          "notificationAttributes": [
            {
              "name": "subText",
              "prefix": "SBI account ",
              "attributeIndex": 1,
              "value": "SBI"
            },
            {
              "name": "contentTitle",
              "prefix": "A/c credited \u20B9",
              "attributeIndex": 0,
              "value": "Credit"
            },
            {
              "name": "contentText",
              "prefix": "\uD83D\uDCB0 ",
              "attributeIndex": 3,
              "value": ""
            }
          ]
        },
        {
          "messageFormat": "Your NEFT of (Rs|INR)\\.?\\s*(([0-9]+(,[0-9]+)*)?(\\.[0-9]{1,2})?).*?(credited|received) to Beneficiary (account\\snumber|account\\sno|a/c\\snumber|a/c\\sno|account|acct|a/c\\sno.|a/c|ac\\sno)(\\.|\\s)*x+(\\d{0,10}) at .*?on\\s(\\d{1,2})(-|/|\\s)(\\d{1,2}|[a-z]{3,9})(-|/|\\s)(\\d{1,4}) at.",
          "reminderType": "ACCOUNT",
          "title": "SBI Bank",
          "messageType": "DEBIT",
          "attributes": [
            {
              "name": "AMOUNT DEBITED",
              "groups": [
                2
              ],
              "dataType": "NUMBER_COMMA"
            },
            {
              "name": "ACCOUNT CREDITED",
              "groups": [
                9
              ],
              "dataType": "TEXT"
            },
            {
              "name": "DATE",
              "groups": [
                10,
                12,
                14
              ],
              "dataType": "DATE"
            }
          ],
          "notificationAttributes": [
            {
              "name": "subText",
              "prefix": "",
              "attributeIndex": -1,
              "value": "SBI"
            },
            {
              "name": "contentTitle",
              "prefix": "A/c debited \u20B9",
              "attributeIndex": 0,
              "value": "Debit"
            },
            {
              "name": "contentText",
              "prefix": "",
              "attributeIndex": -1,
              "value": "NEFT"
            },
            {
              "name": "additionalText",
              "prefix": "\uD83D\uDCB5 ",
              "attributeIndex": 1,
              "value": ""
            }
          ]
        },
        {
          "messageFormat": "Your (account\\snumber|account\\sno|a/c\\snumber|a/c\\sno|account|acct|a/c\\sno.|a/c)(\\.|\\s+)[x]+(\\d{0,10}).*?debited .*with (Rs|INR)[\\.]?\\s*(([0-9]+(,[0-9]+)*)?(\\.[0-9]{1,2})?) on\\s(\\d{1,2})(-|/|\\s)(\\d{1,2}|[a-z]{3,9})(-|/|\\s)(\\d{1,4}) towards NEFT with UTR.",
          "reminderType": "ACCOUNT",
          "title": "SBI Bank",
          "messageType": "DEBIT",
          "attributes": [
            {
              "name": "ACCOUNT DEBITED",
              "groups": [
                3
              ],
              "dataType": "TEXT"
            },
            {
              "name": "AMOUNT DEBITED",
              "groups": [
                5
              ],
              "dataType": "NUMBER_COMMA"
            },
            {
              "name": "DATE",
              "groups": [
                9,
                11,
                13
              ],
              "dataType": "DATE"
            }
          ],
          "notificationAttributes": [
            {
              "name": "subText",
              "prefix": "SBI account ",
              "attributeIndex": 0,
              "value": "SBI"
            },
            {
              "name": "contentTitle",
              "prefix": "A/c debited \u20B9",
              "attributeIndex": 1,
              "value": "Debit"
            },
            {
              "name": "contentText",
              "prefix": "",
              "attributeIndex": -1,
              "value": "NEFT"
            }
          ]
        },
        {
          "messageFormat": "Thank you for using your SBI Debit card.*?\\s*[x|*]+(\\d*\\d*) for a purchase.*?(Rs|INR)[\\.]?\\s*(([0-9]+(,[0-9]+)*)?(\\.[0-9]{1,2})?) on.*?at\\s(.*?)\\stxn#.*?If not done by you, forward this SMS from mobile number registered with SBI.",
          "reminderType": "DEBIT_CARD",
          "title": "SBI Bank",
          "messageType": "PAYMENT",
          "attributes": [
            {
              "name": "DC_NO",
              "groups": [
                1
              ],
              "dataType": "TEXT"
            },
            {
              "name": "AMOUNT DEBITED",
              "groups": [
                3
              ],
              "dataType": "NUMBER_COMMA"
            },
            {
              "name": "LOCATION",
              "groups": [
                7
              ],
              "dataType": "TEXT"
            }
          ],
          "notificationAttributes": [
            {
              "name": "subText",
              "prefix": "SBI debit ",
              "attributeIndex": 0,
              "value": "SBI"
            },
            {
              "name": "contentTitle",
              "prefix": "A/c debited \u20B9",
              "attributeIndex": 1,
              "value": "Debit"
            },
            {
              "name": "contentText",
              "prefix": "\uD83D\uDECD ",
              "attributeIndex": 2,
              "value": ""
            }
          ]
        },
        {
          "messageFormat": "(Rs|INR)[\\.]?\\s*(([0-9]+(,[0-9]+)*)?(\\.[0-9]{1,2})?).*?credited to your.*?(account\\snumber|account\\sno|a/c\\snumber|a/c\\sno|account|acct|a/c\\sno.|a/c)(\\.|\\s+)(\\d*[x|*]+\\d*) on\\s(\\d{1,2})(-|/|\\s)(\\d{1,2}|[a-z]{3,9})(-|/|\\s)(\\d{1,4}) through NEFT.*?by\\s(.*)",
          "reminderType": "ACCOUNT",
          "title": "SBI Bank",
          "messageType": "CREDIT",
          "attributes": [
            {
              "name": "AMOUNT CREDITED",
              "groups": [
                2
              ],
              "dataType": "NUMBER_COMMA"
            },
            {
              "name": "ACCOUNT CREDITED",
              "groups": [
                8
              ],
              "dataType": "TEXT"
            },
            {
              "name": "DATE",
              "groups": [
                9,
                11,
                13
              ],
              "dataType": "DATE"
            },
            {
              "name": "SOURCE",
              "groups": [
                14
              ],
              "dataType": "TEXT"
            }
          ],
          "notificationAttributes": [
            {
              "name": "subText",
              "prefix": "SBI account ",
              "attributeIndex": 1,
              "value": "SBI"
            },
            {
              "name": "contentTitle",
              "prefix": "A/c credited \u20B9",
              "attributeIndex": 0,
              "value": "Credit"
            },
            {
              "name": "contentText",
              "prefix": "\uD83D\uDCB0 ",
              "attributeIndex": 3,
              "value": ""
            }
          ]
        },
        {
          "messageFormat": "Your (account\\snumber|account\\sno|a/c\\snumber|a/c\\sno|account|acct|a/c\\sno.|a/c)(\\.|\\s+)[x|*]+(\\d*\\d*).*?debited for .*(Rs|INR)[\\.]?\\s*(([0-9]+(,[0-9]+)*)?(\\.[0-9]{1,2})?) on\\s(\\d{1,2})(-|/|\\s)(\\d{1,2}|[a-z]{3,9})(-|/|\\s)(\\d{1,4}) and\\s(account\\snumber|account\\sno|a/c\\snumber|a/c\\sno|account|acct|a/c\\sno.|a/c)(\\.|\\s+)[x|*]+(\\d*\\d*).*?credited \\(IMPS Ref no.*",
          "reminderType": "ACCOUNT",
          "title": "SBI Bank",
          "messageType": "DEBIT",
          "attributes": [
            {
              "name": "ACCOUNT DEBITED",
              "groups": [
                3
              ],
              "dataType": "TEXT"
            },
            {
              "name": "AMOUNT DEBITED",
              "groups": [
                5
              ],
              "dataType": "NUMBER_COMMA"
            },
            {
              "name": "DATE",
              "groups": [
                9,
                11,
                13
              ],
              "dataType": "DATE"
            },
            {
              "name": "ACCOUNT CREDITED",
              "groups": [
                16
              ],
              "dataType": "TEXT"
            }
          ],
          "notificationAttributes": [
            {
              "name": "subText",
              "prefix": "SBI account ",
              "attributeIndex": 0,
              "value": "SBI"
            },
            {
              "name": "contentTitle",
              "prefix": "A/c debited \u20B9",
              "attributeIndex": 1,
              "value": "Debit"
            },
            {
              "name": "contentText",
              "prefix": "\uD83D\uDCB5 ",
              "attributeIndex": 3,
              "value": ""
            }
          ]
        },
        {
          "messageFormat": "(Rs|INR)[\\.]?\\s*(([0-9]+(,[0-9]+)*)?(\\.[0-9]{1,2})?).*?(withdrawn|Debited) from (account\\snumber|account\\sno|a/c\\snumber|a/c\\sno|account|acct|a/c\\sno.|a/c)(\\.|\\s+)[x|*]+(\\d*\\s*\\d*) on\\s(\\d{1,2})(-|/|\\s)(\\d{1,2}|[a-z]{3,9})(-|/|\\s)(\\d{1,4}) at\\s(.*?.*?)(txn#|\\.).*?(available|available\\sbalance|Avbl\\sBal|avl\\sbal).*?(Rs|INR)[\\.]?\\s*(([0-9]+(,[0-9]+)*)?(\\.[0-9]{1,2})?).",
          "reminderType": "ATM",
          "title": "SBI Bank",
          "messageType": "WITHDRAWAL",
          "attributes": [
            {
              "name": "AMOUNT DEBITED",
              "groups": [
                2
              ],
              "dataType": "NUMBER_COMMA"
            },
            {
              "name": "ACCOUNT DEBITED",
              "groups": [
                9
              ],
              "dataType": "TEXT"
            },
            {
              "name": "DATE",
              "groups": [
                10,
                12,
                14
              ],
              "dataType": "DATE"
            },
            {
              "name": "LOCATION",
              "groups": [
                15
              ],
              "dataType": "TEXT"
            },
            {
              "name": "AVAILABLE BALANCE",
              "groups": [
                19
              ],
              "dataType": "NUMBER"
            }
          ],
          "notificationAttributes": [
            {
              "name": "subText",
              "prefix": "SBI account ",
              "attributeIndex": 1,
              "value": "SBI"
            },
            {
              "name": "contentTitle",
              "prefix": "ATM Withdrawal \u20B9",
              "attributeIndex": 0,
              "value": "Debit"
            },
            {
              "name": "contentText",
              "prefix": "\uD83D\uDECD ",
              "attributeIndex": 3,
              "value": ""
            },
            {
              "name": "additionalText",
              "prefix": "Available balance \u20B9",
              "attributeIndex": 4,
              "value": ""
            }
          ]
        },
        {
          "messageFormat": "Dear SBI UPI User,.*?(account\\snumber|account\\sno|a/c\\snumber|a/c\\sno|account|acct|a/c\\sno.|a/c)(\\.|\\s+)[x|*]+(\\d*\\s*\\d*).*?credited.*?(Rs|INR)[\\.]?\\s*(([0-9]+(,[0-9]+)*)?(\\.[0-9]{1,2})?) on\\s.*?(\\d{1,4})(-|/)(\\d{1,2}|[a-z]{3,9})(-|/)(\\d{1,2}).*?by\\s(.*?)\\s\\(UPI Ref no.",
          "reminderType": "UPI",
          "title": "SBI Bank",
          "messageType": "CREDIT",
          "attributes": [
            {
              "name": "ACCOUNT CREDITED",
              "groups": [
                3
              ],
              "dataType": "TEXT"
            },
            {
              "name": "AMOUNT CREDITED",
              "groups": [
                5
              ],
              "dataType": "NUMBER_COMMA"
            },
            {
              "name": "DATE",
              "groups": [
                9,
                11,
                13
              ],
              "dataType": "DATE"
            },
            {
              "name": "PAYER",
              "regex": "by\\s(.*?)\\s\\(",
              "groups": [
                14
              ],
              "dataType": "TEXT"
            }
          ],
          "notificationAttributes": [
            {
              "name": "subText",
              "prefix": "SBI account ",
              "attributeIndex": 0,
              "value": "SBI"
            },
            {
              "name": "contentTitle",
              "prefix": "A/c credited \u20B9",
              "attributeIndex": 1,
              "value": "Credit"
            },
            {
              "name": "contentText",
              "prefix": "\uD83D\uDCB0 from ",
              "attributeIndex": 3,
              "value": ""
            }
          ]
        },
        {
          "messageFormat": "Dear SBI UPI User,.*?(account\\snumber|account\\sno|a/c\\snumber|a/c\\sno|account|acct|a/c\\sno.|a/c)(\\.|\\s+).*?debited.*?(Rs|INR)[\\.]?\\s*(([0-9]+(,[0-9]+)*)?(\\.[0-9]{1,2})?) on\\s.*?(\\d{1,4})(-|/)(\\d{1,2}|[a-z]{3,9})(-|/)(\\d{1,2}).*?by\\s.*",
          "reminderType": "UPI",
          "title": "SBI Bank",
          "messageType": "DEBIT",
          "attributes": [
            {
              "name": "AMOUNT DEBITED",
              "groups": [
                4
              ],
              "dataType": "NUMBER_COMMA"
            },
            {
              "name": "DATE",
              "groups": [
                12,
                10,
                8
              ],
              "dataType": "DATE"
            }
          ],
          "notificationAttributes": [
            {
              "name": "subText",
              "prefix": "",
              "attributeIndex": -1,
              "value": "SBI"
            },
            {
              "name": "contentTitle",
              "prefix": "A/c debited \u20B9",
              "attributeIndex": 0,
              "value": "Debit"
            },
            {
              "name": "contentText",
              "prefix": "",
              "attributeIndex": -1,
              "value": "UPI"
            }
          ]
        },
        {
          "messageFormat": "Dear SBI UPI User,.*(account\\snumber|account\\sno|a/c\\snumber|a/c\\sno|account|acct|a/c\\sno.|a/c) is credited.*?(Rs|INR)[\\.]?\\s*(([0-9]+(,[0-9]+)*)?(\\.[0-9]{1,2})?) on\\s.*?(\\d{1,4})(-|/)(\\d{1,2}|[a-z]{3,9})(-|/)(\\d{1,2})",
          "reminderType": "UPI",
          "title": "SBI Bank",
          "messageType": "CREDIT",
          "attributes": [
            {
              "name": "AMOUNT CREDITED",
              "groups": [
                3
              ],
              "dataType": "NUMBER"
            },
            {
              "name": "DATE",
              "groups": [
                11,
                9,
                7
              ],
              "dataType": "DATE"
            }
          ],
          "notificationAttributes": [
            {
              "name": "subText",
              "prefix": "",
              "attributeIndex": -1,
              "value": "SBI"
            },
            {
              "name": "contentTitle",
              "prefix": "A/c credited \u20B9",
              "attributeIndex": 0,
              "value": "Credit"
            },
            {
              "name": "contentText",
              "prefix": "",
              "attributeIndex": -1,
              "value": "UPI"
            }
          ]
        }
      ]
    }
  ],
  "iconLink": "http://assets.tcpay.in/images/tmp/sms-categorizer-avatars/sbin_sms.png"
}