{
  "type": "Bank",
  "senders": [
    {
      "tags": [
        "unionb"
      ],
      "formats": [
        {
          "messageFormat": "Dear Customer,your pension is credited.*?(account\\snumber|account\\sno|a/c\\snumber|a/c\\sno|account|acct||a/c)(\\.|\\s+)([\\d*x]*([x*\\d]{4}))(\\s*)(by|with) (Rs|INR)[\\.|\\s*](\\s*)(([0-9]+(,[0-9]+)*)?(\\.[0-9]{1,2})?)\\son\\s(\\d{1,2})(-|/)(\\d{1,2}|[a-z]{3,9})(-|/)(\\d{1,4}).*?(a/c\\sbalance|balance|avbl\\sbal|updated balance|Avail.bal|avail\\sbal|available\\sbal|availabl\\sbalance).*?(Rs|INR)[\\.|:|\\s*]((-|\\s*)([0-9]+(,[0-9]+)*)?(\\.[0-9]{1,2})?)",
          "reminderType": "ACCOUNT",
          "title": "Union Bank",
          "messageType": "CREDIT",
          "attributes": [
            {
              "name": "account_number",
              "groups": [ 
                4                
              ],
              "dataType": "TEXT"
            },
            {
              "name": "amount_credited",
              "groups": [
                9
              ],
              "dataType": "NUMBER"
            },
            {
              "name": "date",
              "groups": [
                13,
                15,
                17
              ],
              "dataType": "DATE"
            },
            {
              "name": "balance",
              "groups": [
                20
              ],
              "dataType": "TEXT"
            }
          ],
          "notificationAttributes": [
            {
              "name": "subText",
              "prefix": "Union Bank account ",
              "attributeIndex": 0,
              "value": "Union Bank"
            },
            {
              "name": "contentTitle",
              "prefix": "A/c credited \u20B9",
              "attributeIndex": 1,
              "value": "Credit"
            },
            {
              "name": "contentText",
              "prefix": "Available balance \u20B9",
              "attributeIndex": 3,
              "value": ""
            }
          ]
        },
        {
          "messageFormat": "Dear Customer,Your SB (account\\snumber|account\\sno|a/c\\snumber|a/c\\sno|account|acct||a/c)(\\.|\\s+)([\\d*x]*([x*\\d]{4}))(\\s*).*?credited by (.*?) (Rs|INR)[\\.|\\s*](\\s*)(([0-9]+(,[0-9]+)*)?(\\.[0-9]{1,2})?)\\son\\s(\\d{1,2})(-|/)(\\d{1,2}|[a-z]{3,9})(-|/)(\\d{1,4})(.*?)(a/c\\sbalance|balance|avbl\\sbal|updated balance|Avail.bal|avail\\sbal|available\\sbal|availabl\\sbalance).*?(Rs|INR)[\\.|:|\\s*](-?([0-9]+(,[0-9]+)*)?(\\.[0-9]{1,2})?)",
          "reminderType": "ACCOUNT",
          "title": "Union Bank",
          "messageType": "CREDIT",
          "attributes": [
            {
              "name": "account_number",
              "groups": [
                4
              ],
              "dataType": "TEXT"
            },
            {
              "name": "amount",
              "groups": [
                9
              ],
              "dataType": "NUMBER"
            },
            {
              "name": "date",
              "groups": [
               13 ,
               15 ,
               17 
              ],
              "dataType": "DATE"
            },
            {
              "name": "balance",
              "groups": [
               21 
              ],
              "dataType": "TEXT"
            }
          ],
          "notificationAttributes": [
            {
              "name": "subText",
              "prefix": "Union Bank account ",
              "attributeIndex": 0,
              "value": "Union Bank"
            },
            {
              "name": "contentTitle",
              "prefix": "A/c credited \u20B9",
              "attributeIndex": 1,
              "value": "Credit"
            },
            {
              "name": "contentText",
              "prefix": "Available balance \u20B9",
              "attributeIndex": 3,
              "value": ""
            }
          ]
        },
        {
          "messageFormat": "your(.*?)(account\\snumber|account\\sno|a/c\\snumber|a/c\\sno|account|acct|a/c)(\\s*)([\\d*x]*([x*\\d]{4}))(\\s*)is credited (by|for) (Rs|INR|Re)([\\.]?\\s*)(([0-9]+(,[0-9]+)*)?(\\.[0-9]{1,2})?)\\son\\s(\\d{1,2})(-|/)(\\d{1,2}|[a-z]{3,9})(-|/)(\\d{1,4}).*?(a/c\\sbalance|balance|avbl\\sbal|updated balance|Avail.bal|avail\\sbal|available\\sbal|availabel\\sbalance)\\s(Rs|INR|Re)(:|\\.|s*)((-|\\s*)([0-9]+(,[0-9]+)*)?(\\.[0-9]{1,2})?)",
          "reminderType": "ACCOUNT",
          "title": "Union Bank",
          "messageType": "CREDIT",
          "attributes": [
            {
              "name": "account_number",
              "groups": [
                5
              ],
              "dataType": "TEXT"
            },
            {
              "name": "amount",
              "groups": [
              10
              ],
              "dataType": "NUMBER"
            },
            {
              "name": "date",
              "groups": [
               14 ,
               16 ,
               18 
              ],
              "dataType": "DATE"
            },
            {
              "name": "balance",
              "groups": [
              24
              ],
              "dataType": "TEXT"
            }
          ],
          "notificationAttributes": [
            {
              "name": "subText",
              "prefix": "Union Bank account ",
              "attributeIndex": 0,
              "value": "Union Bank"
            },
            {
              "name": "contentTitle",
              "prefix": "A/c credited \u20B9",
              "attributeIndex": 1,
              "value": "Credit"
            },
            {
              "name": "contentText",
              "prefix": "Available balance \u20B9",
              "attributeIndex": 3,
              "value": ""
            }
          ]
        },
        {
          "messageFormat": "your (.*?) (account\\snumber|account\\sno|a/c\\snumber|a/c\\sno|account|acct|a/c)(\\s*)([\\d*x]*([x*\\d]{4}))(\\s*)in (.*?) credited(by|for|\\s*) (Rs|INR|Re)([\\.]?\\s*)(([0-9]+(,[0-9]+)*)?(\\.[0-9]{1,2})?)\\son\\s(\\d{1,2})(-|/)(\\d{1,2}|[a-z]{3,9})(-|/)(\\d{1,4}).*?(a/c\\sbalance|balance|avbl\\sbal|updated balance|Avail.bal|avail\\sbal|available\\sbal|available\\sbalance|bal)(.*?)(\\s)(Rs|INR|Re)(:|\\.|s*)((-|\\s*)([0-9]+(,[0-9]+)*)?(\\.[0-9]{1,2})?)",
          "reminderType": "ACCOUNT",
          "title": "Union Bank",
          "messageType": "CREDIT",
          "attributes": [
            {
              "name": "account_number",
              "groups": [
               5 
              ],
              "dataType": "TEXT"
            },
            {
              "name": "amount",
              "groups": [
              11
              ],
              "dataType": "NUMBER"
            },
            {
              "name": "date",
              "groups": [
                15,
                17,
                19
              ],
              "dataType": "DATE"
            },
            {
              "name": "balance",
              "groups": [
                27
              ],
              "dataType": "TEXT"
            }
          ],
          "notificationAttributes": [
            {
              "name": "subText",
              "prefix": "Union Bank account ",
              "attributeIndex": 0,
              "value": "Union Bank"
            },
            {
              "name": "contentTitle",
              "prefix": "A/c credited \u20B9",
              "attributeIndex": 1,
              "value": "Credit"
            },
            {
              "name": "contentText",
              "prefix": "Available balance \u20B9",
              "attributeIndex": 3,
              "value": ""
            }
          ]
        },
        {
          "messageFormat": "your (.*?) (account\\snumber|account\\sno|a/c\\snumber|a/c\\sno|account|acct|a/c)(\\s*)([\\d*x]*([x*\\d]{4}))(\\s*)is debited (for|with) (Rs|INR|Re)([\\.]?\\s*)(([0-9]+(,[0-9]+)*)?(\\.[0-9]{1,2})?)\\son\\s(\\d{1,2})(-|/)(\\d{1,2}|[a-z]{3,9})(-|/)(\\d{1,4})(.*?).*?NEFT.*?",
          "reminderType": "ACCOUNT",
          "title": "Union Bank",
          "messageType": "DEBIT",
          "attributes": [
            {
              "name": "account_number",
              "groups": [
               5 
              ],
              "dataType": "TEXT"
            },
            {
              "name": "amount",
              "groups": [
               10 
              ],
              "dataType": "NUMBER"
            },
            {
              "name": "date",
              "groups": [
                14,
                16,
                18
              ],
              "dataType": "DATE"
            }
          ],
          "notificationAttributes": [
            {
              "name": "subText",
              "prefix": "Union Bank account ",
              "attributeIndex": 0,
              "value": "Union Bank"
            },
            {
              "name": "contentTitle",
              "prefix": "A/c debited \u20B9",
              "attributeIndex": 1,
              "value": "Credit"
            },
            {
              "name": "contentText",
              "prefix": "",
              "attributeIndex": -1,
              "value": "NEFT"
            }
          ]
        },
        {
          "messageFormat": "your(.*?)(account\\snumber|account\\sno|a/c\\snumber|a/c\\sno|account|acct|a/c)(\\s*)([\\d*x]*([x*\\d]{4}))(\\s*)is debited (by|for) (Rs|INR|Re)([\\.]?\\s*)(([0-9]+(,[0-9]+)*)?(\\.[0-9]{1,2})?)\\son\\s(\\d{1,2})(-|/)(\\d{1,2}|[a-z]{3,9})(-|/)(\\d{1,4})(.*?)(a/c\\sbalance|balance|avbl\\sbal|updated balance|Avail.bal|avail\\sbal|available\\sbal|available\\sbalance|bal) (Rs|INR|Re)(:-|:|\\.|s*)(([0-9]+(,[0-9]+)*)?(\\.[0-9]{1,2})?)",
          "reminderType": "ACCOUNT",
          "title": "Union Bank",
          "messageType": "DEBIT",
          "attributes": [
            {
              "name": "account_number",
              "groups": [
               5 
              ],
              "dataType": "TEXT"
            },
            {
              "name": "amount",
              "groups": [
               10 
              ],
              "dataType": "NUMBER"
            },
            {
              "name": "date",
              "groups": [
               14 ,
               16 ,
               18 
              ],
              "dataType": "DATE"
            },
            {
              "name": "balance",
              "groups": [
               23 
              ],
              "dataType": "TEXT"
            }
          ],
          "notificationAttributes": [
            {
              "name": "subText",
              "prefix": "Union Bank account ",
              "attributeIndex": 0,
              "value": "Union Bank"
            },
            {
              "name": "contentTitle",
              "prefix": "A/c debited \u20B9",
              "attributeIndex": 1,
              "value": "Credit"
            },
            {
              "name": "contentText",
              "prefix": "Available balance \u20B9",
              "attributeIndex": 3,
              "value": ""
            }
          ]
        }
      ]
    }
  ],
  "iconLink": "http://assets.tcpay.in/images/tmp/sms-categorizer-avatars/ubin_sms.png"
}