{
  "type": "Operator",
  "senders": [
    {
      "tags": [
        "611117",
        "vodafone",
        "vfcare"
      ],
      "formats": [
        {
          "messageFormat": "Hello, Your Vodafone bill for .*? of (Rs|INR)[\\.]?\\s*(([0-9]+(,[0-9]+)?)?(\\.[0-9]{1,2})?) due on\\s(\\d{1,2})(-|/)(\\d{1,2}|[a-z]{3,9})(-|/)(\\d{1,4}) has been sent to your regd email ID .*?. Here's a brief look at your Vodafone bill dt .*?\\..*",
          "reminderType": "POSTPAID",
          "title": "Vodafone",
          "messageType": "BILL_REMINDER",
          "attributes": [
            {
              "name": "AmountPayable",
              "groups": [
                2
              ],
              "dataType": "NUMBER"
            },
            {
              "name": "DueDate",
              "groups": [
                6,
                8,
                10
              ],
              "dataType": "DATE"
            }
          ],
          "notificationAttributes": [
            {
              "name": "subText",
              "prefix": "",
              "attributeIndex": -1,
              "value": "Vodafone Postpaid"
            },
            {
              "name": "contentTitle",
              "prefix": "Amount due \u20B9",
              "attributeIndex": 0,
              "value": "Bill due"
            },
            {
              "name": "contentText",
              "prefix": "on ",
              "attributeIndex": 1,
              "value": ""
            }
          ]
        },
		{
          "messageFormat": "We received (payment of (Rs|INR)[\\.]?\\s*(([0-9]+(,[0-9]+)?)?(\\.[0-9]{1,2})?) for\\s(.*?)) by\\s(.*?)\\..*? Amt to be credited in .*? mins\\..*",
          "reminderType": "POSTPAID",
          "title": "Vodafone",
          "messageType": "BILL_PAID",
          "attributes": [
            {
              "name": "AmountPaid",
              "groups": [
                3
              ],
              "dataType": "NUMBER"
            },
            {
              "name": "MobileNumber",
              "groups": [
                7
              ],
              "dataType": "TEXT"
            },
			{
              "name": "Source",
              "groups": [
			  8
              ],
              "dataType": "TEXT"
            }
          ],
          "notificationAttributes": [
            {
              "name": "subText",
              "prefix": "",
              "attributeIndex": -1,
              "value": "Vodafone Postpaid"
            },
            {
              "name": "contentTitle",
              "prefix": "Amount paid \u20B9",
              "attributeIndex": 0,
              "value": "Bill due"
            },
            {
              "name": "contentText",
              "prefix": "for ",
              "attributeIndex": 1,
              "value": ""
            }
          ]
        },
		{
          "messageFormat": ".*?Please make an immediate payment of\\s+(Rs|INR)[\\.]?\\s*(([0-9]+(,[0-9]+)?)?(\\.[0-9]{1,2})?) to enjoy uninterrupted services..*",
          "reminderType": "POSTPAID",
          "title": "Vodafone",
          "messageType": "BILL_REMINDER",
          "attributes": [
            {
              "name": "AmountPayable",
              "groups": [
                2
              ],
              "dataType": "NUMBER"
            }
          ],
          "notificationAttributes": [
            {
              "name": "subText",
              "prefix": "",
              "attributeIndex": -1,
              "value": "Vodafone Postpaid"
            },
            {
              "name": "contentTitle",
              "prefix": "Amount due \u20B9",
              "attributeIndex": 0,
              "value": "Bill due"
            },
            {
              "name": "contentText",
              "prefix": "",
              "attributeIndex": -1,
              "value": ""
            }
          ]
        },
		{
          "messageFormat": "Dear customer, your Vodafone bill of (Rs|INR)[\\.]?\\s*(([0-9]+(,[0-9]+)?)?(\\.[0-9]{1,2})?) is due on\\s(\\d{1,2})(-|/)(\\d{1,2}|[a-z]{3,9})(-|/)(\\d{1,4}). A gentle reminder to pay your bill on time and avoid any late payment charges\\..*",
          "reminderType": "POSTPAID",
          "title": "Vodafone",
          "messageType": "BILL_REMINDER",
          "attributes": [
            {
              "name": "AmountPayable",
              "groups": [
                2
              ],
              "dataType": "NUMBER"
            },
            {
              "name": "DueDate",
              "groups": [
                6,
                8,
                10
              ],
              "dataType": "DATE"
            }
          ],
          "notificationAttributes": [
            {
              "name": "subText",
              "prefix": "",
              "attributeIndex": -1,
              "value": "Vodafone Postpaid"
            },
            {
              "name": "contentTitle",
              "prefix": "Amount due \u20B9",
              "attributeIndex": 0,
              "value": "Bill due"
            },
            {
              "name": "contentText",
              "prefix": "on ",
              "attributeIndex": 1,
              "value": ""
            }
          ]
        },
		{
          "messageFormat": "Hello! Avoid late payment fee of .*? by paying your Vodafone Bill of (Rs|INR)[\\.]?\\s*(([0-9]+(,[0-9]+)?)?(\\.[0-9]{1,2})?)  before (\\d{1,2})(-|/)(\\d{1,2}|[a-z]{3,9})(-|/)(\\d{1,4})\\..*",
          "reminderType": "POSTPAID",
          "title": "Vodafone",
          "messageType": "BILL_REMINDER",
          "attributes": [
            {
              "name": "AmountPayable",
              "groups": [
                2
              ],
              "dataType": "NUMBER"
            },
            {
              "name": "DueDate",
              "groups": [
                6,
                8,
                10
              ],
              "dataType": "DATE"
            }
          ],
          "notificationAttributes": [
            {
              "name": "subText",
              "prefix": "",
              "attributeIndex": -1,
              "value": "Vodafone Postpaid"
            },
            {
              "name": "contentTitle",
              "prefix": "Amount due \u20B9",
              "attributeIndex": 0,
              "value": "Bill due"
            },
            {
              "name": "contentText",
              "prefix": "on ",
              "attributeIndex": 1,
              "value": ""
            }
          ]
        },
		{
          "messageFormat": "Hello! We have credited .*?Payment of (Rs|INR)[\\.]?\\s*(([0-9]+(,[0-9]+)?)?(\\.[0-9]{1,2})?) to your Vodafone (mobile phone (.*?))\\. Your outstanding as on (\\d{1,4})(-|/)(\\d{1,2}|[a-z]{3,9})(-|/)(\\d{1,2}) (Rs|INR)[\\.]?\\s*(( -)?([0-9]+(,[0-9]+)?)?(\\.[0-9]{1,2})?)\\..*",
          "reminderType": "POSTPAID",
          "title": "Vodafone",
          "messageType": "BILL_PAID",
          "attributes": [
            {
              "name": "AmountPaid",
              "groups": [
                2
              ],
              "dataType": "NUMBER"
            },
            {
              "name": "MobileNumber",
              "groups": [
                7
              ],
              "dataType": "TEXT"
            },
			{
              "name": "Date",
              "groups": [
			    12,
			    10,
			    8
              ],
              "dataType": "DATE"
            },
			{
              "name": "OutstandingBalance",
              "groups": [
			    14
              ],
              "dataType": "TEXT"
            }
          ],
          "notificationAttributes": [
            {
              "name": "subText",
              "prefix": "",
              "attributeIndex": -1,
              "value": "Vodafone Postpaid"
            },
            {
              "name": "contentTitle",
              "prefix": "Amount paid \u20B9",
              "attributeIndex": 0,
              "value": "Bill due"
            },
            {
              "name": "contentText",
              "prefix": "outstanding \u20B9",
              "attributeIndex": 3,
              "value": ""
            }
          ]
        },
		{
          "messageFormat": "Rchrg of MRP (Rs|INR)[\\.]?\\s*(([0-9]+(,[0-9]+)?)?(\\.[0-9]{1,2})?) on (\\d{1,2})(-|/)(\\d{1,2}|[a-z]{3,9})(-|/)(\\d{1,4}) successful.Tlktime rcvd.*?,GST.*?,AccessFee.*?,New Bal (Rs|INR)[\\.]?\\s*(([0-9]+(,[0-9]+)?)?(\\.[0-9]{1,2})?)\\..*",
          "reminderType": "PREPAID",
          "title": "Vodafone",
          "messageType": "RECHARGE",
          "attributes": [
            {
              "name": "RechargeAmount",
              "groups": [
                2
              ],
              "dataType": "NUMBER"
            },
			{
              "name": "Date",
              "groups": [
                6,
                8,
                10
              ],
              "dataType": "DATE"
            },
            {
              "name": "Balance",
              "groups": [
                12
              ],
              "dataType": "NUMBER"
            }
          ],
          "notificationAttributes": [
            {
              "name": "subText",
              "prefix": "",
              "attributeIndex": -1,
              "value": "Vodafone Prepaid"
            },
            {
              "name": "contentTitle",
              "prefix": "Recharge done \u20B9",
              "attributeIndex": 0,
              "value": "Recharge"
            },
            {
              "name": "contentText",
              "prefix": "Balance \u20B9",
              "attributeIndex": 2,
              "value": ""
            }
          ]
        },
		{
          "messageFormat": "Hello! Talktime Recharge of (Rs|INR)[\\.]?\\s*(([0-9]+(,[0-9]+)?)?(\\.[0-9]{1,2})?) on (\\d{1,2})(-|/)(\\d{1,2}|[a-z]{3,9})(-|/)(\\d{1,4}) is successful.Talktime received.*?. GST charged.*?, Access Fee.*?.New balance is (Rs|INR)[\\.]?\\s*(([0-9]+(,[0-9]+)?)?(\\.[0-9]{1,2})?)\\.",
          "reminderType": "PREPAID",
          "title": "Vodafone",
          "messageType": "RECHARGE",
          "attributes": [
            {
              "name": "RechargeAmount",
              "groups": [
                2
              ],
              "dataType": "NUMBER"
            },
			{
              "name": "Date",
              "groups": [
                6,
                8,
                10
              ],
              "dataType": "DATE"
            },
            {
              "name": "Balance",
              "groups": [
                12
              ],
              "dataType": "NUMBER"
            }
          ],
          "notificationAttributes": [
            {
              "name": "subText",
              "prefix": "",
              "attributeIndex": -1,
              "value": "Vodafone Prepaid"
            },
            {
              "name": "contentTitle",
              "prefix": "Recharge done \u20B9",
              "attributeIndex": 0,
              "value": "Recharge"
            },
            {
              "name": "contentText",
              "prefix": "Balance \u20B9",
              "attributeIndex": 2,
              "value": ""
            }
          ]
        },
		{
          "messageFormat": "Hello! Mini statement for your bill dated.*?; (Current Chrgs:.*?((Rs|INR)[\\.]?\\s*)?(([0-9]+(,[0-9]+)?)?(\\.[0-9]{1,2})?)),(Prev Bal:((Rs|INR)[\\.]?\\s*)?(([0-9]+(,[0-9]+)?)?(\\.[0-9]{1,2})?)),(Total Amt Due:((Rs|INR)[\\.]?\\s*)?(([0-9]+(,[0-9]+)?)?(\\.[0-9]{1,2})?)), Payment Due Date:(\\d{1,2})(-|/)(\\d{1,2}|[a-z]{3,9})(-|/)(\\d{1,4})",
          "reminderType": "POSTAID",
          "title": "Vodafone",
          "messageType": "MINI_STATEMENT",
          "attributes": [
            {
              "name": "CurrentCharges",
              "groups": [
                4
              ],
              "dataType": "NUMBER"
            },
			{
              "name": "PreviousBalance",
              "groups": [
                11
              ],
              "dataType": "NUMBER"
            },
            {
              "name": "AmountPayable",
              "groups": [
                18
              ],
              "dataType": "NUMBER"
            },
			{
              "name": "DueDate",
              "groups": [
                22,
				24,
				26
              ],
              "dataType": "DATE"
            }
          ],
          "notificationAttributes": [
            {
              "name": "subText",
              "prefix": "",
              "attributeIndex": -1,
              "value": "Vodafone Postpaid"
            },
            {
              "name": "contentTitle",
              "prefix": "Total due \u20B9",
              "attributeIndex": 2,
              "value": "Bill due"
            },
            {
              "name": "contentText",
              "prefix": "on ",
              "attributeIndex": 3,
              "value": ""
            }
          ]
        },
        {
          "messageFormat": "Dear Customer! your Vodafone bill of (Rs|INR)[\\.]?\\s*(([0-9]+(,[0-9]+)?)?(\\.[0-9]{1,2})?)  due on (\\d{1,2})(-|/)(\\d{1,2}|[a-z]{3,9})(-|/)(\\d{1,4})\\..*",
          "reminderType": "POSTPAID",
          "title": "Vodafone",
          "messageType": "BILL_REMINDER",
          "attributes": [
            {
              "name": "AmountPayable",
              "groups": [
                2
              ],
              "dataType": "NUMBER"
            },
            {
              "name": "DueDate",
              "groups": [
                6,
                8,
                10
              ],
              "dataType": "DATE"
            }
          ],
          "notificationAttributes": [
            {
              "name": "subText",
              "prefix": "",
              "attributeIndex": -1,
              "value": "Vodafone Postpaid"
            },
            {
              "name": "contentTitle",
              "prefix": "Amount due \u20B9",
              "attributeIndex": 0,
              "value": "Bill due"
            },
            {
              "name": "contentText",
              "prefix": "on ",
              "attributeIndex": 1,
              "value": ""
            }
          ]
        },
        {
          "messageFormat": "Hello! Your Vodafone mobile bill of (Rs|INR)[\\.]?\\s*(([0-9]+(,[0-9]+)?)?(\\.[0-9]{1,2})?) is due on (\\d{1,2})(-|/)(\\d{1,2}|[a-z]{3,9})(-|/)(\\d{1,4})\\..*",
          "reminderType": "POSTPAID",
          "title": "Vodafone Bill",
          "messageType": "BILL_REMINDER",
          "attributes": [
            {
              "name": "AmountPayable",
              "groups": [
                2
              ],
              "dataType": "NUMBER"
            },
            {
              "name": "DueDate",
              "groups": [
                6,
                8,
                10
              ],
              "dataType": "DATE"
            }
          ],
          "notificationAttributes": [
            {
              "name": "subText",
              "prefix": "",
              "attributeIndex": -1,
              "value": "Vodafone Postpaid"
            },
            {
              "name": "contentTitle",
              "prefix": "Amount due \u20B9",
              "attributeIndex": 0,
              "value": "Bill due"
            },
            {
              "name": "contentText",
              "prefix": "on ",
              "attributeIndex": 1,
              "value": ""
            }
          ]
        }
      ]
    }
  ],
  "iconLink": "http://assets.tcpay.in/images/tmp/sms-categorizer-avatars/vodafone_sms.png"
}