{
  "kullu": "kuu",
  "colombo": "cmb",
  "guwahati": "gau",
  "pondicherry": "pny",
  "jaipur": "jai",
  "pantnagar": "pgh",
  "raipur": "rpr",
  "amritsar": "atq",
  "puttaparthi": "put",
  "coimbatore": "cjb",
  "chennai": "maa",
  "khajuraho": "hjr",
  "dibrugarh": "dib",
  "tirupati": "tir",
  "jammu": "ixj",
  "dehradun": "ded",
  "shillong": "shl",
  "allahabad": "ixd",
  "kochi": "cok",
  "dubai": "dxb",
  "gwalior": "gwl",
  "belgaum": "ixg",
  "surat": "stv",
  "tiruchirapally": "trz",
  "pathankot": "ixp",
  "madurai": "ixm",
  "hubli": "hbx",
  "sholapur": "sse",
  "silchar": "ixs",
  "visakhapatnam": "vtz",
  "calicut": "ccj",
  "goa": "goi",
  "leh": "ixl",
  "udaipur": "udr",
  "bhopal": "bho",
  "tezpur": "tez",
  "shimla": "slv",
  "bhubaneshwar": "bbi",
  "bangkok": "bkk",
  "portblair": "ixz",
  "porbandar": "pbd",
  "diu": "diu",
  "vijaywada": "vga",
  "bangalore": "blr",
  "pune": "pnq",
  "lucknow": "lko",
  "mumbai": "bom",
  "bhuj": "bhj",
  "nanded": "ndc",
  "hyderabad": "hyd",
  "bagdogra": "ixb",
  "agattiisland": "agx",
  "kanpur": "knu",
  "gorakhpur": "gop",
  "agartala": "ixa",
  "ujjain": "ujj",
  "kandla": "ixy",
  "dharamshala": "dhm",
  "latur": "ltu",
  "agra": "agr",
  "ranchi": "ixr",
  "jamnagar": "jga",
  "lilabari": "ixi",
  "jaisalmer": "jsa",
  "patna": "pat",
  "chandigarh": "ixc",
  "ludhiana": "luh",
  "rajkot": "raj",
  "jabalpur": "jlr",
  "tuticorin": "tcr",
  "ahmedabad": "amd",
  "vidyanagar": "vdy",
  "gaya": "gay",
  "indore": "idr",
  "kolhapur": "klh",
  "mangalore": "ixe",
  "rajahmundry": "rja",
  "jamshedpur": "ixw",
  "salem": "sxv",
  "aizawl": "ajl",
  "newdelhi": "del",
  "varanasi": "vns",
  "mysore": "myq",
  "vadodara": "bdq",
  "kolkata": "ccu",
  "dimapur": "dmu",
  "jodhpur": "jdh",
  "satna": "tni",
  "jorhat": "jrh",
  "nasik": "isk",
  "trivandrum": "trv",
  "aurangabad": "ixu",
  "srinagar": "sxr",
  "bhavnagar": "bhu",
  "nagpur": "nag",
  "rewa": "rew",
  "bellary": "bep",
  "imphal": "imf",
  "singapore": "sin"
}