{
  "type": "Bank",
  "senders": [
    {
      "tags": [
        "bobcrd",
        "bobsms",
        "bobtxn",
        "baroda",
        "bobadc",
        "bobatm",
        "bobbnk"
      ],
      "formats": [
        {
          "messageFormat": "Dear Customer, Your BOBCARD account is credited with (Rs|INR)[\\.]?\\s*(([0-9]+(,[0-9]+)*)?(\\.[0-9]{1,2})?) being refund received from.*",
          "reminderType": "ACCOUNT",
          "title": "Bank Of Baroda",
          "messageType": "CREDIT",
          "attributes": [
            {
              "name": "AmountCredited",
              "groups": [
                2
              ],
              "dataType": "NUMBER"
            }
          ],
          "notificationAttributes": [
            {
              "name": "subText",
              "prefix": "",
              "attributeIndex": -1,
              "value": "Bank of Baroda"
            },
            {
              "name": "contentTitle",
              "prefix": "A/c credited \u20B9",
              "attributeIndex": 0,
              "value": "Credit"
            },
            {
              "name": "contentText",
              "prefix": "",
              "attributeIndex": -1,
              "value": ""
            }
          ]
        },
        {
          "messageFormat": "Transaction on (BobCard [x]+(\\d{0,10})) for (Rs|INR)[\\.]?\\s*(([0-9]+(,[0-9]+)*)?(\\.[0-9]{1,2})?) on (\\d{1,2})(-|/|.)(\\d{1,2}|[a-z]{3,9})(-|/|.)(\\d{1,4}) .*? at (.*?) is Successful.Your (Avl limit is (Rs|INR)[\\.]?\\s*(([0-9]+(,[0-9]+)*)?(\\.[0-9]{1,2})?))",
          "reminderType": "CREDIT_CARD",
          "title": "Bank Of Baroda",
          "messageType": "PAYMENT",
          "attributes": [
            {
              "name": "CreditCard",
              "groups": [
                2
              ],
              "dataType": "TEXT"
            },
            {
              "name": "AmountDebited",
              "groups": [
                4
              ],
              "dataType": "NUMBER"
            },
            {
              "name": "Date",
              "groups": [
                8,
                10,
                12
              ],
              "dataType": "DATE"
            },
            {
              "name": "Location",
              "groups": [
                13
              ],
              "dataType": "TEXT"
            },
            {
              "name": "AvailableLimit",
              "groups": [
                16
              ],
              "dataType": "NUMBER"
            }
          ],
          "notificationAttributes": [
            {
              "name": "subText",
              "prefix": "Bank of Baroda credit ",
              "attributeIndex": 0,
              "value": "Bank of Baroda"
            },
            {
              "name": "contentTitle",
              "prefix": "Spent \u20B9",
              "attributeIndex": 1,
              "value": "Spent"
            },
            {
              "name": "contentText",
              "prefix": "\uD83D\uDECD ",
              "attributeIndex": 3,
              "value": ""
            },
            {
              "name": "additionalText",
              "prefix": "Credit limit \u20B9",
              "attributeIndex": 4,
              "value": ""
            }
          ]
        },
        {
          "messageFormat": "Your BOBCARD bill dt (\\d{1,2})(-|/|.)(\\d{1,2}|[a-z]{3,9})(-|/|.)(\\d{1,4}) for (Rs|INR)[\\.]?\\s*(([0-9]+(,[0-9]+)*)?(\\.[0-9]{1,2})?) due on (\\d{1,2})(-|/|.)(\\d{1,2}|[a-z]{3,9})(-|/|.)(\\d{1,4}) is",
          "reminderType": "CREDIT_CARD",
          "title": "Bank Of Baroda",
          "messageType": "NEW_BILL",
          "attributes": [
            {
              "name": "BillDate",
              "groups": [
                1,
                3,
                5
              ],
              "dataType": "DATE"
            },
            {
              "name": "AmountPayable",
              "groups": [
                7
              ],
              "dataType": "NUMBER"
            },
            {
              "name": "DueDate",
              "groups": [
                11,
                13,
                15
              ],
              "dataType": "DATE"
            }
          ],
          "notificationAttributes": [
            {
              "name": "subText",
              "prefix": "",
              "attributeIndex": -1,
              "value": "Bank of Baroda"
            },
            {
              "name": "contentTitle",
              "prefix": "Bill due for \u20B9",
              "attributeIndex": 1,
              "value": "Bill due"
            },
            {
              "name": "contentText",
              "prefix": "Due on ",
              "attributeIndex": 2,
              "value": ""
            }
          ]
        },
        {
          "messageFormat": "Your BOBCARDS Bill dt (\\d{1,2})(-|/|.)(\\d{1,2}|[a-z]{3,9})(-|/|.)(\\d{1,4}) for (Rs|INR)[\\.]?\\s*(([0-9]+(,[0-9]+)*)?(\\.[0-9]{1,2})?) has been generated. Pl pay total or min due of (Rs|INR)[\\.]?\\s*(([0-9]+(,[0-9]+)*)?(\\.[0-9]{1,2})?) on or before (\\d{1,2})(-|/|.)(\\d{1,2}|[a-z]{3,9})(-|/|.)(\\d{1,4}).*",
          "reminderType": "CREDIT_CARD",
          "title": "Bank Of Baroda",
          "messageType": "REMINDER",
          "attributes": [
            {
              "name": "BillDate",
              "groups": [
                1,
                3,
                5
              ],
              "dataType": "DATE"
            },
            {
              "name": "AmountPayable",
              "groups": [
                7
              ],
              "dataType": "NUMBER"
            },
            {
              "name": "MinimumDue",
              "groups": [
                12
              ],
              "dataType": "NUMBER"
            },
            {
              "name": "DueDate",
              "groups": [
                16,
                18,
                20
              ],
              "dataType": "DATE"
            }
          ],
          "notificationAttributes": [
            {
              "name": "subText",
              "prefix": "",
              "attributeIndex": -1,
              "value": "Bank of Baroda"
            },
            {
              "name": "contentTitle",
              "prefix": "Bill due for \u20B9",
              "attributeIndex": 1,
              "value": "Bill due"
            },
            {
              "name": "contentText",
              "prefix": "Due on ",
              "attributeIndex": 3,
              "value": ""
            },
            {
              "name": "additionalText",
              "prefix": "Min due \u20B9",
              "attributeIndex": 2,
              "value": ""
            }
          ]
        },
        {
          "messageFormat": "Your (account\\snumber|account\\sno|a/c\\snumber|a/c\\sno)\\.\\s+[x]+(\\d{0,10}) is debited for (Rs|INR)[\\.]?\\s*(([0-9]+(,[0-9]+)*)?(\\.[0-9]{1,2})?) on (\\d{1,2})(-|/)(\\d{1,2}|[a-z]{3,9})(-|/)(\\d{1,4}) and credited to VPA (.*?) \\(UPI",
          "reminderType": "UPI",
          "title": "Bank Of Baroda",
          "messageType": "DEBIT",
          "attributes": [
            {
              "name": "AccountDebited",
              "groups": [
                2
              ],
              "dataType": "TEXT"
            },
            {
              "name": "AmountDebited",
              "groups": [
                4
              ],
              "dataType": "NUMBER"
            },
            {
              "name": "Date",
              "groups": [
                8,
                10,
                12
              ],
              "dataType": "DATE"
            },
            {
              "name": "AccountCredited",
              "groups": [
                13
              ],
              "dataType": "TEXT"
            }
          ],
          "notificationAttributes": [
            {
              "name": "subText",
              "prefix": "Bank of Baroda account ",
              "attributeIndex": 0,
              "value": "Bank of Baroda"
            },
            {
              "name": "contentTitle",
              "prefix": "Paid \u20B9",
              "attributeIndex": 1,
              "value": "Debit"
            },
            {
              "name": "contentText",
              "prefix": "\uD83D\uDCB5 to ",
              "attributeIndex": 3,
              "value": ""
            }
          ]
        },
        {
          "messageFormat": "Your BOBCARDS Bill dt (\\d{1,2})(-|/|.)(\\d{1,2}|[a-z]{3,9})(-|/|.)(\\d{1,4}) for (Rs|INR)[\\.]?\\s*(([0-9]+(,[0-9]+)*)?(\\.[0-9]{1,2})?) has been generated.  Your card is under Auto Debit, pl maintain sufficient balance in your a/c on due date.*",
          "reminderType": "CREDIT_CARD",
          "title": "Bank Of Baroda",
          "messageType": "NEW_BILL",
          "attributes": [
            {
              "name": "BillDate",
              "groups": [
                1,
                3,
                5
              ],
              "dataType": "DATE"
            },
            {
              "name": "AmountPayable",
              "groups": [
                7
              ],
              "dataType": "NUMBER"
            }
          ],
          "notificationAttributes": [
            {
              "name": "subText",
              "prefix": "",
              "attributeIndex": -1,
              "value": "Bank of Baroda"
            },
            {
              "name": "contentTitle",
              "prefix": "Bill due for \u20B9",
              "attributeIndex": 1,
              "value": "Bill due"
            },
            {
              "name": "contentText",
              "prefix": "",
              "attributeIndex": -1,
              "value": ""
            }
          ]
        },
        {
          "messageFormat": "Cheque No .* for (Rs|INR)[\\.]?\\s*(([0-9]+(,[0-9]+)*)?(\\.[0-9]{1,2})?) is Debited to (a/c\\s+\\.+(\\d{0,10})) on (\\d{1,2})(-|/)(\\d{1,2}|[a-z]{3,9})(-|/)(\\d{1,4}).*?(current clear bal (Rs|INR)[\\.]?\\s*(([0-9]+(,[0-9]+)*)?(\\.[0-9]{1,2})?) at.*)",
          "reminderType": "ACCOUNT",
          "title": "Bank Of Baroda",
          "messageType": "DEBIT",
          "attributes": [
            {
              "name": "AmountDebited",
              "groups": [
                2
              ],
              "dataType": "NUMBER"
            },
            {
              "name": "AccountDebited",
              "groups": [
                7
              ],
              "dataType": "TEXT"
            },
            {
              "name": "Date",
              "groups": [
                8,
                10,
                12
              ],
              "dataType": "DATE"
            },
            {
              "name": "AvailableBalance",
              "groups": [
                15
              ],
              "dataType": "NUMBER"
            }
          ],
          "notificationAttributes": [
            {
              "name": "subText",
              "prefix": "Bank of Baroda account ",
              "attributeIndex": 1,
              "value": "Bank of Baroda"
            },
            {
              "name": "contentTitle",
              "prefix": "A/c debited \u20B9",
              "attributeIndex": 0,
              "value": "Amount debited"
            },
            {
              "name": "contentText",
              "prefix": "Available balance \u20B9",
              "attributeIndex": 3,
              "value": ""
            }
          ]
        },
        {
          "messageFormat": "(Rs|INR)[\\.]?\\s*(([0-9]+(,[0-9]+)*)?(\\.[0-9]{1,2})?) is Credited to (account\\snumber|account\\sno|a/c\\snumber|a/c\\sno|a/c).*?(\\d{0,10}) on (\\d{1,2})(-|/)(\\d{1,2}|[a-z]{3,9})(-|/)(\\d{1,4}) .*?\\(.*? Bal (Rs|INR)[\\.]?\\s*(([0-9]+(,[0-9]+)*)?(\\.[0-9]{1,2})?)\\) at (.*?)\\..*",
          "reminderType": "ACCOUNT",
          "title": "Bank Of Baroda",
          "messageType": "CREDIT",
          "attributes": [
            {
              "name": "AmountCredited",
              "groups": [
                2
              ],
              "dataType": "NUMBER"
            },
            {
              "name": "AccountCredited",
              "groups": [
                7
              ],
              "dataType": "TEXT"
            },
            {
              "name": "Date",
              "groups": [
                8,
                10,
                12
              ],
              "dataType": "DATE"
            },
            {
              "name": "AvailableBalance",
              "groups": [
                14
              ],
              "dataType": "NUMBER"
            },
            {
              "name": "Location",
              "groups": [
                18
              ],
              "dataType": "TEXT"
            }
          ],
          "notificationAttributes": [
            {
              "name": "subText",
              "prefix": "Bank of Baroda account ",
              "attributeIndex": 1,
              "value": "Bank of Baroda"
            },
            {
              "name": "contentTitle",
              "prefix": "A/c credited \u20B9",
              "attributeIndex": 0,
              "value": "Credit"
            },
            {
              "name": "contentText",
              "prefix": "Available balance \u20B9",
              "attributeIndex": 3,
              "value": ""
            }
          ]
        },
        {
          "messageFormat": "Fund Transfer to .*?[x]*(\\d{4}) - successful. (Rs|INR)[\\.]?\\s*(([0-9]+(,[0-9]+)*)?(\\.[0-9]{1,2})?) debited from [x]+(\\d*),.*?. Dated on (\\d{1,2})(-|/)(\\d{1,2}|[a-z]{3,9})(-|/)(\\d{1,4})",
          "reminderType": "ACCOUNT",
          "title": "Bank Of Baroda",
          "messageType": "DEBIT",
          "attributes": [
            {
              "name": "AccountCredited",
              "groups": [
                1
              ],
              "dataType": "TEXT"
            },
            {
              "name": "AmountDebited",
              "groups": [
                3
              ],
              "dataType": "NUMBER"
            },
            {
              "name": "AccountDebited",
              "groups": [
                7
              ],
              "dataType": "TEXT"
            },
            {
              "name": "Date",
              "groups": [
                8,
                10,
                12
              ],
              "dataType": "DATE"
            }
          ],
          "notificationAttributes": [
            {
              "name": "subText",
              "prefix": "Bank of Baroda account ",
              "attributeIndex": 0,
              "value": "Bank of Baroda"
            },
            {
              "name": "contentTitle",
              "prefix": "A/c debited \u20B9",
              "attributeIndex": 1,
              "value": "Amount debited"
            },
            {
              "name": "contentText",
              "prefix": "\uD83D\uDCB5 to a/c ",
              "attributeIndex": 2,
              "value": ""
            }
          ]
        },
        {
          "messageFormat": "(Rs|INR)[\\.]?\\s*(([0-9]+(,[0-9]+)*)?(\\.[0-9]{1,2})?) is Debited to (account\\snumber|account\\sno|a/c\\snumber|a/c\\sno|a/c).*?(\\d{0,10}) on (\\d{1,2})(-|/)(\\d{1,2}|[a-z]{3,9})(-|/)(\\d{1,4}).*?\\(.*? Bal (Rs|INR)[\\.]?\\s*(([0-9]+(,[0-9]+)*)?(\\.[0-9]{1,2})?)\\)\\..*",
          "reminderType": "ACCOUNT",
          "title": "Bank Of Baroda",
          "messageType": "DEBIT",
          "attributes": [
            {
              "name": "AmountDebited",
              "groups": [
                2
              ],
              "dataType": "NUMBER"
            },
            {
              "name": "AccountDebited",
              "groups": [
                7
              ],
              "dataType": "TEXT"
            },
            {
              "name": "Date",
              "groups": [
                8,
                10,
                12
              ],
              "dataType": "DATE"
            },
            {
              "name": "AvailableBalance",
              "groups": [
                14
              ],
              "dataType": "NUMBER"
            }
          ],
          "notificationAttributes": [
            {
              "name": "subText",
              "prefix": "Bank of Baroda account ",
              "attributeIndex": 1,
              "value": "Bank of Baroda"
            },
            {
              "name": "contentTitle",
              "prefix": "A/c debited \u20B9",
              "attributeIndex": 0,
              "value": "Amount debited"
            },
            {
              "name": "contentText",
              "prefix": "Available balance \u20B9",
              "attributeIndex": 3,
              "value": ""
            }
          ]
        },
        {
          "messageFormat": "(Rs|INR)[\\.]?\\s*(([0-9]+(,[0-9]+)*)?(\\.[0-9]{1,2})?) is Debited to (account\\snumber|account\\sno|a/c\\snumber|a/c\\sno|a/c).*?(\\d{0,10}) on (\\d{1,2})(-|/)(\\d{1,2}|[a-z]{3,9})(-|/)(\\d{1,4}) .*? \\(.*? Bal (Rs|INR)[\\.]?\\s*(([0-9]+(,[0-9]+)*)?(\\.[0-9]{1,2})?)\\) AT (.*?)[\\s\\.]",
          "reminderType": "ACCOUNT",
          "title": "Bank Of Baroda",
          "messageType": "DEBIT",
          "attributes": [
            {
              "name": "AmountDebited",
              "groups": [
                2
              ],
              "dataType": "NUMBER"
            },
            {
              "name": "AccountDebited",
              "groups": [
                7
              ],
              "dataType": "TEXT"
            },
            {
              "name": "Date",
              "groups": [
                8,
                10,
                12
              ],
              "dataType": "DATE"
            },
            {
              "name": "AvailableBalance",
              "groups": [
                14
              ],
              "dataType": "NUMBER"
            },
            {
              "name": "Location",
              "groups": [
                18
              ],
              "dataType": "TEXT"
            }
          ],
          "notificationAttributes": [
            {
              "name": "subText",
              "prefix": "Bank of Baroda account ",
              "attributeIndex": 1,
              "value": "Bank of Baroda"
            },
            {
              "name": "contentTitle",
              "prefix": "A/c debited \u20B9",
              "attributeIndex": 0,
              "value": "Amount debited"
            },
            {
              "name": "contentText",
              "prefix": "",
              "attributeIndex": 4,
              "value": ""
            },
            {
              "name": "additionalText",
              "prefix": "Available balance \u20B9",
              "attributeIndex": 3,
              "value": ""
            }
          ]
        },
        {
          "messageFormat": "Your (account\\snumber|account\\sno|a/c\\snumber|a/c\\sno|a/c).*?(\\d{0,10}) is debited for (Rs|INR)[\\.]?\\s*(([0-9]+(,[0-9]+)*)?(\\.[0-9]{1,2})?) on (\\d{1,2})(-|/)(\\d{1,2}|[a-z]{3,9})(-|/)(\\d{1,4}) \\(UPI Ref.*\\).",
          "reminderType": "UPI",
          "title": "Bank Of Baroda",
          "messageType": "DEBIT",
          "attributes": [
            {
              "name": "AccountDebited",
              "groups": [
                2
              ],
              "dataType": "TEXT"
            },
            {
              "name": "AmountDebited",
              "groups": [
                4
              ],
              "dataType": "NUMBER"
            },
            {
              "name": "Date",
              "groups": [
                8,
                10,
                12
              ],
              "dataType": "DATE"
            }
          ],
          "notificationAttributes": [
            {
              "name": "subText",
              "prefix": "Bank of Baroda account ",
              "attributeIndex": 0,
              "value": "Bank of Baroda"
            },
            {
              "name": "contentTitle",
              "prefix": "A/c debited \u20B9",
              "attributeIndex": 1,
              "value": "Amount debited"
            },
            {
              "name": "contentText",
              "prefix": "",
              "attributeIndex": -1,
              "value": "UPI"
            }
          ]
        }
      ]
    }
  ],
  "iconLink": "http://assets.tcpay.in/images/tmp/sms-categorizer-avatars/barb_sms.png"
}