{
  "type": "Bank",
  "senders": [
    {
      "tags": [
        "canbnk",
        "canarab"
      ],
      "formats": [
        {
          "messageFormat": "An amount of (Rs|INR|Re)([\\.]?\\s*)(([0-9]+(,[0-9]+)*)?(\\.[0-9]{1,2})?).*?debited.*?([\\d*x]*([x*\\d]{4}))(\\s*)\\son\\s(\\d{1,2})(-|/)(\\d{1,2}|[a-z]{3,9})(-|/)(\\d{1,4}).*?(a/c\\sbalance|avl\\sbalance|avl\\sbal|balance|avbl\\sbal|updated balance|Avail.bal|avail\\sbal|available\\sbal|available\\sbalance)\\s(Rs|INR|Re)(:|\\.|\\s*)((-|\\s*)([0-9]+(,[0-9]+)*)?(\\.[0-9]{1,2})?)",
          "reminderType": "ACCOUNT",
          "title": "Canara Bank",
          "messageType": "DEBIT",
          "attributes": [
            {
              "name": "amount",
              "groups": [
                3
              ],
              "dataType": "NUMBER"
            },
            {
              "name": "initiator_account_number",
              "groups": [
                8
              ],
              "dataType": "TEXT"
            },
            {
              "name": "date",
              "groups": [
                10,
                12,
                14
              ],
              "dataType": "DATE"
            },
            {
              "name": "balance",
              "groups": [
                18
              ],
              "dataType": "NUMBER"
            }
          ],
          "notificationAttributes": [
            {
              "name": "subText",
              "prefix": "Canara Bank account ",
              "attributeIndex": 1,
              "value": "Canara Bank"
            },
            {
              "name": "contentTitle",
              "prefix": "A/c debited \u20B9",
              "attributeIndex": 0,
              "value": "Debit"
            },
            {
              "name": "contentText",
              "prefix": "Available balance \u20B9",
              "attributeIndex": 3,
              "value": ""
            }
          ]
        },
        {
          "messageFormat": "your(.*?)(account\\snumber|account\\sno|a/c\\snumber|a/c\\sno.|account|acct|a/c)(\\s*)([\\d*x]*([x*\\d]{4})).*?debited (with|for)(\\s*)(Rs|INR|Re)([\\.]?\\s*)(([0-9]+(,[0-9]+)*)?(\\.[0-9]{1,2})?)\\son\\s(\\d{1,2})(-|/)(\\d{1,2}|[a-z]{3,9})(-|/)(\\d{1,4}).*?credited to (account\\snumber|account\\sno|a/c\\snumber|a/c\\sno.|a/c\\sno|account|acct|a/c)(\\s*)([\\d*x]*([x*\\d]{4}))(\\s*).*",
          "reminderType": "UPI",
          "title": "Canara Bank",
          "messageType": "DEBIT",
          "attributes": [
            {
              "name": "initiator_account_number",
              "groups": [
                5
              ],
              "dataType": "TEXT"
            },
            {
              "name": "amount",
              "groups": [
                10
              ],
              "dataType": "NUMBER"
            },
            {
              "name": "date",
              "groups": [
                14,
                16,
                18
              ],
              "dataType": "DATE"
            },
            {
              "name": "receiver_account_number",
              "groups": [
                22
              ],
              "dataType": "TEXT"
            }
          ],
          "notificationAttributes": [
            {
              "name": "subText",
              "prefix": "Canara Bank account ",
              "attributeIndex": 0,
              "value": "Canara Bank"
            },
            {
              "name": "contentTitle",
              "prefix": "Paid \u20B9",
              "attributeIndex": 1,
              "value": "Debit"
            },
            {
              "name": "contentText",
              "prefix": "\uD83D\uDCB5 to a/c ",
              "attributeIndex": 3,
              "value": ""
            }
          ]
        },
        {
          "messageFormat": "your(.*?)(account\\snumber|account\\sno|a/c\\snumber|a/c\\sno.|account|acct|a/c)(\\s*)([\\d*x]*([x*\\d]{4})).*?debited (with|for)(\\s*)(Rs|INR|Re)([\\.]?\\s*)(([0-9]+(,[0-9]+)*)?(\\.[0-9]{1,2})?)\\son\\s(\\d{1,2})(-|/)(\\d{1,2}|[a-z]{3,9})(-|/)(\\d{1,4}).*?credited to.*?(aadhar\\snumber|aadhar\\sno|aadhar\\sno.|aadhar|adhar|uid)(\\s*)([\\d*x]*([x*\\d]{4}))(\\s*).*",
          "reminderType": "UPI",
          "title": "Canara Bank",
          "messageType": "DEBIT",
          "attributes": [
            {
              "name": "initiator_account_number",
              "groups": [
                5
              ],
              "dataType": "TEXT"
            },
            {
              "name": "amount",
              "groups": [
                10
              ],
              "dataType": "NUMBER"
            },
            {
              "name": "date",
              "groups": [
                14,
                16,
                18
              ],
              "dataType": "DATE"
            },
            {
              "name": "receiver_aadhar_number",
              "groups": [
                22
              ],
              "dataType": "TEXT"
            }
          ],
          "notificationAttributes": [
            {
              "name": "subText",
              "prefix": "Canara Bank account ",
              "attributeIndex": 0,
              "value": "Canara Bank"
            },
            {
              "name": "contentTitle",
              "prefix": "A/c debited \u20B9",
              "attributeIndex": 1,
              "value": "Debit"
            },
            {
              "name": "contentText",
              "prefix": "",
              "attributeIndex": -1,
              "value": "UPI"
            }
          ]
        },
        {
          "messageFormat": "your(.*?)(account\\snumber|account\\sno|a/c\\snumber|a/c\\sno.|a/c\\sno|account|acct|a/c)(\\s*)([\\d*x]*([x*\\d]{4}))(\\s*).*?debited (with|for)(\\s*)(Rs|INR|Re)([\\.]?\\s*)(([0-9]+(,[0-9]+)*)?(\\.[0-9]{1,2})?)\\son\\s(\\d{1,2})(-|/)(\\d{1,2}|[a-z]{3,9})(-|/)(\\d{1,4}).*?credited to (([a-zA-Z0-9_\\-\\.]+)@([a-zA-Z0-9_\\-\\.]+))(\\s+)(\\((UPI Ref no.|UPI Reference no|UPI Ref number|UPI Ref no|UPI Reference number|VPA)\\s+(\\d{0,15})\\))",
          "reminderType": "UPI",
          "title": "Canara Bank",
          "messageType": "DEBIT",
          "attributes": [
            {
              "name": "initiator_account_number",
              "groups": [
                5
              ],
              "dataType": "TEXT"
            },
            {
              "name": "amount",
              "groups": [
                11
              ],
              "dataType": "NUMBER"
            },
            {
              "name": "date",
              "groups": [
                15,
                17,
                19
              ],
              "dataType": "DATE"
            },
            {
              "name": "receiver_vpa",
              "groups": [
                20
              ],
              "dataType": "TEXT"
            }
          ],
          "notificationAttributes": [
            {
              "name": "subText",
              "prefix": "Canara Bank account ",
              "attributeIndex": 0,
              "value": "Canara Bank"
            },
            {
              "name": "contentTitle",
              "prefix": "Paid \u20B9",
              "attributeIndex": 1,
              "value": "Debit"
            },
            {
              "name": "contentText",
              "prefix": "\uD83D\uDCB5 to ",
              "attributeIndex": 3,
              "value": ""
            }
          ]
        },
        {
          "messageFormat": "An amount of (Rs|INR|Re)([\\.]?\\s*)(([0-9]+(,[0-9]+)*)?(\\.[0-9]{1,2})?).*?credited.*?([\\d*x]*([x*\\d]{4}))(\\s*)\\son\\s(\\d{1,2})(-|/)(\\d{1,2}|[a-z]{3,9})(-|/)(\\d{1,4}).*?(a/c\\sbalance|avl\\sbalance|avl\\sbal|balance|avbl\\sbal|updated balance|Avail.bal|avail\\sbal|available\\sbal|available\\sbalance)\\s(Rs|INR|Re)(:|\\.|\\s*)((-|\\s*)([0-9]+(,[0-9]+)*)?(\\.[0-9]{1,2})?)",
          "reminderType": "ACCOUNT",
          "title": "Canara Bank",
          "messageType": "CREDIT",
          "attributes": [
            {
              "name": "amount",
              "groups": [
                3
              ],
              "dataType": "NUMBER"
            },
            {
              "name": "initiator_account_number",
              "groups": [
                8
              ],
              "dataType": "TEXT"
            },
            {
              "name": "date",
              "groups": [
                10,
                12,
                14
              ],
              "dataType": "DATE"
            },
            {
              "name": "balance",
              "groups": [
                18
              ],
              "dataType": "TEXT"
            }
          ],
          "notificationAttributes": [
            {
              "name": "subText",
              "prefix": "Canara Bank account ",
              "attributeIndex": 1,
              "value": "Canara Bank"
            },
            {
              "name": "contentTitle",
              "prefix": "A/c credited \u20B9",
              "attributeIndex": 0,
              "value": "Credit"
            },
            {
              "name": "contentText",
              "prefix": "Available balance \u20B9",
              "attributeIndex": 3,
              "value": ""
            }
          ]
        }
      ]
    }
  ],
  "iconLink": "http://assets.tcpay.in/images/tmp/sms-categorizer-avatars/cnrb_sms.png"
}

      
