{
  "type": "Bank",
  "senders": [
    {
      "tags": [
        "icicib",
        "icicbk"
      ],
      "formats": [
        {
          "messageFormat": "Dear Customer, (account\\snumber|account\\sno|a/c\\snumber|a/c\\sno|account|acct)(\\.|\\s+)(x+)(\\d{0,10}).*?debited for (Rs|INR)([\\.]?\\s*)(([0-9]+(,[0-9]+)*)?(\\.[0-9]{1,2})?) on\\s(\\d{1,2})(-|/)(\\d{1,2}|[a-z]{3,9})(-|/)(\\d{1,4}) and (account\\snumber|account\\sno|a/c\\snumber|a/c\\sno|account|acct)(\\.|\\s+)(x+)(\\d{0,10})\\sis\\s.*credited. UPI Ref no.*",
          "reminderType": "UPI",
          "title": "ICICI Bank",
          "messageType": "DEBIT",
          "attributes": [
            {
              "name": "AccountDebited",
              "groups": [
                4
              ],
              "dataType": "TEXT"
            },
            {
              "name": "AmountDebited",
              "groups": [
                7
              ],
              "dataType": "NUMBER"
            },
            {
              "name": "AccountCredited",
              "groups": [
                19
              ],
              "dataType": "TEXT"
            },
            {
              "name": "Date",
              "groups": [
                11,
                13,
                15
              ],
              "dataType": "DATE"
            }
          ],
          "notificationAttributes": [
            {
              "name": "subText",
              "prefix": "ICICI account ",
              "attributeIndex": 0,
              "value": "ICICI"
            },
            {
              "name": "contentTitle",
              "prefix": "A/c debited \u20B9",
              "attributeIndex": 1,
              "value": "Debit"
            },
            {
              "name": "contentText",
              "prefix": "\uD83D\uDCB5 to a/c ",
              "attributeIndex": 2,
              "value": ""
            }
          ]
        },
        {
          "messageFormat": "Dear Customer, your (account\\snumber|account\\sno|a/c\\snumber|a/c\\sno|account|acct|ac)(\\.|\\s+)(x+)(\\d{0,10}).*?debited with (Rs|INR)([\\.]?\\s*)(([0-9]+(,[0-9]+)*)?(\\.[0-9]{1,2})?) on (\\d{1,2})(-|/)(\\d{1,2}|[a-z]{3,9})(-|/)(\\d{1,4}). Info.*?upi.*?(available\\sbalance|Avbl Bal).*?(Rs|INR)[\\.]?\\s*(([0-9]+(,[0-9]+)*)?(\\.[0-9]{1,2})?).",
          "reminderType": "UPI",
          "title": "ICICI Bank",
          "messageType": "DEBIT",
          "attributes": [
            {
              "name": "AccountDebited",
              "groups": [
                4
              ],
              "dataType": "TEXT"
            },
            {
              "name": "AmountDebited",
              "groups": [
                7
              ],
              "dataType": "NUMBER"
            },
            {
              "name": "AvailableBalance",
              "groups": [
                18
              ],
              "dataType": "NUMBER"
            },
            {
              "name": "Date",
              "groups": [
                11,
                13,
                15
              ],
              "dataType": "DATE"
            }
          ],
          "notificationAttributes": [
            {
              "name": "subText",
              "prefix": "ICICI account ",
              "attributeIndex": 0,
              "value": "ICICI"
            },
            {
              "name": "contentTitle",
              "prefix": "A/c debited \u20B9",
              "attributeIndex": 1,
              "value": "Debit"
            },
            {
              "name": "contentText",
              "prefix": "Available balance \u20B9",
              "attributeIndex": 2,
              "value": ""
            }
          ]
        },
        {
          "messageFormat": "Dear Customer,txn of (Rs|INR)[\\.]?\\s*(([0-9]+(,[0-9]+)*)?(\\.[0-9]{1,2})?).*? done via Debit Card of (account\\snumber|account\\sno|a/c\\snumber|a/c\\sno|account|acct)(\\.|\\s+)(x+)(\\d{0,10}) on\\s(\\d{1,2})(-|/)(\\d{1,2}|[a-z]{3,9})(-|/)(\\d{1,4}).Info: .*?[*](.*) .avbl\\sbal.*?(Rs|INR)[\\.]?\\s*(([0-9]+(,[0-9]+)*)?(\\.[0-9]{1,2})?)\\..*",
          "reminderType": "DEBIT_CARD",
          "title": "ICICI Bank",
          "messageType": "PAYMENT",
          "attributes": [
            {
              "name": "AccountDebited",
              "groups": [
                9
              ],
              "dataType": "TEXT"
            },
            {
              "name": "AmountDebited",
              "groups": [
                2
              ],
              "dataType": "NUMBER"
            },
            {
              "name": "Source",
              "groups": [
                15
              ],
              "dataType": "TEXT"
            },
            {
              "name": "AvailableBalance",
              "groups": [
                17
              ],
              "dataType": "NUMBER"
            },
            {
              "name": "Date",
              "groups": [
                10,
                12,
                14
              ],
              "dataType": "DATE"
            }
          ],
          "notificationAttributes": [
            {
              "name": "subText",
              "prefix": "ICICI debit ",
              "attributeIndex": 0,
              "value": "ICICI"
            },
            {
              "name": "contentTitle",
              "prefix": "Spent \u20B9",
              "attributeIndex": 1,
              "value": "Spent"
            },
            {
              "name": "contentText",
              "prefix": "\uD83D\uDECD ",
              "attributeIndex": 2,
              "value": ""
            },
            {
              "name": "additionalText",
              "prefix": "Available balance \u20B9",
              "attributeIndex": 3,
              "value": ""
            }
          ]
        },
        {
          "messageFormat": "Dear Customer, ((account\\snumber|account\\sno|a/c\\snumber|a/c\\sno|account|acct)(\\.|\\s+)(x+)(\\d{0,10}).*?credited) with (Rs|INR)[\\.]?\\s*(([0-9]+(,[0-9]+)*)?(\\.[0-9]{1,2})?) on\\s(\\d{1,2})(-|/)(\\d{1,2}|[a-z]{3,9})(-|/)(\\d{1,4}) from\\s(.*?@.*?\\w*)\\..*",
          "reminderType": "UPI",
          "title": "ICICI Bank",
          "messageType": "CREDIT",
          "attributes": [
            {
              "name": "AccountCredited",
              "groups": [
                5
              ],
              "dataType": "TEXT"
            },
            {
              "name": "AmountCredited",
              "groups": [
                7
              ],
              "dataType": "NUMBER"
            },
            {
              "name": "Source",
              "groups": [
                16
              ],
              "dataType": "TEXT"
            },
            {
              "name": "Date",
              "groups": [
                11,
                13,
                15
              ],
              "dataType": "DATE"
            }
          ],
          "notificationAttributes": [
            {
              "name": "subText",
              "prefix": "ICICI account ",
              "attributeIndex": 0,
              "value": "ICICI"
            },
            {
              "name": "contentTitle",
              "prefix": "A/c credited \u20B9",
              "attributeIndex": 1,
              "value": "Credit"
            },
            {
              "name": "contentText",
              "prefix": "\uD83D\uDCB5 from ",
              "attributeIndex": 2,
              "value": ""
            }
          ]
        },
        {
          "messageFormat": "Dear Customer, (account\\snumber|account\\sno|a/c\\snumber|a/c\\sno|account|acct)(\\.|\\s+)(x+)(\\d{0,10}).*?debited for (Rs|INR)([\\.]?\\s*)(([0-9]+(,[0-9]+)*)?(\\.[0-9]{1,2})?) on\\s(\\d{1,2})(-|/)(\\d{1,2}|[a-z]{3,9})(-|/)(\\d{1,4}) towards (linked)\\s(.*?@.*?\\w*)\\..*",
          "reminderType": "UPI",
          "title": "ICICI Bank",
          "messageType": "DEBIT",
          "attributes": [
            {
              "name": "AccountDebited",
              "groups": [
                4
              ],
              "dataType": "TEXT"
            },
            {
              "name": "AmountDebited",
              "groups": [
                7
              ],
              "dataType": "NUMBER"
            },
            {
              "name": "Source",
              "groups": [
                17
              ],
              "dataType": "TEXT"
            },
            {
              "name": "Date",
              "groups": [
                11,
                13,
                15
              ],
              "dataType": "DATE"
            }
          ],
          "notificationAttributes": [
            {
              "name": "subText",
              "prefix": "ICICI account ",
              "attributeIndex": 0,
              "value": "ICICI"
            },
            {
              "name": "contentTitle",
              "prefix": "A/c debited \u20B9",
              "attributeIndex": 1,
              "value": "Debit"
            },
            {
              "name": "contentText",
              "prefix": "\uD83D\uDCB5 to ",
              "attributeIndex": 2,
              "value": ""
            }
          ]
        },
        {
          "messageFormat": "Dear Customer, your (account\\snumber|account\\sno|a/c\\snumber|a/c\\sno|account|acct)(\\.|\\s+)(x+)(\\d{0,10}).*?(credited|received) with (Rs|INR)[\\.]?\\s*(([0-9]+(,[0-9]+)*)?(\\.[0-9]{1,2})?) on\\s(\\d{1,2})(-|/)(\\d{1,2}|[a-z]{3,9})(-|/)(\\d{1,4}). Info: .*[*].*[*].*[*](.*). The (available\\sbalance|Avbl Bal).*?(Rs|INR)[\\.]?\\s*(([0-9]+(,[0-9]+)*)?(\\.[0-9]{1,2})?)",
          "reminderType": "UPI",
          "title": "ICICI Bank",
          "messageType": "CREDIT",
          "attributes": [
            {
              "name": "AccountCredited",
              "groups": [
                4
              ],
              "dataType": "TEXT"
            },
            {
              "name": "AmountCredited",
              "groups": [
                7
              ],
              "dataType": "NUMBER"
            },
            {
              "name": "Source",
              "groups": [
                16
              ],
              "dataType": "TEXT"
            },
            {
              "name": "AvailableBalance",
              "groups": [
                19
              ],
              "dataType": "NUMBER"
            },
            {
              "name": "Date",
              "groups": [
                11,
                13,
                15
              ],
              "dataType": "DATE"
            }
          ],
          "notificationAttributes": [
            {
              "name": "subText",
              "prefix": "ICICI account ",
              "attributeIndex": 0,
              "value": "ICICI"
            },
            {
              "name": "contentTitle",
              "prefix": "A/c credited \u20B9",
              "attributeIndex": 1,
              "value": "Credit"
            },
            {
              "name": "contentText",
              "prefix": "\uD83D\uDCB5 from ",
              "attributeIndex": 2,
              "value": ""
            },
            {
              "name": "additionalText",
              "prefix": "Available balance \u20B9",
              "attributeIndex": 3,
              "value": ""
            }
          ]
        },
        {
          "messageFormat": "Dear Customer, your (account\\snumber|account\\sno|a/c\\snumber|a/c\\sno|account|acct|ac)(\\.|\\s+)(x+)(\\d{0,10}).*?(credited|received) with (Rs|INR)([\\.]?\\s*)(([0-9]+(,[0-9]+)*)?(\\.[0-9]{1,2})?) on\\s(((\\d{1,2})(-|/)(\\d{1,2}|[a-z]{3,9})(-|/)(\\d{1,4}))|(((\\d{1,2})\\s([a-z]{3,9})))). Info.*?(available\\sbalance|Avbl Bal).*?(Rs|INR)[\\.]?\\s*(([0-9]+(,[0-9]+)*)?(\\.[0-9]{1,2})?).",
          "reminderType": "ACCOUNT",
          "title": "ICICI Bank",
          "messageType": "CREDIT",
          "attributes": [
            {
              "name": "AccountCredited",
              "groups": [
                4
              ],
              "dataType": "TEXT"
            },
            {
              "name": "AmountCredited",
              "groups": [
                8
              ],
              "dataType": "NUMBER"
            },
            {
              "name": "AvailableBalance",
              "groups": [
                25
              ],
              "dataType": "NUMBER"
            },
            {
              "name": "Date",
              "groups": [
                14,
                16,
                18
              ],
              "dataType": "DATE"
            }
          ],
          "notificationAttributes": [
            {
              "name": "subText",
              "prefix": "ICICI account ",
              "attributeIndex": 0,
              "value": "ICICI"
            },
            {
              "name": "contentTitle",
              "prefix": "A/c credited \u20B9",
              "attributeIndex": 1,
              "value": "Credit"
            },
            {
              "name": "contentText",
              "prefix": "Available balance \u20B9",
              "attributeIndex": 2,
              "value": ""
            }
          ]
        },
        {
          "messageFormat": "Dear Customer, your (account\\snumber|account\\sno|a/c\\snumber|a/c\\sno|account|acct|ac)(\\.|\\s+)(x+)(\\d{0,10}).*?debited with (Rs|INR)([\\.]?\\s*)(([0-9]+(,[0-9]+)*)?(\\.[0-9]{1,2})?)\\s?((\\d{1,2})\\s([a-z]{3,9})). Info.*?(available\\sbalance|Avbl Bal).*?(Rs|INR)[\\.]?\\s*(([0-9]+(,[0-9]+)*)?(\\.[0-9]{1,2})?).",
          "reminderType": "ACCOUNT",
          "title": "ICICI Bank",
          "messageType": "DEBIT",
          "attributes": [
            {
              "name": "AccountDebited",
              "groups": [
                4
              ],
              "dataType": "TEXT"
            },
            {
              "name": "AmountDebited",
              "groups": [
                7
              ],
              "dataType": "NUMBER"
            },
            {
              "name": "AvailableBalance",
              "groups": [
                16
              ],
              "dataType": "NUMBER"
            },
            {
              "name": "Date",
              "groups": [
                12,
                13
              ],
              "dataType": "DATE"
            }
          ],
          "notificationAttributes": [
            {
              "name": "subText",
              "prefix": "ICICI account ",
              "attributeIndex": 0,
              "value": "ICICI"
            },
            {
              "name": "contentTitle",
              "prefix": "A/c debited \u20B9",
              "attributeIndex": 1,
              "value": "Debit"
            },
            {
              "name": "contentText",
              "prefix": "Available balance \u20B9",
              "attributeIndex": 2,
              "value": ""
            }
          ]
        },
        {
          "messageFormat": "Dear Customer, (stmt.*?Credit\\sCard(\\.|\\s+)(x+)(\\d{0,10})) has been sent to .*?. Total.*?(Rs|INR)[\\.]?\\s*(([0-9]+(,[0-9]+)*)?(\\.[0-9]{1,2})?) or Min.*?(Rs|INR)[\\.]?\\s*(([0-9]+(,[0-9]+)*)?(\\.[0-9]{1,2})?) is due by\\s(\\d{1,2})(-|/)(\\d{1,2}|[a-z]{3,9})(-|/)(\\d{1,4}).",
          "reminderType": "CREDIT_CARD",
          "title": "ICICI Bank",
          "messageType": "STATEMENT",
          "attributes": [
            {
              "name": "Creditcard",
              "groups": [
                4
              ],
              "dataType": "TEXT"
            },
            {
              "name": "Total_Amount",
              "groups": [
                6
              ],
              "dataType": "NUMBER"
            },
            {
              "name": "Min_Amount",
              "groups": [
                11
              ],
              "dataType": "NUMBER"
            },
            {
              "name": "Due_Date",
              "groups": [
                15,
                17,
                19
              ],
              "dataType": "DATE"
            }
          ],
          "notificationAttributes": [
            {
              "name": "subText",
              "prefix": "ICICI credit ",
              "attributeIndex": 0,
              "value": "ICICI"
            },
            {
              "name": "contentTitle",
              "prefix": "Bill due for \u20B9",
              "attributeIndex": 1,
              "value": "Bill due"
            },
            {
              "name": "contentText",
              "prefix": "Due on ",
              "attributeIndex": 3,
              "value": ""
            },
            {
              "name": "additionalText",
              "prefix": "Min due \u20B9",
              "attributeIndex": 2,
              "value": ""
            }
          ]
        },
        {
          "messageFormat": "Dear Customer, (txn.*?(Rs|INR)([\\.]?\\s*)(([0-9]+(,[0-9]+)*)?(\\.[0-9]{1,2})?)) using (Credit\\sCard(\\.|\\s+)(x+)(\\d{0,10})) (done\\s.*?\\s(.*?)\\son\\s(\\d{1,2})(-|/)(\\d{1,2}|[a-z]{3,9})(-|/)(\\d{1,4})). (Avbl.*?(Rs|INR)[\\.]?\\s*(([0-9]+(,[0-9]+)*)?(\\.[0-9]{1,2})?))\\..*",
          "reminderType": "CREDIT_CARD",
          "title": "ICICI Bank",
          "messageType": "PAYMENT",
          "attributes": [
            {
              "name": "Creditcard",
              "groups": [
                11
              ],
              "dataType": "TEXT"
            },
            {
              "name": "AmountDebited",
              "groups": [
                4
              ],
              "dataType": "NUMBER"
            },
            {
              "name": "Location",
              "groups": [
                13
              ],
              "dataType": "TEXT"
            },
            {
              "name": "AvailableCredit",
              "groups": [
                21
              ],
              "dataType": "NUMBER"
            },
            {
              "name": "Date",
              "groups": [
                14,
                16,
                18
              ],
              "dataType": "DATE"
            }
          ],
          "notificationAttributes": [
            {
              "name": "subText",
              "prefix": "ICICI credit ",
              "attributeIndex": 0,
              "value": "ICICI"
            },
            {
              "name": "contentTitle",
              "prefix": "Spent \u20B9",
              "attributeIndex": 1,
              "value": "Spent"
            },
            {
              "name": "contentText",
              "prefix": "\uD83D\uDECD ",
              "attributeIndex": 2,
              "value": ""
            },
            {
              "name": "additionalText",
              "prefix": "Available balance \u20B9",
              "attributeIndex": 3,
              "value": ""
            }
          ]
        },
        {
          "messageFormat": "Dear Customer, (Payment.*?(Rs|INR)([\\.]?\\s*)(([0-9]+(,[0-9]+)*)?(\\.[0-9]{1,2})?)) has been received on your ICICI Bank (Credit Card Account (\\d*)(x+)(\\d{0,10})) (on\\s(\\d{1,2})(-|/)(\\d{1,2}|[a-z]{3,9})(-|/)(\\d{1,4})).*",
          "reminderType": "CREDIT_CARD",
          "title": "ICICI Bank",
          "messageType": "PAYMENT",
          "attributes": [
            {
              "name": "Creditcard",
              "groups": [
                11
              ],
              "dataType": "TEXT"
            },
            {
              "name": "AmountCredited",
              "groups": [
                4
              ],
              "dataType": "NUMBER"
            },
            {
              "name": "Date",
              "groups": [
                13,
                15,
                17
              ],
              "dataType": "DATE"
            }
          ],
          "notificationAttributes": [
            {
              "name": "subText",
              "prefix": "ICICI credit ",
              "attributeIndex": 0,
              "value": "ICICI"
            },
            {
              "name": "contentTitle",
              "prefix": "Payment received \u20B9",
              "attributeIndex": 1,
              "value": "Payment done"
            },
            {
              "name": "contentText",
              "prefix": "on ",
              "attributeIndex": 2,
              "value": ""
            }
          ]
        }
      ]
    }
  ],
  "iconLink": "http://assets.tcpay.in/images/tmp/sms-categorizer-avatars/icic_sms.png"
}