{
  "type": "Operator",
  "senders": [
    {
      "tags": [
        "idea",
        "ididea"
      ],
      "formats": [
        {
          "messageFormat": "Dear Customer, please make an (interim payment of (Rs|INR)[\\.]?\\s*(([0-9]+(,[0-9]+)?)?(\\.[0-9]{1,2})?).*? )against your Billed and Unbilled amount immediately to enjoy uninterrupted services. Thank You",
          "reminderType": "POSTPAID",
          "title": "Idea",
          "messageType": "BILL_REMINDER",
          "attributes": [
            {
              "name": "AmountPayable",
              "groups": [
                3
              ],
              "dataType": "NUMBER"
            }
          ],
          "notificationAttributes": [
            {
              "name": "subText",
              "prefix": "",
              "attributeIndex": -1,
              "value": "Idea Postpaid"
            },
            {
              "name": "contentTitle",
              "prefix": "Amount due \u20B9",
              "attributeIndex": 0,
              "value": "Bill due"
            }
          ]
        },
        {
          "messageFormat": "Dear Customer, please pay your bill for (Rs|INR)[\\.]?\\s*(([0-9]+(,[0-9]+)?)?(\\.[0-9]{1,2})?) by (due date (\\d{1,2})(-|/)(\\d{1,2}|[a-z]{3,9})(-|/)(\\d{1,4})) to avoid late payment fees.*",
          "reminderType": "POSTPAID",
          "title": "Idea",
          "messageType": "BILL_REMINDER",
          "attributes": [
            {
              "name": "AmountPayable",
              "groups": [
                2
              ],
              "dataType": "NUMBER"
            },
            {
              "name": "DueDate",
              "groups": [
                7,
                9,
                11
              ],
              "dataType": "DATE"
            }
          ],
          "notificationAttributes": [
            {
              "name": "subText",
              "prefix": "",
              "attributeIndex": -1,
              "value": "Idea Postpaid"
            },
            {
              "name": "contentTitle",
              "prefix": "Amount due \u20B9",
              "attributeIndex": 0,
              "value": "Bill due"
            },
            {
              "name": "contentText",
              "prefix": "on ",
              "attributeIndex": 1,
              "value": ""
            }
          ]
        },
        {
          "messageFormat": "Dear Customer, your payment is overdue,Please (pay your bill for (Rs|INR)[\\.]?\\s*(([0-9]+(,[0-9]+)?)?(\\.[0-9]{1,2})?)) to avoid barring of services.*",
          "reminderType": "POSTPAID",
          "title": "Idea",
          "messageType": "BILL_REMINDER",
          "attributes": [
            {
              "name": "AmountPayable",
              "groups": [
                3
              ],
              "dataType": "NUMBER"
            }
          ],
          "notificationAttributes": [
            {
              "name": "subText",
              "prefix": "",
              "attributeIndex": -1,
              "value": "Idea Postpaid"
            },
            {
              "name": "contentTitle",
              "prefix": "Amount overdue \u20B9",
              "attributeIndex": 0,
              "value": "Bill overdue"
            }
          ]
        },
        {
          "messageFormat": "Dear customer, Your Idea mobile.*?\\s+(.*?\\/\\s(.*))?due amount is (Rs|INR)[\\.]?\\s*(([0-9]+(,[0-9]+)?)?(\\.[0-9]{1,2})?) Request you to make the payment to avoid legal action,.*",
          "reminderType": "POSTPAID",
          "title": "Idea",
          "messageType": "BILL_REMINDER",
          "attributes": [
            {
              "name": "MobileNumber",
              "groups": [
                2
              ],
              "dataType": "TEXT"
            },
            {
              "name": "AmountPayable",
              "groups": [
                4
              ],
              "dataType": "NUMBER"
            }
          ],
          "notificationAttributes": [
            {
              "name": "subText",
              "prefix": "",
              "attributeIndex": -1,
              "value": "Idea Postpaid"
            },
            {
              "name": "contentTitle",
              "prefix": "Amount due \u20B9",
              "attributeIndex": 1,
              "value": "Bill due"
            },
            {
              "name": "contentText",
              "prefix": "for ",
              "attributeIndex": 0,
              "value": ""
            }
          ]
        },
        {
          "messageFormat": "Dear Customer, Thank you for making a (Payment of (Rs|INR).*?(([0-9]+(,[0-9]+)?)?(\\.[0-9]{1,2})?)) on this (mobile number.*:\\s+(.*?)\\s).*",
          "reminderType": "POSTPAID",
          "title": "Idea",
          "messageType": "BILL_PAID",
          "attributes": [
            {
              "name": "AmountPaid",
              "groups": [
                3
              ],
              "dataType": "NUMBER"
            },
            {
              "name": "MobileNumber",
              "groups": [
                8
              ],
              "dataType": "TEXT"
            }
          ],
          "notificationAttributes": [
            {
              "name": "subText",
              "prefix": "",
              "attributeIndex": -1,
              "value": "Idea Postpaid"
            },
            {
              "name": "contentTitle",
              "prefix": "Amount paid \u20B9",
              "attributeIndex": 0,
              "value": "Bill paid"
            },
            {
              "name": "contentText",
              "prefix": "for ",
              "attributeIndex": 1,
              "value": ""
            }
          ]
        },
        {
          "messageFormat": "Dear customer make immediate (payment of due amount (Rs|INR)[\\.]?\\s*(([0-9]+(,[0-9]+)?)?(\\.[0-9]{1,2})?)) against your (Idea no (.*)) in order to avoid stern legal action..*",
          "reminderType": "POSTPAID",
          "title": "Idea",
          "messageType": "BILL_REMINDER",
          "attributes": [
            {
              "name": "AmountPayable",
              "groups": [
                3
              ],
              "dataType": "NUMBER"
            },
            {
              "name": "MobileNumber",
              "groups": [
                8
              ],
              "dataType": "TEXT"
            }
          ],
          "notificationAttributes": [
            {
              "name": "subText",
              "prefix": "",
              "attributeIndex": -1,
              "value": "Idea Postpaid"
            },
            {
              "name": "contentTitle",
              "prefix": "Amount due \u20B9",
              "attributeIndex": 0,
              "value": "Bill due"
            },
            {
              "name": "contentText",
              "prefix": "for ",
              "attributeIndex": 1,
              "value": ""
            }
          ]
        },
        {
          "messageFormat": "(MRP.*?(Rs|INR)[\\.]?\\s*(([0-9]+(,[0-9]+)?)?(\\.[0-9]{1,2})?).*?Credited) Balance Rs.*?(Final Balance.*?(Rs|INR)[\\.]?\\s*(([0-9]+(,[0-9]+)?)?(\\.[0-9]{1,2})?)).*",
          "reminderType": "PREPAID",
          "title": "Idea",
          "messageType": "RECHARGE",
          "attributes": [
            {
              "name": "RechargeAmount",
              "groups": [
                3
              ],
              "dataType": "NUMBER"
            },
            {
              "name": "Balance",
              "groups": [
                9
              ],
              "dataType": "NUMBER"
            }
          ],
          "notificationAttributes": [
            {
              "name": "subText",
              "prefix": "",
              "attributeIndex": -1,
              "value": "Idea Prepaid"
            },
            {
              "name": "contentTitle",
              "prefix": "Recharge done for \u20B9",
              "attributeIndex": 0,
              "value": "Recharge done"
            },
            {
              "name": "contentText",
              "prefix": "Final balance \u20B9",
              "attributeIndex": 1,
              "value": ""
            }
          ]
        }
      ]
    }
  ],
  "iconLink": "http://assets.tcpay.in/images/tmp/sms-categorizer-avatars/idea_sms.png"
}