{
  "version": 1,
  "senders": [
    {
      "tags": [
        "citibk",
        "citiba",
        "citisg"
      ],
      "file": "CitiBankFormats.json"
    },
    {
      "tags": [
        "hdfcbk",
        "hdfcbank"
      ],
      "file": "HDFCBankFormats.json"
    },
    {
      "tags": [
        "sbicrd",
        "sbibil",
        "sbipsg",
        "sbiinb",
        "sbiupi",
        "atmsbi",
        "scisms",
        "cbssbi",
        "sbgmbs"
      ],
      "file": "SBIBankFormats.json"
    },
    {
      "tags": [
        "axisbk",
        "axismb"
      ],
      "file": "AxisBankFormats.json"
    },
    {
      "tags": [
        "icicib",
        "icicbk"
      ],
      "file": "ICICIBankFormats.json"
    },
    {
      "tags" : [
        "airdth",
        "121",
        "sender",
        "airmta",
        "airbnk",
        "airexp",
        "erecharge",
        "airbil",
        "unknown sender"
      ],
      "file": "AirtelFormats.json"
    },
    {
      "tags" : [
        "idea",
        "ididea"
      ],
      "file": "IdeaFormats.json"
    },
    {
      "tags" : [
        "vfcare",
        "611117",
        "vodafone"
      ],
      "file": "VodafoneFormats.json"
    },
    {
      "tags" : [
        "jioinf",
        "jiopay",
        "jiosvc"
      ],
      "file": "JioFormats.json"
    },
    {
      "tags" : [
        "bobcrd",
        "bobsms",
        "bobtxn",
        "baroda",
        "bobadc",
        "bobatm",
        "bobbnk"
      ],
      "file": "BankOfBarodaFormats.json"
    },
    {
      "tags" : [
        "pnbccd",
        "pnbsms",
        "pnbdbd",
        "netpnb",
        "pnbank",
        "pnbbok"
      ],
      "file": "PNBFormats.json"
    },
    {
      "tags" : [
        "boiind",
        "boitxn",
        "boiadc",
        "boiatm"
      ],
      "file": "BankOfIndiaFormats.json"
    },
    {
      "tags" : [
        "unionb"
      ],
      "file": "UnionBankFormats.json"
    },
    {
      "tags" : [
        "canbnk",
        "canarab"
      ],
      "file": "CanaraBankFormats.json"
    },
    {
      "tags" : [
        "centbk"
      ],
      "file": "CentralBankOfIndiaFormats.json"
    },
    {
      "tags" : [
        "ipaytm"
      ],
      "file": "PaytmFormats.json"
    }
  ]
}