{
  "fashion": [
    "ADIDAS",
    "PEOPLE",
    "MADDEN",
    "BFCTRY",
    "Centrl",
    "myntra",
    "eWROGN",
    "PLFSHN",
    "KAZOFN",
    "CULTFT",
    "FTRNTY",
    "MSOLLY",
    "LEEJNS",
    "JABONG",
    "SPFBLR",
    "WRNGLR",
    "SPLASH",
    "AERONY",
    "VANHEU",
    "SSLCYB",
    "GAPIND",
    "ZIVAME",
    "MAXFSH",
    "CHUMBK",
    "LMSHOP",
    "FOSSIL",
    "FABIND",
    "FASTRK",
    "FMJEAN",
    "BENTTN",
    "CENTPB",
    "WRANGR",
    "MYUSPA",
    "PANTLS",
    "KOOVSS",
    "BATAIN",
    "YLGSLN",
    "EDHRDY",
    "REDWLF",
    "098067",
    "LIFSTL",
    "ANDSMS",
    "CNNNOW",
    "BDYSHP",
    "CLAIRE",
    "SOCHTM",
    "MAXFSN",
    "YLGSNS",
    "TANSHQ",
    "LEVISL",
    "ANDVTG",
    "SPFBOM"
  ],
  "ecommerce": [
    "HOSEJY",
    "HOUSEJ",
    "FCHRGE",
    "GOZEFO",
    "HIPBAR",
    "LZYPAY",
    "LANDMK",
    "SHOPCL",
    "HSEJOY",
    "MOBIKW",
    "Xiaomi",
    "SBPAYU",
    "LNSKRT",
    "OLAMNY",
    "HOUSJY",
    "MSWIPE",
    "LNKART",
    "FRLNCO",
    "UBCLAP",
    "LAKSHP",
    "FLPKTM",
    "xiaomi",
    "Taobao",
    "FLPKRT",
    "PGULLY",
    "SNAPDL",
    "DailyO",
    "BWKOOF",
    "OLXIND",
    "IPAYTM",
    "HSJJOY"
  ],
  "entertainment": [
    "BPLAYO",
    "TKTNEW",
    "PVRCIN",
    "OVKAAO",
    "BMSHOW",
    "COMCON",
    "EVHIGH",
    "INSIDR",
    "NETFLX"
  ],
  "travel": [
    "GoIBIB",
    "YURBUS",
    "UBERNE",
    "OLACAB",
    "KRLLNS",
    "OLAShr",
    "UBERHY",
    "OLAUTO",
    "ABIBUS",
    "FLIGHT",
    "SPICEJ",
    "ORGTRV",
    "TREEBO",
    "YATRAA",
    "CLRTRP",
    "ZOOMER",
    "KERALA",
    "MMTRIP",
    "Abibus",
    "017113",
    "ORANGE",
    "SPCJET",
    "ZOOMCR",
    "AIRTKT",
    "IndiGo",
    "UBERIN",
    "EASEMY",
    "DRIVEU",
    "aYATRA",
    "MKMYTR",
    "MMTAPP",
    "OLACBS",
    "GOIBIB",
    "KSRTCC",
    "TRAVEL",
    "REDBUS",
    "OYORMS",
    "ArAsia"
  ],
  "general": [
    "RDIGIT",
    "NOBRKR",
    "Naukri",
    "BHAIFI",
    "ITLULU",
    "CLMORE",
    "ECROMA",
    "SULEKH",
    "APOLLO",
    "PMModi",
    "BIGBZR",
    "MedPls",
    "ITDCPC",
    "MGCBRK",
    "EPFOHO",
    "IRSMSA",
    "NETMED",
    "apollo",
    "MyGovt",
    "ITDEPT",
    "PAYBAK",
    "MANIPL"
  ],
  "bank_offers": [
    "kPaytm",
    "LICIND",
    "vPaytm",
    "KOTAKL",
    "KOTAKM",
    "Vpaytm",
    "VPAYTM",
    "ICICIP",
    "HDFCSL",
    "MAXLIT",
    "SBILIF",
    "HDFCLD",
    "BAJAJF",
    "366000",
    "HDFCBN"
  ],
  "food_beverages": [
    "NPNDAA",
    "ZMBOOK",
    "COPPER",
    "MOJOTR",
    "KFCres",
    "BBQNAT",
    "MOJOPZ",
    "LGATEU",
    "BOXEHT",
    "BARBEQ",
    "NPANAD",
    "BIGBKT",
    "EMPIRE",
    "CCDAPP",
    "KFCmmc",
    "BRWSKY",
    "FAASOS",
    "SUBWAY",
    "TIPSYY",
    "FPANDA",
    "PAPAJO",
    "BOOKNG",
    "DINOUT",
    "ZOMATO",
    "FRZMNU",
    "BRGKNG",
    "INRCHF",
    "DOMINO",
    "PZAHUT",
    "Faasos",
    "FRSHMN",
    "SWIGGY",
    "NPANDA",
    "FEEAST",
    "KFCIND",
    "EATKFC"
  ],
  "utility": [
    "BSNLCARE,",
    "UPPCLT",
    "VDFONE",
    "VFCARE",
    "AIRDTV",
    "IDEA",
    "BSNLDC",
    "BILINF",
    "AIRDTH",
    "DoCoMo",
    "111",
    "ARWSVC",
    "BSESYP",
    "JioPay",
    "BSNLBILL,",
    "BSNLKT,",
    "RELIANCE",
    "VIDDTH",
    "BESCOM",
    "BSNL",
    "METNET",
    "BSNLBB",
    "BSESRP",
    "TADOCOMO",
    "!dea",
    "SUNDTH",
    "BSNLKL",
    "53738",
    "BSNLPB,",
    "AIREXP",
    "PGVCLG",
    "TSSPDC",
    "MGVCLG",
    "DISHTV",
    "121",
    "UGVCLG",
    "AIRCEL",
    "AIRINF",
    "DAFONE",
    "MYTSKY",
    "ARWINF",
    "AIROTP",
    "HATHWY",
    "TATAPR",
    "CESCLM",
    "DGVCLG",
    "ACTTEL",
    "VODAFONE"
  ]
}