{
  "VERSION": "1.0.3",
  "TOKENS": {
    "SAL": "dear,hi,hey,hej",
    "SAL1": "thank,tack",
    "CUST": "customer,cust",
    "NAME": "name",
    "DET": "your,ur,din,ditt,er",
    "DET1": "you,dig",
    "ATM": "atm",
    "INS": "kort|card,card|card,credit card|creditcard,crcard|creditcard,cc|creditcard,creditcard|creditcard,debitcard|debitcard,atm card|debitcard,debit card|debitcard,cr.crd|creditcard,cr.card|creditcard,debit/atm card|debitcard,sbidrcard|debitcard,Kortköp|debitcard",
    "INS1":"uan|uan",
    "INS2": "account|acc,a/c|acc,ac|acc,acc|acc,acct|acc,a/c no|acc,kontot|acc",
    "INS3": "loan|loan,loan no|loan",
    "INS4": "rd|rd,recurring deposit|rd",
    "INS5": "user id|uid",
    "OD": "od|od",
    "CHQ":"cheque|cheque,chq|cheque",
    "NETB": "netbanking|netb,net banking|netb,internet banking|netb,ibanking|netb,mobile banking|netb,mobilebanking|netb,mbanking|netb,e-banking|netb,ebanking|netb",
    "INTERNET":"internet",
    "ART": "a,an,the,det,ett",
    "MAKE": "made|success,done|success",
    "MAKE1": "making,make",
    "USE": "use,using,click,använd,klicka",
    "AUX": "is,are,has,have,has been,have been,was,were,being,är",
    "AUX1": "can,kan",
    "FUTAUX": "will be,would be,shall be",
    "MODAL": "could,might,shall,will,kunde",
    "MODAL1": "should,must",
    "PREP": "of,with,to,on,att,pa,till",
    "PREPL":"in",
    "PREPV": "at,@,for,by,through,thru,from,towards,twds,via,vide,on account of,frm,från,för,kl",
    "BLNC": "acbal,clrbal",
    "BLNC1": "balance,bal,blnc,avlbal",
    "ORDERID": "order id,order no",
    "BOOK":"book",
    "MOVIE":"movie",
    "TRACKINGID": "tracking id,awb,dkt",
    "BOOKINGID": "bookingid,booking id",
    "EMAILID": "emailid,email id,e-mail id,e - mail id",
    "TRANSID": "transaction id,txn#,txn id,tranc id,transid",
    "FAVRG":"favouring,fvg",
    "PNR": "pnr,pnrno,booking details",
    "SEAT": "seat,seatno,seat(s)",
    "TICKET": "ticket,ticket id",
    "TRX": "betalning|debit,paid|debit,dr|debit,withdrawn|debit,withdrew|debit,realized|debit,realised|debit,deducted|debit,spent|debit,deposited|credit,debited|debit,refunded|credit,reversed|credit",
    "TRX1": "withdraw|debit,withdrawal|debit,wdl|debit,w/d|debit,deposit|credit,credit|credit,debit|debit,refund|credit,reversal|credit,reversals of charges|credit",
    "TRX2": "credited|credit",
    "TRANS": "transferred|debit,charged|debit,levied|debit,purchased|debit,paying|debit,spending|debit",
    "TRANS1": "tranx|debit,trx|debit,txn|debit,transaction|debit,payment|debit,pymt|debit,pmt|debit,pmnt|debit,pyt|debit,purchase|debit,transfer|debit,charge|debit,fund transfer|debit",
    "TRANS2": "instalment|debit,installment|debit,settlement|credit",
    "TRANS3": "recd|credit,received|credit",
    "INSTANT":"instant,insta",
    "BALTRANS": "balance transfer",
    "CSHDPST": "cash deposit|credit,deposit of cash|credit",
    "CSHWDL": "cash withdrawal|debit,csh wdl|debit,cshwdl|debit",
    "CURR": "current,curr,cur",
    "RECHRG": "recharge,rchrg,topup,top up",
    "RECHRG1": "recharged",
    "PLAN":"plan",
    "EMI":"emi",
    "QUAL": "qualifies,qualify",
    "MATUR": "maturity",
    "POLICY": "policy no,pol no,policy",
    "CONSUMER": "consumer,cons",
    "CONSUMERNO": "uscno,ca no,vc no,d2h id,tata sky id,digitaltv id,bp no,ser. no,s. no,ivrs no,sub id,cust id,customer id,ca#",
    "FLIGHT": "flight,flt,airline",
    "DUE[due]": "due|due,dues|due,overdue|overdue,irregular|overdue,not seen paid|due,unpaid|due,not been paid|due,missed payment|overdue,pay by|due",
    "DUE1[due]": "pending|pending",
    "DUE2[due]": "curr o/s|due,o/s|due,os|due,outstanding|due",
    "DUEDT":"duedate,pay by date,payable by",
    "DUETO": "due to",
    "SCHED": "schedule|schedule,schdld|schedule",
    "PROCESS":"processed|process",
    "MIN": "minimum,min",
    "AMNT": "amount,amt,amnt",
    "AVBL": "available,avbl,avl,avail,avlbl",
    "TOTAL": "total,net,tot,ttl,grand total",
    "CLRNC": "clrnc",
    "CLRNC1": "clr,clear",
    "CLRING": "clg,clearing",
    "PRSNT": "present,prsntd,lodged",
    "LIMIT": "limit,lmt,cr lmt,credit limit,crd lmt",
    "LTD": "limited",
    "REF": "reference,ref,rrn,req id,ref id,utr,referens",
    "LINK": "link,länken",
    "LINKADHR": "link aadhaar",
    "NO": "number,no,numbers",
    "MOB": "mobile,telephone,tel,phone,mob,jio,airtel,jiofi",
    "CALL": "call,dial",
    "PLS": "please,pls,kindly,plz",
    "GENERATE": "generate,produce",
    "SEND": "sent,send",
    "CONJ": "and,or,&,och",
    "OTP": "otp,urn,one time password,oac,one-time passcode,onetimepassword,osp,v-authentication,one time pin,onetime password,one-time password,verifieringskod, återställa lösenordet,sakerhetskod",
    "OTCD": "verification code,authentication code,auto-verify code,passcode,security code,confirmation code,amazn code,amazon code,uber code,uber kod,one-time wifi password,validation code,login code,reset code,transaction password,verifieringskoden,portkod",
    "PIN": "pin,mpin,pinkod",
    "TRANSFER": "neft|neft,imps|imps,upi|upi,rtgs|rtgs,mmt|imps,aeps|aeps",
    "AUTDBT": "auto debit|autdbt,autopay|autdbt,auto sweep|autdbt,auto pay|autdbt",
    "BENE": "beneficiary,benificiery,bene",
    "ADD":"adding,added",
    "DECLINE": "decline,not be processed,not be authorized,not approved",
    "DECLINE1": "timed out,fail",
    "DETAILS": "details,register",
    "CODE":"code,kod",
    "LOGIN": "login,sign in,password",
    "OFFER":"offer,promo,coupon,voucher",
    "EXPIRE": "expire,expiring,valid till,valid upto,valid up to,valid until",
    "SALARY": "salary|salary,sal|salary",
    "WORTH": "worth",
    "UPTO":"upto,up to",
    "GET":"get,enjoy,win",
    "BILL": "bill,ebill",
    "CASHBACK":"cashback,cashback*",
    "DISCOUNT":"discount,off,flat,off*,discount*",
    "SAVE":"save",
    "MTICKET":"m-ticket,**ksrtc mticket**",
    "PSNGRNAME":"psngrname,passname",
    "ROUTE":"route",
    "TRAVEL":"travels,operator name",
    "DEPART":"departure,depart,doj,deptime,dep,departure time",
    "REPORTTM": "reporting time",
    "FARE":"fare",
    "BOARDPNT":"boarding point,pickuppt,boardingpt",
    "CONTACT":"contact",
    "HELPLINE":"helpline",
    "RESCHE":"rescheduled|reschedule,cancelled|cancel,delayed|delay,försening|delay",
    "RESCHE1": "failed|fail",
    "CANCEL":"cancel,avbryt",
    "CANCELFEE":"cancellation fee,cancelled ride",
    "TRIPCODE":"trip code,tripcode,trip id",
    "BUS":"bus",
    "BUSNO":"busno,bus number,bus no",
    "TRAIN":"train,trn",
    "JOURNEY":"journey,jnydate",
    "RIDE": "ride",
    "CRNCY[crncy]": "rs|inr,inr|inr,\u20b9|inr,usd|usd,cad|cad,eur|eur,gbp|gbp,aed|aed,jpy|jpy,aud|aud,s$|s$,lkr|lkr,ksh|ksh,kr|kr",
    "FLTID[flight_name]": "6e|Indigo,ai|AirIndia,i5|AirAsia,sg|SpiceJet,g8|GoAir,uk|Vistara,ix|AirIndiaExpress,2t|TruJet,9w|JetAirways,indigo|Indigo,air india|AirIndia,air asia|AirAsia,go air|GoAir,vistara|Vistara,trujet|TruJet,jet airways|JetAirways,air india express|AirIndiaExpress,spicejet|SpiceJet",
    "INCR": "increase,extension,enhance",
    "REMIND":"reminder",
    "ALERT":"alert",
    "FREE": "free",
    "ORIG": "original",
    "PLATFRM":"platform,depot",
    "CREW": "crew",
    "DT": "date,dt",
    "PAY": "pay",
    "ORDER": "order",
    "WALLET":"wallet,mywallet,ola money|ola,myntra credit",
    "SUSPEND": "disconnect|disconnect,suspend|suspend,inoperative|inoperative,not operated|inoperative,stopped|stop,closed|close,blocked|block,inactive|inactive",
    "ACTIVE": "active",
    "SERVICE": "service,service id,serviceno",
    "RECNCHRG": "reconnection charges",
    "AVOID": "avoid",
    "CROSS": "cross",
    "CRDPOINTS": "credits",
    "INSTALL": "install",
    "INCORRPIN": "incorrect pin|incorrpin,incorrect cvv|incorrcvv,wrong pin|incorrpin",
    "INFO": "info",
    "FIND": "find",
    "HTTP": "http,https",
    "ORDSTATUS[status]":"order received|ordrcv,placed|ordrcv,order placed|ordrcv,shipped|ordshp,dispatched|ordshp,packed|ordpck,delivered|delvrd,levererade|delvrd,order rejected|ordcancl,levererat|delvrd",
    "ORDSTATUS1[status]":"confirmed|ordrcv,thanks for your order|ordrcv,tack för din beställning|ordrcv",
    "ORDSTATUS2[status]":"arriving early|arrvontm,arriving today|arrvtdy,idag kommer|arrvtdy,leveransförsök|arrvtdy,delivery reminder|arrvontm,out for delivery|arrvtdy,will be delivered|arrvontm,delivery will take|arrvontm,expected to be delivered|arrvontm,pickup and refund update|pickup,hämtas|pickup",
    "ORDSTATUS3[status]":"on the way|arrvontm,on time|arrvontm,on its way|arrvontm,på väg|arrvontm,snart att skickas|arrvontm,levereras|arrvontm",
    "ORDNTF[status]": "action required|actionrqd,ändra ditt leveransdatum|actionrqd,undelivered|undelivered,unable to process|returned,inte leverera|undelivered,not deliver|undelivered,misslyckats att leverera|undeliverd",
    "ORDNTF1[status]": "cannot be honoured|returned,dishonoured|returned,dishonored|returned,rejected|rejected,returned|returned",
    "NOT": "not",
    "SUCCESSFUL": "successful|success,success|success",
    "DELIVERY": "delivery,leverans",
    "APPROVE": "approved|approved,sanctioned|approved",
    "DISBURSE": "disbursement|disburse,disbursed|disburse",
    "APPLCTN":"application",
    "INSUFFUNDS[reason]": "due to insufficient funds|insuffunds,due to funds insufficient|insuffunds,due to insufficient account balance|insuffunds,due to insufficient balance|insuffunds,due to reason-insufficient funds|insuffunds,due to drawers signature required|signature_rqd,due to chq irregularly drawn|figure_differ,due to drawers signature differ|signature_rqd,due to reason image not clear|unclear_image,due to reason door closed|door_closed,not activated for international use|deactve_intl,insufficient credit limit balance|insuffunds",
    "PREM":"premium",
    "SHOWS": "shows",
    "LANDMARK": "landmark",
    "ADDRESS": "address",
    "INIT": "initiate,create,start",
    "RQST":"request",
    "PRECLSRE":"preclosure",
    "STATMNT": "statement,soa",
    "PICKUP": "pickup,pick up",
    "PACKAGE": "package,paket,varor",
    "PACK": "pack",
    "CAR[car]": "swift|swift,etios|etios,indica|indica,ritz|ritz,xcent|xcent,auto|auto,fiesta|fiesta,figo|figo,micra|micra,zest|zest,vehicle",
    "IDPRX": "crn,krn",
    "MRP": "mrp",
    "RENTAL": "rental",
    "CONVEMI": "converted to emi,converted into emi",
    "CONVERT": "convert",
    "PER": "per",
    "AS": "as",
    "PYMNTS": "payments",
    "ENDING": "ending",
    "OVERDRAWN": "overdrawn",
    "REACH": "reach",
    "ORDCNCLRESN[reason]": "not accepted|ntacpt",
    "RETPICKUP[status]": "return pickup|pickup,return pick up|pickup",
    "PLUSCHG": "plus charges",
    "FOLIO": "folio",
    "TERMDEP": "term deposit,fd,fixed deposit",
    "ONLINE": "online",
    "ECS": "nach,ecs mandate,ecs,nach mandate",
    "QUES": "did you,have you",
    "ACTIVATE[activation]": "activate|activate,block|block",
    "NEW[old]": "new|new,updated|updated,old|old",
    "GETTING": "getting",
    "UNINTER": "uninterrupted",
    "REGULRZ": "regularize",
    "KNOW": "know",
    "ELIGIBLE": "eligible,eligibile",
    "PRECODE": "telegram|telegram,whatsapp|whatsapp,snapchat|snapchat,truecaller|truecaller,netsecure|netsecure,slack|slack,microsoft|microsoft,signal|signal,uber|uber,instagram|instagram",
    "ACTIVATN": "activation",
    "AFTER": "after",
    "APLCBLE": "applicable",
    "BANK": "bank",
    "SURCHRG": "surcharge",
    "THIS": "this",
    "SAME": "same",
    "FACTOR": "factor",
    "AUTH": "authentication,auth,autentisering",
    "RBI": "rbi",
    "WITHEFF": "without effecting",
    "ADDTNL": "addnl,add'nl,additional",
    "MANDATE": "mandate",
    "WWW": "www",
    "FLTBKNG": "flight booking",
    "TERMINAL": "terminal",
    "GATE": "gate",
    "CHANGE": "change",
    "COMPLETE": "complete,slutföra",
    "DRAW": "draw|debit",
    "SMS": "sms",
    "STATUS": "status",
    "VOL": "volume",
    "ENTER": "enter,ange,uppge",
    "ACCPT": "accept",
    "OLDCURRNOT": "old currency notes",
    "WBCHCK": "web check-in",
    "VALUE" : "value",
    "PERANNUM": "p.a.",
    "UNKNWN": "unknown",
    "DENOMIN": "denomination",
    "EXCD": "exceed",
    "DAY[day]": "today|today,tomorrow|tomorrow,idag|today,ikväll|today",
    "PINCODE": "pin code,pincode",
    "ENSURE": "ensure",
    "IFNTWD": "if not w/d",
    "GAMESACCT": "games bonus account",
    "OFFERSINTRX": "fill the slogan",
    "AGENT": "agent,amzagent",
    "BRING": "bring",
    "BTWN": "between",
    "BGJY": "bag of joy",
    "AVAIL": "to avail",
    "INSUFF[state]" : "insufficient|insufficient",
    "CARDCOMP" : "visa",
    "WIFI" : "wifi",
    "HANDLEFEE": "handling fee",
    "INKIND[mode]": "lk cash|walletpts,points|points,scratch coins|coins,gift voucher|voucher",
    "HERE": "here",
    "VERIFY": "verify"
  },
  "CLASSIFIER": {
    "CLS_ID": [
      "BOOKINGID",
      "REF",
      "PNR",
      "TICKETNO",
      "TICKET",
      "FLIGHT",
      "TRIPCODE",
      "NO",
      "BUSNO",
      "CODE",
      "OFFERCODE",
      "USECODE",
      "OFFER",
      "OFFERS",
      "TRANSID",
      "ORDERID",
      "TRACKINGID",
      "AUX"
    ]
  },
  "GRAMMAR": {
    "GRM_BANK":
      {
        "GRMR": [
          {
            "TRANSINTENT[trx]": "TRANS AMT,AMT TRANS",
            "INTENT[trx]": "TRX AMT,AMT TRX,USE INSTR AMT,TRANSINTENT TRX,INTENT CSHDPST,CSHDPST {1:PREP}AMT,INTENT CSHWDL,INSTR USE AMT,TRANSINTENT TRANS,TRANS TRANSINTENT,DRAW {0}AMT,CSHWDL {1:PREP}AMT",
            "FUTINTENT[futtrx]": "FUTAUXTRX AMT,AMT FUTAUXTRX,POLAMT FUTAUXTRX,TRANSINTENT FUTAUXTRX,FUTAUXTRX {2}TRANSINTENT",
            "INSTR[acc]": "INS INSTRNO,INS NUM,INS NUMBER,USE NETB",
            "WALADD[waladd]": "ADDAMT WALLET",
            "WALSUB[walsub]": "SUBAMT WALLET",
            "RETAMT[trx]": "AMT ORDNTF"
          },
          {
            "BAL[bal]": "BLNC AMT,AVBL BAL,CURR {0}BAL,TOTAL BAL,BLNC NUM,CLRNC BAL,AMT AUX BLNC",
            "CHQNO[acc]":"CHQ INSTRNO,CHQ NUM,CHQ NUMBER",
            "CHQAMT[trx]":"CHQNO AMT,CHQ AMT",
            "CRDLIMT[crdlmt]": "LIMIT AMT",
            "TOTCRDLIMT[totcrdlmt]": "TOTAL CRDLIMT",
            "AVLCRDLIMT[crdlmt]": "AVBL CRDLIMT",
            "TRXCATG[trxcatg]": "TRANSFER REFNO,TRANSFER TRANS",
            "TRXID[ref]": "TRANSID NUM,TRANSID IDVAL",
            "BENTRX[bentrx]": "INTENT BENEACC,INTENT BENE",
            "REFNO[ref]": "REF NUMBER,REF NUM,REF IDVAL",
            "INCRDLMT[incrdlmt]": "INCR CRDLIMT PREP AMT,CRDLIMT INCR PREP AMT"
          },
          {
            "FUTAUXTRX[futtrx]":"FUTAUX {0}TRX,FUTAUX {0}TRANS",
            "BENEADDACC[beneacc]":"BENEADD INSTR,INSTR BENEADD",
            "BENEADD[beneadd]":"ADD BENE",
            "BENEACC[bene]": "BENE INS",
            "ADDAMT[add]":"ADD AMT",
            "SUBAMT[sub]": "AMT {1:AUX}USE"  ,
            "MOBILE[mobile]": "INS LINK MOB INSTRNO",
            "LINKADHRDATE[lnkadhr]": "LINKADHR DATE",
            "BLNC": "BLNC {1:AFTER}TRX",
            "INSUFFBAL[bal]" : "INSUFF BLNC"
          }
        ],
        "STRUCT": [
          "TRANSINTENT #vendor",
          "INTENT #vendor",
          "INTENT INFO #vendor",
          "TRANSINTENT INFO #vendor",
          "INTENT PREPL #location PREPV #vendor"
        ]
      },
    "GRM_OTP":
      {
        "GRMR": [
          {
            "OTPCODE": "PRECODE {1:DET}CODE,PRECODE {0}LOGIN {0}CODE",
            "OTPNO[otp]<5>": "OTP NUM,NUM OTP,OTP NUMBER,ENTER NUM {3:PREP}WIFI,USE NUM {2}LOGIN,USE NUM FACTOR {0}AUTH",
            "USCDNO[code]<2>": "OTPCODE NUM,USECODE NUM,ACTIVATNCODE NUM,OTCD NUM,NUM OTCD,OTCD NUMBER,NUM {0}USECODE,NUM {2:AUX}OTPCODE,ENTER {0}NUM {1:PREP}COMPLETE,CODE {1:AUX}NUM",
            "PINNO[pin]<3>": "PIN NUM,NUM PIN,PIN NUMBER,NUM CODEVERIFYMOB"
          },
          {
            "ACTIVATNCODE": "ACTIVATN {0}CODE",
            "CARDCMPEND": "CARDCOMP ENDING",
            "CARDENDNO[card]": "CARDCMPEND NUM",
            "CODEVERIFYMOB<3>": "USECODE VERIFY {1:DET}MOB"
          }
        ],
        "STRUCT": []
      },
    "GRM_EVENT":
      {
        "GRMR": [
          {
            "TICKETGEN<3>": "TICKET AUX GENERATE SEND EMAILID,PLS FIND TICKET DETAILS",
            "SEATNUMB": "SEATNO SEATNUM,SEAT SEATNUM",
            "BKNGID[booking]": "BOOKINGID IDVAL"
          },
          {
            "SEATNO": "SEAT NO"
          },
          {
          }
        ],
        "STRUCT": [
          "BKNGID SEATNUMB #movie DATE #location",
          "TICKETGEN PREPV #movie DATE #location"
        ]
      },
    "GRM_TRAVEL":
      {
        "GRMR": [
          { "PNRID<2>[pnr]": "PNR IDVAL,PNR NUM",
            "PNRALERT[alert]":"PNRID AUX RESCHE,PNRID TICKET RESCHE,TICKETNUM RESCHE,FLTBKNG AUX ORDSTATUS1",
            "ITINALERT[itinalert]": "ITINERARY {1}AUX DUE1,ITINERARY {1}AUX RESCHE",
            "FLTALERT[fltalert]": "FLTIDVAL AUX RESCHE",
            "GATALERT": "FLTIDVAL AUX GATCHNG",
            "DEPDATE[dept]":"DEPART DATE,JOURNEY DATE",
            "DEPTIME[dept]": "DEPART TIME,DEPART NUM",
            "REPORTIME[rprt]": "REPORTTM TIME,REPORTTM NUM",
            "TOTALFARE[fare]": "TOTAL FAREAMT,DISCOUNT FAREAMT",
            "TRIPCODEVAL[trip]": "TRIPCODE IDVAL,TRIPCODE NUM",
            "ITINERARY": "LOCATION LOCATION",
            "AIRPORTS": "AIRPORT AIRPORT"
          },
          {
            "TICKETNUM[ticket]":"TICKETNO IDVAL,TICKET IDVAL",
            "TICKETNO":"TICKET NO",
            "SEATNUMB": "SEATNO SEATNUM,SEAT SEATNUM",
            "SEATNO": "SEAT NO",
            "FAREAMT[fare]": "FARE AMT,FARE TRX AMT,FARE NUM",
            "BOARDPNTCONT[tele]":"BOARDPNT CONTACT NUM,CREWMOB NUM",
            "ORIGFARE[orgfare]": "ORIG FAREAMT",
            "TRAINNUM[train]":"TRAIN {0}NUM",
            "BUSID[bus]<2>": "BUSNO IDVAL",
            "BKNGID[booking]": "BOOKINGID IDVAL"

          },
          {
            "REFNO[ref]": "REF NUMBER,REF NUM,REF IDVAL",
            "CREWMOB":"CREW MOB NO,CONTACT NO,CONTACT {0}TRAVEL",
            "ORDERIDVAL[order]": "ORDERID NUM,ORDERID IDVAL,ORDER {0}NUM",
            "CABBKIG[cab]": "CAR VHRGID",
            "TERMNUM[terminal]": "TERMINAL {0}NUM",
            "GATNUM[gate]": "GATE {0}NUM",
            "GATCHNG[alert]": "GATE {0}CHANGE",
            "WBCHKURL[track]": "WBCHCK URL",
            "HANDLEFEEAMT[handlefee]" : "HANDLEFEE {1:PREP}AMT"
          }
        ],
        "STRUCT": [
          "ROUTE ITINERARY TRAVEL #vendor BOARDPNT #boardpnt LANDMARK #landmark ADDRESS #address BOARDPNTCONT",
          "JOURNEY ITINERARY PNRID TRAVEL #vendor BOARDPNT #boardpnt",
          "PNRID FLTIDVAL DATE #itinerary TIMES",
          "MTICKET ITINERARY PSNGRNAME #psngrname TRIPCODEVAL BOARDPNT #boardpnt PLATFRM",
          "MTICKET ITINERARY TRIPCODEVAL BOARDPNT #boardpnt",
          "PNRID TRIPCODEVAL ITINERARY NAME #vendor BOARDPNT #boardpnt",
          "BUSID SERVICE #itinerary",
          "PNRID TRAINNUM DEPDATE #itinerary"
        ]
      },
    "GRM_BILL":
      {
        "GRMR": [
          {
            "INTENTDUE[bill]<3>": "TRANSINTENT DUE,DUE {2:PREP}TRANSINTENT,BILL AMTDUE,AMNT AMTDUE,AMT AUX SCHED,TRANSINTENT AUX SCHED,BILLNO AUX SCHED,AMTDUE INSTR,PLSPAY BILL AMT,PLSENSUR AUX INTENT,AMNT BILL AMT,CRSDUEDT TRANSINTENT,BILL AMT PYTDUE,BILL TRANSINTENT DATE,TOTAL {0}INTENTDUE,RECHRGAMT {2:AUX}DUEDATE,TRNSBILL {1}AMT,INTENT AUX DUEDATE",
            "BILLRESCHE[billresche]<2>":"RECHRGAMT AUX RESCHE,RECHRGAMT AUX DUE1",
            "BILLPRCS[billprcs]":"BILLNO AUX PROCESS,TRANSINTENT BILLPRCS,TRANSINTENT AUX PROCESS,TRANSINTENT AUX SUCCESSFUL,TRANSINTENT COMPLETE SUCCESSFUL",
            "TOTAMT[bill]": "TOTAL AMTDUE,TOTAL AMT,TOTAL TRANSINTENT,BILLNO {1:AUX}AMT,TOTBILL AMT",
            "MINAMT[min]": "MIN AMNT AMT,MIN AMTDUE,MIN TRANSINTENT,MIN {4}AMT",
            "PYTDUE[emiacc]<3>":"INS AUX DUE,INSTR AUX DUE,INSTR SHOWS DUE,DUE {4:on}INSTR",
            "EMIDUE[emi]<3>":"EMIAMT DUE,EMID AMT,DUE EMIAMT,EMID DATE,EMIDUE AMT,PYTDUE AMT",
            "POLDUE[policy]<3>": "INTENTDUE POLNUM,AMT POLNUM DUE,POLNUM INTENTDUE,AMT POLNUM TRX,POLNUM AMTDUE,POLNUM DUEDATE,POLAMT POLNUM DUE",
            "INTENTDUEDATE[bill]": "INTENTDUE DATE,AMTDUE DATE,DUE {1:PREPV}TRANS {1:PREP}DATE,INTENTDUE DAY",
            "AMTDUE[bill]": "AMT DUE,DUE AMT,AMT AUX GENERATE,DUE {3}BAL",
            "DUEAMT[due]<3>": "DUE AMNT AUX NUM,RENTAL {1:AUX}AMT",
            "AMTDUERCV[amtrcv]<2>": "AMTDUE AUX {0}TRANS,TRANSINTENT BILLNO AUX {0}TRANS,INTENT BILL AMNT",
            "BILLNO[billno]": "BILL NUM,BILL {4}INSTR",
            "ACCDISC[discacc]<2>":"INSTR AUX SUSPEND,SERVICE AUX SUSPEND,INSTR FUTAUX SUSPEND",
            "LOANAPPROVAL[approvedloan]<2>": "INS APPLNO APRVEDAMT,APPLCTN INSTR APRVEDAMT,APPLAMT APPROVE",
            "PRECLOSURE[preclosure]<2>": "PRECLSRQST AMT",
            "CABBKG[cab]<2>": "TRANSINTENT {3:PREPV}RIDE,AMT TOTBILL RIDE,TOTBILL RIDE AMT",
            "CABCANCEL[cabcancel]<2>": "FUTINTENT RIDE CANCELFEE",
            "RECHRGAMT[rechrg]": "RECHRG AMT,AMT {0}RECHRG",
            "MNDVLAMT[mandate]": "MANDATE VALUE AMT",
            "EMIBKD[emibkd]<3>": "TRANSINTENT AUX {0}BOOK",
            "EXPDATE[expire]": "EXPIRE DATE,EXPIRE TIME,EXPIRE DAY",
            "PLNAMT[plan]<2>": "PLAN {0}AMT",
            "PLNNUM[plan]<2>": "PLAN NUM"
          },
          {
            "BAL[bal]": "BLNC AMT,AVBL BAL,TOTAL BAL,BLNC NUM,CLRNC BAL",
            "RCHRGSUCC[rechrgsucc]<3>": "RECHRG {0}SUCCESSFUL,RECHRGAMT SUCCESSFUL,RECHRG {0}MAKE,TRANSINTENT {3:PREPV}CONSUMERNUM,RCHRGSUCC {1}NUM,INTENT {2}RECHRG",
            "RCHRGNUMSUCC[rechrgnumsucc]<3>": "RECHRG {1:PREP}NUM SUCCESSFUL",
            "RCHRGNUMEXP[rechrgnumexp]<3>": "RECHRG {1:PREP}NUM EXPIRE",
            "INSTR[acc]": "INS INSTRNO,INS NUM,INS NUMBER",
            "DUEDATE[due]": "DUE DATE,DUEDT DATE,DUE {0}DAY",
            "TRANSINTENT[trx]": "TRANS AMT",
            "POLAMT[policy]":"PREM AMT",
            "CRSDUEDT":"CROSS DUE DT",
            "SERVICENUM[service]":"SRVCERQST NUMBER",
            "APRVEDAMT[approved]": "APPROVE {3:for}AMT,AMT {3:AUX}APPROVE,DISBURSE AMT",
            "TOTBILL": "TOTAL {0}BILL",
            "MOBILE[mobile]": "MOB NUM,MOB NUMBER",
            "CONSUMERNUM[consumer]": "CONSUMERNO NUM,CONSUMER {0}NUM,CUST {0}NUM",
            "REFNO[ref]": "REF NUMBER,REF NUM,REF IDVAL",
            "TRXID[ref]": "TRANSID NUM,TRANSID IDVAL",
            "MRPAMT[mrp]": "MRP {0}AMT",
            "FOLIONUM": "FOLIO NUM,FOLIO INSTRNO",
            "SURCHRGAMT[surchrg]": "SURCHRG {0}AMT",
            "RCHRGURL[recharge]": "RECHRG {2}URL"
          },
          {
            "EMIAMT[emi]":"EMI AMT",
            "EMID[emi]":"EMI DUE",
            "POLNUM[policy]":"POLICY NUM,POLICY NUMBER",
            "APPLAMT": "INS APPLCTN {1:PREPV}AMT",
            "APPLNO[application]": "APPLCTN NUMBER,APPLCTN NUM",
            "PRECLSRQST":"PRECLSRE {0}RQST",
            "SRVCERQST": "SERVICE {0}RQST",
            "AVOIDRECON": "AVOID AMT RECNCHRG",
            "TRNSBILL": "TRANS {1}BILL"
          }
        ],
        "STRUCT": [
          "BILLNO #vendor"
        ]
      },
    "GRM_OFFERS":
      {
        "GRMR": [
          {
            "INTENTANGET[discount]": "TRX GETINKIND,RECHRGAMT {2:CONJ}GETAMT,EMIAMT {2:CONJ}GETAMT,INTENTDUE {2:CONJ}GETAMT,DISCNTVAL {3:PREP}INTENT,DISCNTVAL {3:PREP}TRANSINTENT,DISCNTVAL MIN TRANSINTENT,CASHBACKVALUE TRANSINTENT,CASHBACKVALUE INTENT,INTENT {2}INSTR {2:CONJ}OFFERSINTRX,AVAIL {1}INTENT",
            "INTENTGETEXP[discount]": "INTENTANGET EXPDATE"
          },
          {
            "CODEVAL<3>[code]": "USECODE IDVAL,OFFERCODE IDVAL,CODE IDVAL,OFFERS IDVAL",
            "CASHBACKVALUE<3>[cashback]": "CASHBACK AMT,AMT CASHBACK,GETAMT CASHBACK,PCT CASHBACK,CASHBACK PCT,CASHBACKVALUE PREP RECHRG,RECHRGAMT PLAN",
            "DISCNTVAL<3>[discount]": "DISCOUNT PCT,PCT DISCOUNT,DISCOUNT AMT,AMT DISCOUNT,GETAMT DISCOUNT",
            "SAVEVAL<3>[save]": "SAVE PCT,SAVE AMT,OFFER WORTH AMT,OFFER UPTO AMT,DISCNTVAL MINAMT",
            "OFFERCODE[offer]": "USE OFFER,OFFERCODE CODE",
            "USECODE[offer]": "USE CODE",
            "OFFERS[offer]":"OFFER CODE",
            "EXPDATE[expire]": "EXPIRE DATE,EXPIRE TIME",
            "GETAMT[discount]": "GET {0}AMT,GET {0}UPTOAMT",
            "GETINKIND[moneyinkind]": "INKIND {2:AUX}INTENT,INKIND WORTH AMT,GET INKINDCASH WORTH AMT,INKIND TRANSINTENT,INKINDCASH TRANSINTENT",
            "INKINDCASH[value]": "AMT INKIND,NUM INKIND"
          },
          {
            "TRANSINTENT[trx]": "TRANS AMT"
          }
        ],
        "STRUCT": [
          "CASHBACKVALUE PREP #offertext",
          "DISCNTVAL PREP #offertext",
          "CODEVAL PREP #offertext"
        ]
      },
    "GRM_NOTIF":
      {
      "GRMR": [
        {
          "TRCONV[conv]<5>": "TRANSINTENT CONVEMI,TRANSINTENT QUAL EMI,EMRQ TRANSINTENT",
          "TRXDECLINE[decline]<5>": "INTENT DECLINE,TRANSINTENT DECLINE,TRANS DECLINE,INSTR INSUFFUNDS,AMT AUX RESCHE,TRANSINTENT RESCHE,INSTR_ORDNTF INSUFFUNDS,TRANSINTENT ORDNTF,TRFREQ_AMT DECLINE,TRFREQ_AMT RESCHE",
          "TRXINIT[init]<5>": "TRANSINTENT AUX {0}INIT,INTENT AUX {0}INIT",
          "TRXUNKNWN[unknown]<5>": "STATUS INTENT UNKNWN,STATUS TRANSINTENT UNKNWN",
          "DECLINE_REASON[decline]<5>": "DECLINE INCORRPIN,TRXDECLINE INCORRPIN,INCORRPIN {0}ENTER",
          "INSTR_ORDNTF[acc]<4>": "ORDNTF CHQNO,CHQAMT ORDNTF,CHQNO ORDNTF,CHQ_CLRG ORDNTF",
          "CHQ_CLRG[chqclr]<3>": "CHQNO CHQCLRING,CHQAMT CHQCLRING,CHQAMT AUX PROCESS",
          "CHQ_NTF[acc]<2>": "NUM CHQ {0}ORDNTF",
          "OVERAMT[overdrawn]<2>": "OVERDRAWN AMT",
          "TRFREQ_AMT[request]<2>": "TRFREQ AMT",
          "TRANSEXCD[exceed]<3>": "TRANSINTENT EXCD {2}LIMIT,INTENT EXCD {2}LIMIT",
          "PAYLINKAMT[paylink]": "USELINK {3:PREP}TRANSINTENT,USELINK {1:PREP}PAY AMT",
          "PAYLINK[paylink]": "PAYLINKAMT {0}URL,USE URL {1:PREP}PAY"
        },
        {
          "USELINK":"USE {2}LINK"
        },
        {
          "CHQCLRING": "PRSNT {2:PREPL;PREPV}CLRING,PRSNT {1:for}TRANS,TRANS {1:PREPL;PREPV}CLRING",
          "TRFREQ": "TRANS {0}RQST",
          "EMRQ": "EMI {2}RQST,RQST {2}EMI"
        }
      ],
      "STRUCT": []
    },
    "GRM_DELIVERY":
      {
      "GRMR": [
        {
          "ORDERSTATUS[order]<3>": "ORDSTATUS ORDERIDVAL,ORDSTATUS ORDSTATUS,ORDER ORDSTATUS,ORDERIDVAL ORDSTATUS,ORDSTATUS REACHDT,ORDSTATUS ORDCNCLRESN,RETPICKUP SCHED DATE,RETPICKUP RESCHE,ORDSTATUS AGNTNM {3:MODAL}BRNGORD,ORDSTATUS {1:PREP}DATE BTW TIME {1:PREP}TIME,ORDSTATUS {3:PREPV}DATE",
          "ORDERSTATUS1[order]<3>": "ORDPLACED ORDSTATUS,SAL ORDSTATUS,PACKAGE {4}ORDSTATUS,ORDSTATUS {2}DAY,RESCHE {3:DET}DELIVERY,ORDSTATUS {4:DET}DELIVERY,ORDNTF {4:AUX}USELINK",
          "TRACKSTATUS[tracking]<3>":"TRACKINGIDVAL ORDSTATUS",
          "ORDERAMT[order]": "ORDERSTATUS AMT,ORDERIDVAL AMNT AMT",
          "DLVRYNOTIF[ordnotif]<3>": "ORDNTF DELIVERY TRACKINGIDVAL NOT SUCCESSFUL,ORDNTF {2}PACKAGE,PACKAGE ORDNTF"
        },
        {
          "ORDERIDVAL[order]": "ORDERID NUM,ORDERID IDVAL",
          "TRACKINGIDVAL[tracking]": "TRACKINGID IDVAL,TRACKINGID NUM,TRACKINGID NUMBER",
          "REACHDT": "REACH DATE",
          "ORDPLACED": "SALDET ORDER"
        },
        {
          "AGNTNM[call]": "AGENT {1}NUM",
          "BRNGORD": "BRING {1}ORDER,BRING BGJY"
        }
      ],
      "STRUCT": [
        "ORDERSTATUS #item ORDSTATUS",
        "ORDSTATUS #item ORDERSTATUS",
        "TRANS #item ORDERAMT"
      ]
    },
    "GRM_VOID": {
      "GRMR": [
        {
          "CRNCYDENMN<2>": "INTENT {0}DENOMIN,TRANSINTENT {0}DENOMIN",
          "ACPTDPSTOLDNOTE[oldnote]<3>": "ACCPT CSHDPST OLDCURRNOT AMT",
          "PTMGAMES<2>":"INTENT GAMESACCT"
        },
        {},
        {
          "CALLNO[call]": "CALL {1:PREP;PREPV}NUM,CONTACT HELPLINE NUM,CALL {0}INSTRNO,SEND {5:PREP}NUM,CALL MOBILE",
          "UPTOAMT": "UPTO {0}AMT",
          "SALDET": "SAL1 {0}DET1",
          "PLSPAY": "PLS {1}PAY,RQST {1}PAY,RQST {1}CLRNC1,PLS {1}CLRNC1",
          "PLSENSUR": "PLS {0}ENSURE",
          "INS": "INS {0}INS2,OD {0}INS2",
          "BLNC": "INS {0}BLNC1",
          "NUMBER": "NO NUM",
          "ELLIGAMT": "ELIGIBLE {3}AMT",
          "NEWLOAN": "AVBL INS3",
          "INSTALOAN":"INSTANT {0}INS3",
          "INSTALOAN[instaloan]": "INSTALOAN {1}AMT",
          "CONSUMERNO": "CONSUMER {0}NO,CUST {0}NO",
          "GENDATE[gen]": "GENERATE DATE",
          "WITHADDFACAUTRBI": "WITHEFF {0}ADDTNL FACTOR {1}AUTH MANDATE {1}RBI",
          "SMSCDNO[sms]" : "SMSCODE {1:PREP}NUM",
          "VOLAMT": "VOL {1}AMT",
          "NUM_MINS": "NUM {0}MIN",
          "INTRATE[interest]": "PCT {0}PERANNUM"
        }
      ],
      "STRUCT": []
    }
  }
}