[{
		"stylers": [{
			"visibility": "on"
		}]
	},
	{
		"elementType": "geometry",
		"stylers": [{
			"color": "#F5F5F5"
		}]
	},
	{
		"elementType": "labels.icon",
		"stylers": [{
			"visibility": "off"
		}]
	},
	{
		"elementType": "labels.text.fill",
		"stylers": [{
			"color": "#616161"
		}]
	},
	{
		"elementType": "labels.text.stroke",
		"stylers": [{
			"color": "#F5F5F5"
		}]
	},
	{
		"featureType": "administrative",
		"stylers": [{
			"visibility": "on"
		}]
	},
	{
		"featureType": "administrative.land_parcel",
		"elementType": "labels.text.fill",
		"stylers": [{
			"color": "#BDBDBD"
		}]
	},
	{
		"featureType": "landscape",
		"stylers": [{
			"visibility": "simplified"
		}]
	},
	{
		"featureType": "poi",
		"stylers": [{
				"saturation": -100
			},
			{
				"visibility": "on"
			}
		]
	},
	{
		"featureType": "poi",
		"elementType": "geometry",
		"stylers": [{
			"color": "#EEEEEE"
		}]
	},
	{
		"featureType": "poi",
		"elementType": "labels.text.fill",
		"stylers": [{
			"color": "#757575"
		}]
	},
	{
		"featureType": "poi.park",
		"elementType": "geometry",
		"stylers": [{
			"color": "#E5E5E5"
		}]
	},
	{
		"featureType": "poi.park",
		"elementType": "labels.text.fill",
		"stylers": [{
			"color": "#9E9E9E"
		}]
	},
	{
		"featureType": "road",
		"stylers": [{
			"visibility": "simplified"
		}]
	},
	{
		"featureType": "road",
		"elementType": "geometry",
		"stylers": [{
			"color": "#FFFFFF"
		}]
	},
	{
		"featureType": "road.arterial",
		"elementType": "labels.text.fill",
		"stylers": [{
			"color": "#757575"
		}]
	},
	{
		"featureType": "road.highway",
		"elementType": "geometry",
		"stylers": [{
			"color": "#DADADA"
		}]
	},
	{
		"featureType": "road.highway",
		"elementType": "labels.text.fill",
		"stylers": [{
			"color": "#616161"
		}]
	},
	{
		"featureType": "road.local",
		"elementType": "labels.text.fill",
		"stylers": [{
			"color": "#9E9E9E"
		}]
	},
	{
		"featureType": "transit",
		"stylers": [{
				"saturation": -100
			},
			{
				"visibility": "simplified"
			}
		]
	},
	{
		"featureType": "transit.line",
		"elementType": "geometry",
		"stylers": [{
			"color": "#E5E5E5"
		}]
	},
	{
		"featureType": "transit.station",
		"elementType": "geometry",
		"stylers": [{
			"color": "#EEEEEE"
		}]
	},
	{
		"featureType": "water",
		"stylers": [{
			"visibility": "simplified"
		}]
	},
	{
		"featureType": "water",
		"elementType": "geometry",
		"stylers": [{
			"color": "#C9C9C9"
		}]
	},
	{
		"featureType": "water",
		"elementType": "labels.text.fill",
		"stylers": [{
			"color": "#9E9E9E"
		}]
	}
]