{
  "type": "Operator",
  "senders": [
    {
      "tags": [
        "121",
        "sender",
        "airexp",
        "airmta",
        "airbnk",
        "erecharge",
        "airdth",
        "airbil",
        "unknown sender"
      ],
      "formats": [
        {
          "messageFormat": "Dear Customer, bill payment.*?(Rs|INR)[\\.]?\\s*(([0-9]+(,[0-9]+)?)?(\\.[0-9]{1,2})?) is overdue for more than .*? days & a new bill.*?(Rs|INR)[\\.]?\\s*(([0-9]+(,[0-9]+)?)?(\\.[0-9]{1,2})?) for your Airtel Fixedline/Broadband no\\s(.*?). (Please.*?(Rs|INR)[\\.]?\\s*(([0-9]+(,[0-9]+)?)?(\\.[0-9]{1,2})?) at the earliest) for continued services..*",
          "reminderType": "BROADBAND",
          "title": "Airtel",
          "messageType": "NEW_BILL",
          "attributes": [
            {
              "name": "AmountOverdue",
              "groups": [
                2
              ],
              "dataType": "NUMBER"
            },
            {
              "name": "AmountDue",
              "groups": [
                7
              ],
              "dataType": "NUMBER"
            },
            {
              "name": "LineNumber",
              "groups": [
                11
              ],
              "dataType": "TEXT"
            },
            {
              "name": "AmountPayable",
              "groups": [
                14
              ],
              "dataType": "NUMBER"
            }
          ],
          "notificationAttributes": [
            {
              "name": "subText",
              "prefix": "",
              "attributeIndex": -1,
              "value": "Airtel broadband"
            },
            {
              "name": "contentTitle",
              "prefix": "New bill \u20B9",
              "attributeIndex": 1,
              "value": "Bill due"
            },
            {
              "name": "contentText",
              "prefix": "Overdue \u20B9",
              "attributeIndex": 0,
              "value": ""
            },
            {
              "name": "additionalText",
              "prefix": "Total payable \u20B9",
              "attributeIndex": 3,
              "value": ""
            }
          ]
        },
        {
          "messageFormat": "Dear Customer, ((Rs|INR)[\\.]?\\s*(([0-9]+(,[0-9]+)?)?(\\.[0-9]{1,2})?).*?overdue) for payment on your Airtel Mobile No\\s(.*?). To avoid service stoppage, please (pay.*?(Rs|INR)[\\.]?\\s*(([0-9]+(,[0-9]+)?)?(\\.[0-9]{1,2})?) immediately)..*",
          "reminderType": "POSTPAID",
          "title": "Airtel",
          "messageType": "BILL_REMINDER",
          "attributes": [
            {
              "name": "MobileNumber",
              "groups": [
                7
              ],
              "dataType": "TEXT"
            },
            {
              "name": "AmountPayable",
              "groups": [
                10
              ],
              "dataType": "NUMBER"
            }
          ],
          "notificationAttributes": [
            {
              "name": "subText",
              "prefix": "",
              "attributeIndex": -1,
              "value": "Airtel Postpaid"
            },
            {
              "name": "contentTitle",
              "prefix": "Amount overdue \u20B9",
              "attributeIndex": 1,
              "value": "Bill due"
            },
            {
              "name": "contentText",
              "prefix": "for ",
              "attributeIndex": 0,
              "value": ""
            }
          ]
        },
        {
          "messageFormat": "(Bill payment.*?(Rs|INR)[\\.]?\\s*(([0-9]+(,[0-9]+)?)?(\\.[0-9]{1,2})?)) for Airtel No.\\s*(.*?), that was due on.*?(\\d{1,4})(-|/)(\\d{1,2}|[a-z]{3,9})(-|/)(\\d{1,2}) (.*?) is pending.*",
          "reminderType": "POSTPAID",
          "title": "Airtel",
          "messageType": "BILL_REMINDER",
          "attributes": [
            {
              "name": "AmountPayable",
              "groups": [
                3
              ],
              "dataType": "NUMBER"
            },
            {
              "name": "MobileNumber",
              "groups": [
                7
              ],
              "dataType": "TEXT"
            },
            {
              "name": "DUE_DATE",
              "groups": [
                8,
                10,
                12
              ],
              "dataType": "DATE"
            }
          ],
          "notificationAttributes": [
            {
              "name": "subText",
              "prefix": "",
              "attributeIndex": -1,
              "value": "Airtel Postpaid"
            },
            {
              "name": "contentTitle",
              "prefix": "Total Due \u20B9",
              "attributeIndex": 0,
              "value": "Bill due"
            },
            {
              "name": "contentText",
              "prefix": "on ",
              "attributeIndex": 2,
              "value": ""
            }
          ]
        },
        {
          "messageFormat": "Bill dated (\\d{1,4})(-|/)(\\d{1,2}|[a-z]{3,9})(-|/)(\\d{1,2}) for (Rs|INR)[\\.]?\\s*(([0-9]+(,[0-9]+)?)?(\\.[0-9]{1,2})?) is due today for your Airtel No.\\s*(.*?). Please pay immediately to avoid late fee. Payment options.*",
          "reminderType": "POSTPAID",
          "title": "Airtel",
          "messageType": "BILL_REMINDER",
          "attributes": [
            {
              "name": "Date",
              "groups": [
                1,
                3,
                5
              ],
              "dataType": "DATE"
            },
            {
              "name": "AmountPayable",
              "groups": [
                7
              ],
              "dataType": "NUMBER"
            },
            {
              "name": "MobileNumber",
              "groups": [
                11
              ],
              "dataType": "TEXT"
            }
          ],
          "notificationAttributes": [
            {
              "name": "subText",
              "prefix": "",
              "attributeIndex": -1,
              "value": "Airtel Postpaid"
            },
            {
              "name": "contentTitle",
              "prefix": "Bill amount \u20B9",
              "attributeIndex": 1,
              "value": "Bill due"
            },
            {
              "name": "contentText",
              "prefix": "",
              "attributeIndex": -1,
              "value": "Due today"
            }
          ]
        },
        {
          "messageFormat": "Bill of (Rs|INR)[\\.]?\\s*(([0-9]+(,[0-9]+)?)?(\\.[0-9]{1,2})?), dated (\\d{1,4})(-|/)(\\d{1,2}|[a-z]{3,9})(-|/)(\\d{1,2}) for Airtel No.\\s(.*?) is due.*?(\\d{1,4})(-|/)(\\d{1,2}|[a-z]{3,9})(-|/)(\\d{1,2})..*",
          "reminderType": "POSTPAID",
          "title": "Airtel",
          "messageType": "BILL_REMINDER",
          "attributes": [
            {
              "name": "AmountPayable",
              "groups": [
                2
              ],
              "dataType": "NUMBER"
            },
            {
              "name": "MobileNumber",
              "groups": [
                11
              ],
              "dataType": "TEXT"
            },
            {
              "name": "DueDate",
              "groups": [
                12,
                14,
                16
              ],
              "dataType": "DATE"
            }
          ],
          "notificationAttributes": [
            {
              "name": "subText",
              "prefix": "",
              "attributeIndex": -1,
              "value": "Airtel Postpaid"
            },
            {
              "name": "contentTitle",
              "prefix": "Bill for \u20B9",
              "attributeIndex": 0,
              "value": "Bill due"
            },
            {
              "name": "contentText",
              "prefix": "due on ",
              "attributeIndex": 2,
              "value": ""
            }
          ]
        },
        {
          "messageFormat": "Bill of (Rs|INR)[\\.]?\\s*(([0-9]+(,[0-9]+)?)?(\\.[0-9]{1,2})?) is due on your Airtel Fixedline/Broadband account no\\s?(.*?). pay.*",
          "reminderType": "BROADBAND",
          "title": "Airtel",
          "messageType": "BILL_REMINDER",
          "attributes": [
            {
              "name": "AmountPayable",
              "groups": [
                2
              ],
              "dataType": "NUMBER"
            },
            {
              "name": "LineNumber",
              "groups": [
                6
              ],
              "dataType": "TEXT"
            }
          ],
          "notificationAttributes": [
            {
              "name": "subText",
              "prefix": "",
              "attributeIndex": -1,
              "value": "Airtel"
            },
            {
              "name": "contentTitle",
              "prefix": "Bill due \u20B9",
              "attributeIndex": 0,
              "value": "Bill due"
            },
            {
              "name": "contentText",
              "prefix": "for broadband ",
              "attributeIndex": 1,
              "value": ""
            }
          ]
        },
        {
          "messageFormat": "(Bill payment.*?(Rs|INR)[\\.]?\\s*(([0-9]+(,[0-9]+)?)?(\\.[0-9]{1,2})?)) (due.*?(\\d{1,4})(-|/)(\\d{1,2}|[a-z]{3,9})(-|/)(\\d{1,2})) is pending for your Airtel No.\\s(.*?). Please pay immediately.*",
          "reminderType": "POSTPAID",
          "title": "Airtel",
          "messageType": "BILL_REMINDER",
          "attributes": [
            {
              "name": "AmountPayable",
              "groups": [
                3
              ],
              "dataType": "NUMBER"
            },
            {
              "name": "DueDate",
              "groups": [
                8,
                10,
                12
              ],
              "dataType": "DATE"
            },
            {
              "name": "MobileNumber",
              "groups": [
                13
              ],
              "dataType": "TEXT"
            }
          ],
          "notificationAttributes": [
            {
              "name": "subText",
              "prefix": "",
              "attributeIndex": -1,
              "value": "Airtel Postpaid"
            },
            {
              "name": "contentTitle",
              "prefix": "Amount due \u20B9",
              "attributeIndex": 0,
              "value": "Bill due"
            },
            {
              "name": "contentText",
              "prefix": "on ",
              "attributeIndex": 1,
              "value": ""
            }
          ]
        },
        {
          "messageFormat": "(Bill dated (\\d{1,4})(-|/)(\\d{1,2}|[a-z]{3,9})(-|/)(\\d{1,2})) for your Airtel Mobile has been sent on.*from.*?.(Due amount.*?(Rs|INR)[\\.]?\\s*(([0-9]+(,[0-9]+)?)?(\\.[0-9]{1,2})?)), (due date.*?(\\d{1,4})(-|/)(\\d{1,2}|[a-z]{3,9})(-|/)(\\d{1,2}))",
          "reminderType": "POSTPAID",
          "title": "Airtel",
          "messageType": "BILL_REMINDER",
          "attributes": [
            {
              "name": "DATE",
              "groups": [
                2,
                4,
                6
              ],
              "dataType": "DATE"
            },
            {
              "name": "AmountPayable",
              "groups": [
                9
              ],
              "dataType": "NUMBER"
            },
            {
              "name": "DueDate",
              "groups": [
                14,
                16,
                18
              ],
              "dataType": "DATE"
            }
          ],
          "notificationAttributes": [
            {
              "name": "subText",
              "prefix": "",
              "attributeIndex": -1,
              "value": "Airtel Postpaid"
            },
            {
              "name": "contentTitle",
              "prefix": "Amount due \u20B9",
              "attributeIndex": 1,
              "value": "Bill due"
            },
            {
              "name": "contentText",
              "prefix": "on ",
              "attributeIndex": 2,
              "value": ""
            }
          ]
        },
        {
          "messageFormat": "Dear Customer, we have received the Cash payment of (Rs|INR)[\\.]?\\s*(([0-9]+(,[0-9]+)?)?(\\.[0-9]{1,2})?) for your Airtel number\\s(.*?).Remaining payment due.*?(Rs|INR)[\\.]?\\s*(-?(([0-9]+(,[0-9]+)?)?(\\.[0-9]{1,2})?)).*",
          "reminderType": "POSTPAID",
          "title": "Airtel",
          "messageType": "BILL_PAID",
          "attributes": [
            {
              "name": "AmountPaid",
              "groups": [
                2
              ],
              "dataType": "NUMBER"
            },
            {
              "name": "MobileNumber",
              "groups": [
                6
              ],
              "dataType": "TEXT"
            },
            {
              "name": "AmountPayable",
              "groups": [
                8
              ],
              "dataType": "NUMBER"
            }
          ],
          "notificationAttributes": [
            {
              "name": "subText",
              "prefix": "",
              "attributeIndex": -1,
              "value": "Airtel Postpaid"
            },
            {
              "name": "contentTitle",
              "prefix": "Amount paid \u20B9",
              "attributeIndex": 0,
              "value": "Bill due"
            },
            {
              "name": "contentText",
              "prefix": "remaining due \u20B9",
              "attributeIndex": 2,
              "value": ""
            }
          ]
        },
        {
          "messageFormat": "Dear Customer, your Airtel Mobile No\\s*(.*?) bill payment of (Rs|INR)[\\.]?\\s*(([0-9]+(,[0-9]+)?)?(\\.[0-9]{1,2})?) is overdue for more than .*? days & a new bill has been generated for (Rs|INR)[\\.]?\\s*(([0-9]+(,[0-9]+)?)?(\\.[0-9]{1,2})?). Please pay (Rs|INR)[\\.]?\\s*(([0-9]+(,[0-9]+)?)?(\\.[0-9]{1,2})?) at the earliest for continued services. Ignore if you have already paid.",
          "reminderType": "POSTPAID",
          "title": "Airtel",
          "messageType": "NEW_BILL",
          "attributes": [
            {
              "name": "MobileNumber",
              "groups": [
                1
              ],
              "dataType": "TEXT"
            },
            {
              "name": "AmountDue",
              "groups": [
                3
              ],
              "dataType": "NUMBER"
            },
            {
              "name": "NewBill",
              "groups": [
                8
              ],
              "dataType": "NUMBER"
            },
            {
              "name": "AmountPayable",
              "groups": [
                13
              ],
              "dataType": "NUMBER"
            }
          ],
          "notificationAttributes": [
            {
              "name": "subText",
              "prefix": "",
              "attributeIndex": -1,
              "value": "Airtel Postpaid"
            },
            {
              "name": "contentTitle",
              "prefix": "New bill \u20B9",
              "attributeIndex": 2,
              "value": "Bill due"
            },
            {
              "name": "contentText",
              "prefix": "Overdue \u20B9",
              "attributeIndex": 1,
              "value": ""
            },
            {
              "name": "additionalText",
              "prefix": "Total payable \u20B9",
              "attributeIndex": 3,
              "value": ""
            }
          ]
        },
        {
          "messageFormat": "Dear Customer, incoming services will be stopped shortly on your Airtel Mobile\\s?(.*?) due to non-payment of bill amount. (Please pay (Rs|INR)[\\.]?\\s*(([0-9]+(,[0-9]+)?)?(\\.[0-9]{1,2})?) immediately.*)",
          "reminderType": "POSTPAID",
          "title": "Airtel",
          "messageType": "BILL_REMINDER",
          "attributes": [
            {
              "name": "MobileNumber",
              "groups": [
                1
              ],
              "dataType": "TEXT"
            },
            {
              "name": "AmountPayable",
              "groups": [
                4
              ],
              "dataType": "NUMBER"
            }
          ],
          "notificationAttributes": [
            {
              "name": "subText",
              "prefix": "",
              "attributeIndex": -1,
              "value": "Airtel Postpaid"
            },
            {
              "name": "contentTitle",
              "prefix": "Amount overdue \u20B9",
              "attributeIndex": 1,
              "value": "Bill due"
            },
            {
              "name": "contentText",
              "prefix": "for ",
              "attributeIndex": 0,
              "value": ""
            }
          ]
        },
        {
          "messageFormat": "Amount due as per bill dated (\\d{1,4})(-|/)(\\d{1,2}|[a-z]{3,9})(-|/)(\\d{1,2}) of your airtel fixedline a/c\\s(.*?) is (Rs|INR)[\\.]?\\s*(([0-9]+(,[0-9]+)?)?(\\.[0-9]{1,2})?) ..*",
          "reminderType": "BROADBAND",
          "title": "Airtel",
          "messageType": "BILL_REMINDER",
          "attributes": [
            {
              "name": "Date",
              "groups": [
                1,
                3,
                5
              ],
              "dataType": "DATE"
            },
            {
              "name": "LineNumber",
              "groups": [
                6
              ],
              "dataType": "TEXT"
            },
            {
              "name": "AmountPayable",
              "groups": [
                8
              ],
              "dataType": "NUMBER"
            }
          ],
          "notificationAttributes": [
            {
              "name": "subText",
              "prefix": "",
              "attributeIndex": -1,
              "value": "Airtel"
            },
            {
              "name": "contentTitle",
              "prefix": "Amount due \u20B9",
              "attributeIndex": 2,
              "value": "Bill due"
            },
            {
              "name": "contentText",
              "prefix": "for fixedline ",
              "attributeIndex": 1,
              "value": ""
            }
          ]
        },
        {
          "messageFormat": "Recharge done on\\s(\\d{1,2})(-|/)(\\d{1,2}|[a-z]{3,9})(-|/)(\\d{1,4}).*?(MRP:(Rs|INR)[\\.]?\\s*(([0-9]+(,[0-9]+)?)?(\\.[0-9]{1,2})?)).*?(Bal:(Rs|INR)[\\.]?\\s*(([0-9]+(,[0-9]+)?)?(\\.[0-9]{1,2})?)).*",
          "reminderType": "PREPAID",
          "title": "Airtel",
          "messageType": "RECHARGE",
          "attributes": [
            {
              "name": "Date",
              "groups": [
                1,
                3,
                5
              ],
              "dataType": "DATE"
            },
            {
              "name": "Amount",
              "groups": [
                8
              ],
              "dataType": "NUMBER"
            },
            {
              "name": "Balance",
              "groups": [
                14
              ],
              "dataType": "NUMBER"
            }
          ],
          "notificationAttributes": [
            {
              "name": "subText",
              "prefix": "",
              "attributeIndex": -1,
              "value": "Airtel Prepaid"
            },
            {
              "name": "contentTitle",
              "prefix": "Recharge done \u20B9",
              "attributeIndex": 1,
              "value": "Bill due"
            },
            {
              "name": "contentText",
              "prefix": "Balance \u20B9",
              "attributeIndex": 2,
              "value": ""
            }
          ]
        },
        {
          "messageFormat": "((Rs|INR)[\\.]?\\s*(([0-9]+(,[0-9]+)?)?(\\.[0-9]{1,2})?).*?on\\s+(.*?));.*",
          "reminderType": "PREPAID",
          "title": "Airtel",
          "messageType": "RECHARGE",
          "attributes": [
            {
              "name": "Amount",
              "groups": [
                3
              ],
              "dataType": "NUMBER"
            },
            {
              "name": "MobileNumber",
              "groups": [
                7
              ],
              "dataType": "TEXT"
            }
          ],
          "notificationAttributes": [
            {
              "name": "subText",
              "prefix": "",
              "attributeIndex": -1,
              "value": "Airtel Prepaid"
            },
            {
              "name": "contentTitle",
              "prefix": "Recharge done \u20B9",
              "attributeIndex": 0,
              "value": "Bill due"
            },
            {
              "name": "contentText",
              "prefix": "for ",
              "attributeIndex": 1,
              "value": ""
            }
          ]
        },
        {
          "messageFormat": "Airtel alert: An amount of (Rs|INR)[\\.]?\\s*(([0-9]+(,[0-9]+)?)?(\\.[0-9]{1,2})?).*? is overdue for payment towards your Airtel Mobile (.*?). Please make the payment immediately.*",
          "reminderType": "POSTPAID",
          "title": "Airtel",
          "messageType": "BILL_REMINDER",
          "attributes": [
            {
              "name": "AmountPayable",
              "groups": [
                2
              ],
              "dataType": "NUMBER"
            },
            {
              "name": "MobileNumber",
              "groups": [
                6
              ],
              "dataType": "TEXT"
            }
          ],
          "notificationAttributes": [
            {
              "name": "subText",
              "prefix": "",
              "attributeIndex": -1,
              "value": "Airtel Postpaid"
            },
            {
              "name": "contentTitle",
              "prefix": "Amount overdue \u20B9",
              "attributeIndex": 0,
              "value": "Bill due"
            },
            {
              "name": "contentText",
              "prefix": "for ",
              "attributeIndex": 1,
              "value": ""
            }
          ]
        },
        {
          "messageFormat": "Dear Customer (Services on your Airtel Broadband Fixed Line No (.*?)) has been stopped due to non-payment of dues. (Please pay (Rs|INR)[\\.]?\\s*(([0-9]+(,[0-9]+)?)?(\\.[0-9]{1,2})?) immediately) to enjoy continued services.",
          "reminderType": "BROADBAND",
          "title": "Airtel",
          "messageType": "BILL_REMINDER",
          "attributes": [
            {
              "name": "LineNumber",
              "groups": [
                2
              ],
              "dataType": "TEXT"
            },
            {
              "name": "AmountPayable",
              "groups": [
                5
              ],
              "dataType": "NUMBER"
            }
          ],
          "notificationAttributes": [
            {
              "name": "subText",
              "prefix": "",
              "attributeIndex": -1,
              "value": "Airtel broadband"
            },
            {
              "name": "contentTitle",
              "prefix": "Amount overdue \u20B9",
              "attributeIndex": 1,
              "value": "Bill due"
            },
            {
              "name": "contentText",
              "prefix": "for fixedline ",
              "attributeIndex": 0,
              "value": ""
            }
          ]
        },
        {
          "messageFormat": "Dear Customer, (an overdue of (Rs|INR)[\\.]?\\s*(([0-9]+(,[0-9]+)?)?(\\.[0-9]{1,2})?) is pending) for payment on your (Airtel Mobile No (.*?))\\..*",
          "reminderType": "POSTPAID",
          "title": "Airtel",
          "messageType": "BILL_REMINDER",
          "attributes": [
            {
              "name": "AmountPayable",
              "groups": [
                3
              ],
              "dataType": "NUMBER"
            },
            {
              "name": "MobileNumber",
              "groups": [
                8
              ],
              "dataType": "TEXT"
            }
          ],
          "notificationAttributes": [
            {
              "name": "subText",
              "prefix": "",
              "attributeIndex": -1,
              "value": "Airtel Postpaid"
            },
            {
              "name": "contentTitle",
              "prefix": "Amount overdue \u20B9",
              "attributeIndex": 0,
              "value": "Bill due"
            },
            {
              "name": "contentText",
              "prefix": "for ",
              "attributeIndex": 1,
              "value": ""
            }
          ]
        },
        {
          "messageFormat": "Bill payment.*?(Rs|INR)[\\.]?\\s*(([0-9]+(,[0-9]+)?)?(\\.[0-9]{1,2})?) that was due.*?(\\d{1,4})(-|/)(\\d{1,2}|[a-z]{3,9})(-|/)(\\d{1,2}) .*? is pending for (Airtel No. (.*?))\\..*",
          "reminderType": "POSTPAID",
          "title": "Airtel",
          "messageType": "BILL_REMINDER",
          "attributes": [
            {
              "name": "AmountPayable",
              "groups": [
                2
              ],
              "dataType": "NUMBER"
            },
            {
              "name": "DueDate",
              "groups": [
                6,
                8,
                10
              ],
              "dataType": "DATE"
            },
            {
              "name": "MobileNumber",
              "groups": [
                12
              ],
              "dataType": "TEXT"
            }
          ],
          "notificationAttributes": [
            {
              "name": "subText",
              "prefix": "",
              "attributeIndex": -1,
              "value": "Airtel Postpaid"
            },
            {
              "name": "contentTitle",
              "prefix": "Amount due \u20B9",
              "attributeIndex": 0,
              "value": "Bill due"
            },
            {
              "name": "contentText",
              "prefix": "on ",
              "attributeIndex": 1,
              "value": ""
            }
          ]
        }
      ]
    }
  ],
  "iconLink": "http://assets.tcpay.in/images/tmp/sms-categorizer-avatars/airtel_sms.png"
}