{
  "type": "Bank",
  "senders": [
    {
      "tags": [
        "axisbk",
        "axismb"
      ],
      "formats": [
        {
          "messageFormat": "Hello! Your (account\\snumber|account\\sno|a/c\\snumber|a/c\\sno|account|acct|a/c\\sno.|a/c)(\\.|\\s)+(\\d{0,10}).*?credited with (Rs|INR)[\\.]?\\s*(([0-9]+(,[0-9]+)*)?(\\.[0-9]{1,2})?) on.*?(\\d{1,4})(-|/)(\\d{1,2}|[a-z]{3,9})(-|/)(\\d{1,2}). The (account|a/c)\\sBalance.*?(Rs|INR)[\\.]?\\s*(([0-9]+(,[0-9]+)*)?(\\.[0-9]{1,2})?). Info:.*? Int.Pd .*",
          "reminderType": "ACCOUNT",
          "title": "Axis Bank",
          "messageType": "CREDIT",
          "attributes": [
            {
              "name": "ACCOUNT_CREDITED",
              "groups": [
                3
              ],
              "dataType": "TEXT"
            },
            {
              "name": "AMOUNT_CREDITED",
              "groups": [
                5
              ],
              "dataType": "NUMBER"
            },
            {
              "name": "DATE",
              "groups": [
                13,
                11,
                9
              ],
              "dataType": "DATE"
            },
            {
              "name": "ACCOUNT_BALANCE",
              "groups": [
                16
              ],
              "dataType": "NUMBER"
            }
          ],
          "notificationAttributes": [
            {
              "name": "subText",
              "prefix": "Axis account ",
              "attributeIndex": 0,
              "value": "Axis"
            },
            {
              "name": "contentTitle",
              "prefix": "A/c credited \u20B9",
              "attributeIndex": 1,
              "value": "Credit"
            },
            {
              "name": "contentText",
              "prefix": "Available balance \u20B9 ",
              "attributeIndex": 3,
              "value": ""
            }
          ]
        },
        {
          "messageFormat": "Dear.*?, your Axis Bank (prepaid\\scard.*?\\s*([x|*]+\\s+(\\d*)).*?credited) with (Rs|INR)[\\.]?\\s*(([0-9]+(,[0-9]+)*)?(\\.[0-9]{1,2})?). Charges applicable: (Rs|INR)[\\.]?\\s*(([0-9]+(,[0-9]+)*)?(\\.[0-9]{1,2})?). (available|available\\sbalance|Avbl\\sBal).*?(Rs|INR)[\\.]?\\s*(([0-9]+(,[0-9]+)*)?(\\.[0-9]{1,2})?)",
          "reminderType": "DEBIT_CARD",
          "title": "Axis Bank",
          "messageType": "PAYMENT",
          "attributes": [
            {
              "name": "DC_NO",
              "groups": [
                3
              ],
              "dataType": "TEXT"
            },
            {
              "name": "AMOUNT_CREDITED",
              "groups": [
                5
              ],
              "dataType": "NUMBER"
            },
            {
              "name": "AVAILABLE_BALANCE",
              "groups": [
                16
              ],
              "dataType": "NUMBER"
            }
          ],
          "notificationAttributes": [
            {
              "name": "subText",
              "prefix": "Axis debit ",
              "attributeIndex": 0,
              "value": "Axis"
            },
            {
              "name": "contentTitle",
              "prefix": "Credited \u20B9",
              "attributeIndex": 1,
              "value": "Credit"
            },
            {
              "name": "contentText",
              "prefix": "Available balance \u20B9",
              "attributeIndex": 2,
              "value": ""
            }
          ]
        },
        {
          "messageFormat": "Dear Customer, payment.*?(Rs|INR)[\\.]?\\s*(([0-9]+(,[0-9]+)*)?(\\.[0-9]{1,2})?) for creditcard.*?([x|*]+(\\d*)) on.*?(\\d{1,2})(-|/)(\\d{1,2}|[a-z]{3,9})(-|/)(\\d{1,4})",
          "reminderType": "CREDIT_CARD",
          "title": "Axis Bank",
          "messageType": "PAYMENT",
          "attributes": [
            {
              "name": "AMOUNT_CREDITED",
              "groups": [
                2
              ],
              "dataType": "NUMBER"
            },
            {
              "name": "CC_No",
              "groups": [
                7
              ],
              "dataType": "TEXT"
            },
            {
              "name": "DATE",
              "groups": [
                8,
                10,
                12
              ],
              "dataType": "DATE"
            }
          ],
          "notificationAttributes": [
            {
              "name": "subText",
              "prefix": "Axis credit ",
              "attributeIndex": 1,
              "value": "Axis"
            },
            {
              "name": "contentTitle",
              "prefix": "Payment received \u20B9",
              "attributeIndex": 0,
              "value": "Payment done"
            },
            {
              "name": "contentText",
              "prefix": "on ",
              "attributeIndex": 2,
              "value": ""
            }
          ]
        },
        {
          "messageFormat": "Hello! Your ((account\\snumber|account\\sno|a/c\\snumber|a/c\\sno|account|acct|a/c\\sno.|a/c)(\\.|\\s)+(\\d{0,10}).*?debited) by (Rs|INR)[\\.]?\\s*(([0-9]+(,[0-9]+)*)?(\\.[0-9]{1,2})?) on\\s(\\d{1,4})(-|/)(\\d{1,2}|[a-z]{3,9})(-|/)(\\d{1,2}). The (account|a/c)\\sBalance.*?(Rs|INR)[\\.]?\\s*(([0-9]+(,[0-9]+)*)?(\\.[0-9]{1,2})?).Info: .*?/.*?/(.*)",
          "reminderType": "ACCOUNT",
          "title": "Axis Bank",
          "messageType": "DEBIT",
          "attributes": [
            {
              "name": "ACCOUNT_DEBITED",
              "groups": [
                4
              ],
              "dataType": "TEXT"
            },
            {
              "name": "AMOUNT_DEBITED",
              "groups": [
                6
              ],
              "dataType": "NUMBER"
            },
            {
              "name": "DATE",
              "groups": [
                14,
                12,
                10
              ],
              "dataType": "DATE"
            },
            {
              "name": "ACCOUNT_BALANCE",
              "groups": [
                17
              ],
              "dataType": "NUMBER"
            },
            {
              "name": "SOURCE",
              "groups": [
                21
              ],
              "dataType": "TEXT"
            }
          ],
          "notificationAttributes": [
            {
              "name": "subText",
              "prefix": "Axis account ",
              "attributeIndex": 0,
              "value": "Axis"
            },
            {
              "name": "contentTitle",
              "prefix": "A/c debited \u20B9",
              "attributeIndex": 1,
              "value": "Debit"
            },
            {
              "name": "contentText",
              "prefix": "\uD83D\uDCB5 to ",
              "attributeIndex": 4,
              "value": ""
            },
            {
              "name": "additionalText",
              "prefix": "Available balance \u20B9",
              "attributeIndex": 3,
              "value": ""
            }
          ]
        },
        {
          "messageFormat": "Hello! Your ((account\\snumber|account\\sno|a/c\\snumber|a/c\\sno|account|acct|a/c\\sno.|a/c)(\\.|\\s)+(\\d{0,10}).*?debited) by (Rs|INR)[\\.]?\\s*(([0-9]+(,[0-9]+)*)?(\\.[0-9]{1,2})?) on\\s(\\d{1,2})(\\d{1,2}|[a-z]{3,9})(\\d{1,4}). The (account|a/c\\sBalance).*?(Rs|INR)[\\.]?\\s*(([0-9]+(,[0-9]+)*)?(\\.[0-9]{1,2})?). Info:.*",
          "reminderType": "ACCOUNT",
          "title": "Axis Bank",
          "messageType": "DEBIT",
          "attributes": [
            {
              "name": "ACCOUNT_DEBITED",
              "groups": [
                4
              ],
              "dataType": "TEXT"
            },
            {
              "name": "AMOUNT_DEBITED",
              "groups": [
                6
              ],
              "dataType": "NUMBER"
            },
            {
              "name": "DATE",
              "groups": [
                10,
                11,
                12
              ],
              "dataType": "DATE"
            },
            {
              "name": "ACCOUNT_BALANCE",
              "groups": [
                15
              ],
              "dataType": "NUMBER"
            }
          ],
          "notificationAttributes": [
            {
              "name": "subText",
              "prefix": "Axis account ",
              "attributeIndex": 0,
              "value": "Axis"
            },
            {
              "name": "contentTitle",
              "prefix": "A/c debited \u20B9",
              "attributeIndex": 1,
              "value": "Debit"
            },
            {
              "name": "contentText",
              "prefix": "Available balance \u20B9",
              "attributeIndex": 3,
              "value": ""
            }
          ]
        },
        {
          "messageFormat": "Your (a/c)(\\.|\\s)+(\\d{0,10}).*?debited (Rs|INR)[\\.]?\\s*(([0-9]+(,[0-9]+)*)?(\\.[0-9]{1,2})?) on\\s(\\d{1,2})(-|/)(\\d{1,2}|[a-z]{3,9})(-|/)(\\d{1,4}).*(a/c\\sBal).*?(Rs|INR)[\\.]?\\s*(([0-9]+(,[0-9]+)*)?(\\.[0-9]{1,2})?) Info:.*/(.*)/",
          "reminderType": "ACCOUNT",
          "title": "Axis Bank",
          "messageType": "DEBIT",
          "attributes": [
            {
              "name": "ACCOUNT_DEBITED",
              "groups": [
                3
              ],
              "dataType": "TEXT"
            },
            {
              "name": "AMOUNT_DEBITED",
              "groups": [
                5
              ],
              "dataType": "NUMBER"
            },
            {
              "name": "DATE",
              "groups": [
                9,
                11,
                13
              ],
              "dataType": "DATE"
            },
            {
              "name": "ACCOUNT_BALANCE",
              "groups": [
                16
              ],
              "dataType": "NUMBER"
            },
            {
              "name": "SOURCE",
              "groups": [
                20
              ],
              "dataType": "TEXT"
            }
          ],
          "notificationAttributes": [
            {
              "name": "subText",
              "prefix": "Axis account ",
              "attributeIndex": 0,
              "value": "Axis"
            },
            {
              "name": "contentTitle",
              "prefix": "A/c debited \u20B9",
              "attributeIndex": 1,
              "value": "Debit"
            },
            {
              "name": "contentText",
              "prefix": "\uD83D\uDCB5 to ",
              "attributeIndex": 4,
              "value": ""
            },
            {
              "name": "additionalText",
              "prefix": "Available balance \u20B9",
              "attributeIndex": 3,
              "value": ""
            }
          ]
        },
        {
          "messageFormat": "Your ((account\\snumber|account\\sno|a/c\\snumber|a/c\\sno.|account|a/c)\\s[x]*(\\d*).*?debited) for (Rs|INR)[\\.]?\\s*(([0-9]+(,[0-9]+)*)?(\\.[0-9]{1,2})?) on\\s(\\d{1,2})(-|/)(\\d{1,2}|[a-z]{3,9})(-|/)(\\d{1,4}) and (a/c\\sof\\s(.*).*has.*?credited).*",
          "reminderType": "ACCOUNT",
          "title": "Axis Bank",
          "messageType": "DEBIT",
          "attributes": [
            {
              "name": "ACCOUNT_DEBITED",
              "groups": [
                3
              ],
              "dataType": "TEXT"
            },
            {
              "name": "AMOUNT_DEBITED",
              "groups": [
                5
              ],
              "dataType": "NUMBER"
            },
            {
              "name": "DATE",
              "groups": [
                9,
                11,
                13
              ],
              "dataType": "DATE"
            },
            {
              "name": "ACCOUNT_CREDITED",
              "groups": [
                15
              ],
              "dataType": "TEXT"
            }
          ],
          "notificationAttributes": [
            {
              "name": "subText",
              "prefix": "Axis account ",
              "attributeIndex": 0,
              "value": "Axis"
            },
            {
              "name": "contentTitle",
              "prefix": "A/c debited \u20B9",
              "attributeIndex": 1,
              "value": "Debit"
            },
            {
              "name": "contentText",
              "prefix": "\uD83D\uDCB5 to ",
              "attributeIndex": 3,
              "value": ""
            }
          ]
        },
        {
          "messageFormat": "Hello! Your ((account\\snumber|account\\sno|a/c\\snumber|a/c\\sno|account|acct|a/c\\sno.|a/c)(\\.|\\s)+(\\d{0,10}).*?debited) by (Rs|INR)[\\.]?\\s*(([0-9]+(,[0-9]+)*)?(\\.[0-9]{1,2})?) on\\s(\\d{1,2})(\\d{1,2}|[a-z]{3,9})(\\d{1,4}). The (account|a/c\\sBalance).*?(Rs|INR)[\\.]?\\s*(([0-9]+(,[0-9]+)*)?(\\.[0-9]{1,2})?).?Info:.*/.*/.*/(.*?)\\.",
          "reminderType": "ACCOUNT",
          "title": "Axis Bank",
          "messageType": "DEBIT",
          "attributes": [
            {
              "name": "ACCOUNT_DEBITED",
              "groups": [
                4
              ],
              "dataType": "TEXT"
            },
            {
              "name": "AMOUNT_DEBITED",
              "groups": [
                6
              ],
              "dataType": "NUMBER"
            },
            {
              "name": "DATE",
              "groups": [
                10,
                11,
                12
              ],
              "dataType": "DATE"
            },
            {
              "name": "ACCOUNT_BALANCE",
              "groups": [
                15
              ],
              "dataType": "NUMBER"
            },
            {
              "name": "SOURCE",
              "groups": [
                19
              ],
              "dataType": "TEXT"
            }
          ],
          "notificationAttributes": [
            {
              "name": "subText",
              "prefix": "Axis account ",
              "attributeIndex": 0,
              "value": "Axis"
            },
            {
              "name": "contentTitle",
              "prefix": "A/c debited \u20B9",
              "attributeIndex": 1,
              "value": "Debit"
            },
            {
              "name": "contentText",
              "prefix": "\uD83D\uDCB5 to ",
              "attributeIndex": 4,
              "value": ""
            },
            {
              "name": "additionalText",
              "prefix": "Available balance \u20B9",
              "attributeIndex": 3,
              "value": ""
            }
          ]
        },
        {
          "messageFormat": "Hello! Your ((account\\snumber|account\\sno|a/c\\snumber|a/c\\sno|account|acct|a/c\\sno.|a/c)(\\.|\\s)+(\\d{0,10}).*?credited).*?(Rs|INR)[\\.]?\\s*(([0-9]+(,[0-9]+)*)?(\\.[0-9]{1,2})?) on\\s(\\d{1,2})(\\d{1,2}|[a-z]{3,9})(\\d{1,4}). The (account|a/c\\sBalance).*?(Rs|INR)[\\.]?\\s*(([0-9]+(,[0-9]+)*)?(\\.[0-9]{1,2})?). Info:.*/.*/.*/(?!(by cash)|.*/)(.*?(?=\\.)|.*\\b)",
          "reminderType": "ACCOUNT",
          "title": "Axis Bank",
          "messageType": "CREDIT",
          "attributes": [
            {
              "name": "ACCOUNT_CREDITED",
              "groups": [
                4
              ],
              "dataType": "TEXT"
            },
            {
              "name": "AMOUNT_CREDITED",
              "groups": [
                6
              ],
              "dataType": "NUMBER"
            },
            {
              "name": "DATE",
              "groups": [
                10,
                11,
                12
              ],
              "dataType": "DATE"
            },
            {
              "name": "ACCOUNT_BALANCE",
              "groups": [
                15
              ],
              "dataType": "NUMBER"
            },
            {
              "name": "SOURCE",
              "groups": [
                20
              ],
              "dataType": "TEXT"
            }
          ],
          "notificationAttributes": [
            {
              "name": "subText",
              "prefix": "Axis account ",
              "attributeIndex": 0,
              "value": "Axis"
            },
            {
              "name": "contentTitle",
              "prefix": "A/c credited \u20B9",
              "attributeIndex": 1,
              "value": "Credit"
            },
            {
              "name": "contentText",
              "prefix": "\uD83D\uDCB0 from ",
              "attributeIndex": 4,
              "value": ""
            },
            {
              "name": "additionalText",
              "prefix": "Available balance \u20B9",
              "attributeIndex": 3,
              "value": ""
            }
          ]
        },
        {
          "messageFormat": "Hello! Your ((account\\snumber|account\\sno|a/c\\snumber|a/c\\sno|account|acct|a/c\\sno.|a/c)(\\.|\\s)+(\\d{0,10}).*?credited).*?(Rs|INR)[\\.]?\\s*(([0-9]+(,[0-9]+)*)?(\\.[0-9]{1,2})?) on\\s(\\d{1,4})(-|/)?(\\d{1,2}|[a-z]{3,9})(-|/)?(\\d{1,2})\\. The (account|a/c)\\sBalance.*?(Rs|INR)[\\.]?\\s*(([0-9]+(,[0-9]+)*)?(\\.[0-9]{1,2})?). Info:.*",
          "reminderType": "ACCOUNT",
          "title": "Axis Bank",
          "messageType": "CREDIT",
          "attributes": [
            {
              "name": "ACCOUNT_CREDITED",
              "groups": [
                4
              ],
              "dataType": "TEXT"
            },
            {
              "name": "AMOUNT_CREDITED",
              "groups": [
                6
              ],
              "dataType": "NUMBER"
            },
            {
              "name": "DATE",
              "groups": [
                10,
                12,
                14
              ],
              "dataType": "DATE"
            },
            {
              "name": "ACCOUNT_BALANCE",
              "groups": [
                17
              ],
              "dataType": "NUMBER"
            }
          ],
          "notificationAttributes": [
            {
              "name": "subText",
              "prefix": "Axis account ",
              "attributeIndex": 0,
              "value": "Axis"
            },
            {
              "name": "contentTitle",
              "prefix": "A/c credited \u20B9",
              "attributeIndex": 1,
              "value": "Credit"
            },
            {
              "name": "contentText",
              "prefix": "Available balance \u20B9",
              "attributeIndex": 3,
              "value": ""
            }
          ]
        },
        {
          "messageFormat": "((Rs|INR)[\\.]?\\s*(([0-9]+(,[0-9]+)*)?(\\.[0-9]{1,2})?).*?credited) to ((account\\snumber|account\\sno|a/c\\snumber|a/c\\sno.|account|a/c)\\s[x]*(\\d*).*CITI) linked to .*? on\\s(\\d{1,4})(-|/)(\\d{1,2}|[a-z]{3,9})(-|/)(\\d{1,2}). Info: .*/.*/.*/(.*)",
          "reminderType": "ACCOUNT",
          "title": "Axis Bank",
          "messageType": "CREDIT",
          "attributes": [
            {
              "name": "AMOUNT_CREDITED",
              "groups": [
                3
              ],
              "dataType": "NUMBER"
            },
            {
              "name": "ACCOUNT_CREDITED",
              "groups": [
                9
              ],
              "dataType": "TEXT"
            },
            {
              "name": "DATE",
              "groups": [
                10,
                12,
                14
              ],
              "dataType": "DATE"
            },
            {
              "name": "SOURCE",
              "groups": [
                15
              ],
              "dataType": "TEXT"
            }
          ],
          "notificationAttributes": [
            {
              "name": "subText",
              "prefix": "Axis account ",
              "attributeIndex": 1,
              "value": "Axis"
            },
            {
              "name": "contentTitle",
              "prefix": "A/c credited \u20B9",
              "attributeIndex": 0,
              "value": "Credit"
            },
            {
              "name": "contentText",
              "prefix": "\uD83D\uDCB0 from ",
              "attributeIndex": 3,
              "value": ""
            }
          ]
        }
      ]
    }
  ],
  "iconLink": "http://assets.tcpay.in/images/tmp/sms-categorizer-avatars/utib_sms.png"
}