{
  "type": "Bank",
  "senders": [
    {
      "tags": [
        "boiind",
        "boitxn",
        "boiadc",
        "boiatm"
      ],
      "formats": [
        {
          "messageFormat": ".*?(Rs|INR)[\\.]?\\s*(([0-9]+(,[0-9]+)*)?(\\.[0-9]{1,2})?).*?Debited to Your Account ([\\d*x]*([x*\\d]{4})) from (ATM) on (\\d{1,2})(-|/)(\\d{1,2}|[a-z]{3,9})(-|/)(\\d{1,4}).Available balance (Rs|INR)?[\\.]?\\s*(([0-9]+(,[0-9]+)*)?(\\.[0-9]{1,2})?)\\.",
          "reminderType": "ATM",
          "title": "Bank of India",
          "messageType": "WITHDRAWAL",
          "attributes": [
            {
              "name": "AmountDebited",
              "groups": [
                2
              ],
              "dataType": "NUMBER"
            },
            {
              "name": "AccountDebited",
              "groups": [
                7
              ],
              "dataType": "TEXT"
            },
            {
              "name": "Source",
              "groups": [
                8
              ],
              "dataType": "TEXT"
            },
            {
              "name": "Date",
              "groups": [
                9,
                11,
                13
              ],
              "dataType": "DATE"
            },
            {
              "name": "AvailableBalance",
              "groups": [
                15
              ],
              "dataType": "NUMBER"
            }
          ],
          "notificationAttributes": [
            {
              "name": "subText",
              "prefix": "Bank of India account ",
              "attributeIndex": 1,
              "value": "Bank of India"
            },
            {
              "name": "contentTitle",
              "prefix": "ATM Withdrawal \u20B9",
              "attributeIndex": 0,
              "value": "Debit"
            },
            {
              "name": "contentText",
              "prefix": "Available balance \u20B9",
              "attributeIndex": 4,
              "value": ""
            }
          ]
        },
        {
          "messageFormat": ".*?(Rs|INR)[\\.]?\\s*(([0-9]+(,[0-9]+)*)?(\\.[0-9]{1,2})?).*?Debited to Your Account ([\\d*x]*([x*\\d]{4})) from POS-?(.*?) on (\\d{1,2})(-|/)(\\d{1,2}|[a-z]{3,9})(-|/)(\\d{1,4}).Available balance (Rs|INR)?[\\.]?\\s*(([0-9]+(,[0-9]+)*)?(\\.[0-9]{1,2})?)\\.",
          "reminderType": "ACCOUNT",
          "title": "Bank of India",
          "messageType": "DEBIT",
          "attributes": [
            {
              "name": "AmountDebited",
              "groups": [
                2
              ],
              "dataType": "NUMBER"
            },
            {
              "name": "AccountDebited",
              "groups": [
                7
              ],
              "dataType": "TEXT"
            },
            {
              "name": "Source",
              "groups": [
                8
              ],
              "dataType": "TEXT"
            },
            {
              "name": "Date",
              "groups": [
                9,
                11,
                13
              ],
              "dataType": "DATE"
            },
            {
              "name": "AvailableBalance",
              "groups": [
                15
              ],
              "dataType": "NUMBER"
            }
          ],
          "notificationAttributes": [
            {
              "name": "subText",
              "prefix": "Bank of India account ",
              "attributeIndex": 1,
              "value": "Bank of India"
            },
            {
              "name": "contentTitle",
              "prefix": "A/c debited \u20B9",
              "attributeIndex": 0,
              "value": "Debit"
            },
            {
              "name": "contentText",
              "prefix": "\uD83D\uDECD ",
              "attributeIndex": 2,
              "value": ""
            },
            {
              "name": "additionalText",
              "prefix": "Available balance \u20B9",
              "attributeIndex": 4,
              "value": ""
            }
          ]
        },
        {
          "messageFormat": "A transaction of (Rs|INR)[\\.]?\\s*(([0-9]+(,[0-9]+)*)?(\\.[0-9]{1,2})?) has been done using your BOI Credit Card ([\\d*x]*([x*\\d]{4})) at (.*?) at",
          "reminderType": "CREDIT_CARD",
          "title": "Bank of India",
          "messageType": "PAYMENT",
          "attributes": [
            {
              "name": "AmountDebited",
              "groups": [
                2
              ],
              "dataType": "NUMBER"
            },
            {
              "name": "CreditCard",
              "groups": [
                7
              ],
              "dataType": "TEXT"
            },
            {
              "name": "Source",
              "groups": [
                8
              ],
              "dataType": "TEXT"
            }
          ],
          "notificationAttributes": [
            {
              "name": "subText",
              "prefix": "Bank of India credit ",
              "attributeIndex": 1,
              "value": "Bank of India"
            },
            {
              "name": "contentTitle",
              "prefix": "Spent \u20B9",
              "attributeIndex": 0,
              "value": "Spent"
            },
            {
              "name": "contentText",
              "prefix": "\uD83D\uDECD ",
              "attributeIndex": 2,
              "value": ""
            }
          ]
        },
        {
          "messageFormat": "Congrats on your first use of the BOI Credit Card ([\\d*x]*([x*\\d]{4})) for (Rs|INR)[\\.]?\\s*(([0-9]+(,[0-9]+)*)?(\\.[0-9]{1,2})?) at (.*?) at",
          "reminderType": "CREDIT_CARD",
          "title": "Bank of India",
          "messageType": "PAYMENT",
          "attributes": [
            {
              "name": "CreditCard",
              "groups": [
                2
              ],
              "dataType": "TEXT"
            },
            {
              "name": "AmountDebited",
              "groups": [
                4
              ],
              "dataType": "NUMBER"
            },
            {
              "name": "Source",
              "groups": [
                8
              ],
              "dataType": "TEXT"
            }
          ],
          "notificationAttributes": [
            {
              "name": "subText",
              "prefix": "Bank of India credit ",
              "attributeIndex": 0,
              "value": "Bank of India"
            },
            {
              "name": "contentTitle",
              "prefix": "Spent \u20B9",
              "attributeIndex": 1,
              "value": "Spent"
            },
            {
              "name": "contentText",
              "prefix": "\uD83D\uDECD ",
              "attributeIndex": 2,
              "value": ""
            }
          ]
        },
        {
          "messageFormat": "Dear Customer, txn on prepaid card ([\\d*x]*([x*\\d]{4})) for (Rs|INR)[\\.]?\\s*(([0-9]+(,[0-9]+)*)?(\\.[0-9]{1,2})?) on (\\d{1,2})(-|/)(\\d{1,2}|[a-z]{3,9})(-|/)(\\d{1,4}).*?at (.*?)is approved. Avl balance (Rs|INR)?[\\.]?\\s*(([0-9]+(,[0-9]+)*)?(\\.[0-9]{1,2})?)",
          "reminderType": "DEBIT_CARD",
          "title": "Bank of India",
          "messageType": "PAYMENT",
          "attributes": [
            {
              "name": "DebitCard",
              "groups": [
                2
              ],
              "dataType": "TEXT"
            },
            {
              "name": "AmountDebited",
              "groups": [
                4
              ],
              "dataType": "NUMBER"
            },
            {
              "name": "Date",
              "groups": [
                8,
                10,
                12
              ],
              "dataType": "DATE"
            },
            {
              "name": "Source",
              "groups": [
                13
              ],
              "dataType": "TEXT"
            },
            {
              "name": "AvailableBalance",
              "groups": [
                15
              ],
              "dataType": "NUMBER"
            }
          ],
          "notificationAttributes": [
            {
              "name": "subText",
              "prefix": "Bank of India debit ",
              "attributeIndex": 0,
              "value": "Bank of India"
            },
            {
              "name": "contentTitle",
              "prefix": "Spent \u20B9",
              "attributeIndex": 1,
              "value": "Spent"
            },
            {
              "name": "contentText",
              "prefix": "\uD83D\uDECD ",
              "attributeIndex": 3,
              "value": ""
            },
            {
              "name": "additionalText",
              "prefix": "Available balance \u20B9",
              "attributeIndex": 4,
              "value": ""
            }
          ]
        },
        {
          "messageFormat": "Payment.*?BOI Credit card for (Rs|INR)?[\\.]?\\s*(([0-9]+(,[0-9]+)*)?(\\.[0-9]{1,2})?).*?(\\d{1,2})(-|/)(\\d{1,2}|[a-z]{3,9})(-|/)(\\d{1,4}).*?(Min.*?(Rs|INR)?[\\.]?\\s*(([0-9]+(,[0-9]+)*)?(\\.[0-9]{1,2})?))\\.",
          "reminderType": "CREDIT_CARD",
          "title": "Bank of India",
          "messageType": "NEW_BILL",
          "attributes": [
            {
              "name": "AmountPayable",
              "groups": [
                2
              ],
              "dataType": "NUMBER"
            },
            {
              "name": "DueDate",
              "groups": [
                6,
                8,
                10
              ],
              "dataType": "DATE"
            },
            {
              "name": "MinimumAmountDue",
              "groups": [
                13
              ],
              "dataType": "NUMBER"
            }
          ],
          "notificationAttributes": [
            {
              "name": "subText",
              "prefix": "",
              "attributeIndex": -1,
              "value": "Bank of India"
            },
            {
              "name": "contentTitle",
              "prefix": "Bill due for \u20B9",
              "attributeIndex": 0,
              "value": "Bill due"
            },
            {
              "name": "contentText",
              "prefix": "Due on ",
              "attributeIndex": 1,
              "value": ""
            },
            {
              "name": "additionalText",
              "prefix": "Min due \u20B9",
              "attributeIndex": 2,
              "value": ""
            }
          ]
        },
        {
          "messageFormat": "Your (account\\snumber|account\\sno|a/c\\snumber|a/c\\sno.)\\s+([\\d*x]*([x*\\d]{4})).*?debited for (Rs|INR)[\\.]?\\s*(([0-9]+(,[0-9]+)*)?(\\.[0-9]{1,2})?) on (\\d{1,2})(-|/)(\\d{1,2}|[a-z]{3,9})(-|/)(\\d{1,4}).*?and credited to (account\\snumber|account\\sno|a/c\\snumber|a/c\\sno.)\\s+([\\d*x]*([x*\\d]{4}))",
          "reminderType": "UPI",
          "title": "Bank of India",
          "messageType": "DEBIT",
          "attributes": [
            {
              "name": "AccountDebited",
              "groups": [
                3
              ],
              "dataType": "TEXT"
            },
            {
              "name": "AmountDebited",
              "groups": [
                5
              ],
              "dataType": "NUMBER"
            },
            {
              "name": "Date",
              "groups": [
                9,
                11,
                13
              ],
              "dataType": "DATE"
            },
            {
              "name": "AccountCredited",
              "groups": [
                16
              ],
              "dataType": "TEXT"
            }
          ],
          "notificationAttributes": [
            {
              "name": "subText",
              "prefix": "Bank of India account ",
              "attributeIndex": 0,
              "value": "Bank of India"
            },
            {
              "name": "contentTitle",
              "prefix": "Paid \u20B9",
              "attributeIndex": 1,
              "value": "Debit"
            },
            {
              "name": "contentText",
              "prefix": "\uD83D\uDCB5 to a/c ",
              "attributeIndex": 3,
              "value": ""
            }
          ]
        },
        {
          "messageFormat": "Your (account\\snumber|account\\sno|a/c\\snumber|a/c\\sno.)\\s+([\\d*x]*([x*\\d]{4})).*?credited by (Rs|INR)[\\.]?\\s*(([0-9]+(,[0-9]+)*)?(\\.[0-9]{1,2})?) on (\\d{1,2})(-|/)(\\d{1,2}|[a-z]{3,9})(-|/)(\\d{1,4}) by a/c linked to (mobile (.*)).*?\\(",
          "reminderType": "ACCOUNT",
          "title": "Bank of India",
          "messageType": "CREDIT",
          "attributes": [
            {
              "name": "AccountCredited",
              "groups": [
                3
              ],
              "dataType": "TEXT"
            },
            {
              "name": "AmountCredited",
              "groups": [
                5
              ],
              "dataType": "NUMBER"
            },
            {
              "name": "Date",
              "groups": [
                9,
                11,
                13
              ],
              "dataType": "DATE"
            },
            {
              "name": "Mobile",
              "groups": [
                15
              ],
              "dataType": "TEXT"
            }
          ],
          "notificationAttributes": [
            {
              "name": "subText",
              "prefix": "Bank of India account ",
              "attributeIndex": 0,
              "value": "Bank of India"
            },
            {
              "name": "contentTitle",
              "prefix": "A/c credited \u20B9",
              "attributeIndex": 1,
              "value": "Credit"
            },
            {
              "name": "contentText",
              "prefix": "on ",
              "attributeIndex": 2,
              "value": ""
            }
          ]
        },
        {
          "messageFormat": "Your (account\\snumber|account\\sno|a/c\\snumber|a/c\\sno.)\\s+([\\d*x]*([x*\\d]{4})).*?debited for (Rs|INR)[\\.]?\\s*(([0-9]+(,[0-9]+)*)?(\\.[0-9]{1,2})?) on (\\d{1,2})(-|/)(\\d{1,2}|[a-z]{3,9})(-|/)(\\d{1,4}) and (account\\snumber|account\\sno|a/c\\snumber|a/c\\sno.|a/c)\\s+([\\d*x]*([x*\\d]{4})).*?credited",
          "reminderType": "UPI",
          "title": "Bank of India",
          "messageType": "DEBIT",
          "attributes": [
            {
              "name": "AccountDebited",
              "groups": [
                3
              ],
              "dataType": "TEXT"
            },
            {
              "name": "AmountDebited",
              "groups": [
                5
              ],
              "dataType": "NUMBER"
            },
            {
              "name": "Date",
              "groups": [
                9,
                11,
                13
              ],
              "dataType": "DATE"
            },
            {
              "name": "AccountCredited",
              "groups": [
                16
              ],
              "dataType": "TEXT"
            }
          ],
          "notificationAttributes": [
            {
              "name": "subText",
              "prefix": "Bank of India account ",
              "attributeIndex": 0,
              "value": "Bank of India"
            },
            {
              "name": "contentTitle",
              "prefix": "Paid \u20B9",
              "attributeIndex": 1,
              "value": "Debit"
            },
            {
              "name": "contentText",
              "prefix": "\uD83D\uDCB5 to a/c ",
              "attributeIndex": 3,
              "value": ""
            }
          ]
        }
      ]
    }
  ],
  "iconLink": "http://assets.tcpay.in/images/tmp/sms-categorizer-avatars/bkid_sms.png"
}