{
  "type": "Bank",
  "senders": [
    {
      "tags": [
        "hdfcbk",
        "hdfcbank"
      ],
      "formats": [
        {
          "messageFormat": "Stmt for HDFCBank (creditcard|credit\\scard)\\s(ending)?\\s*[x]*(\\d*)(( is generated)|( will be sent)).*?min\\sdue\\s(Rs|INR)[\\.]?\\s*(([0-9]+(,[0-9]+)*)?(\\.[0-9]{1,2})?)[\\s\\.]*?total\\sdue\\s(Rs|INR)[\\.]?\\s*(([0-9]+(,[0-9]+)*)?(\\.[0-9]{1,2})?)[\\s\\.]*?((payment|pymt)\\sdue\\s(on|by)\\s(\\d{1,2})(-|/)(\\d{1,2}|[a-z]{3,9})(-|/)(\\d{1,4}))",
          "reminderType": "CREDIT_CARD",
          "title": "HDFC Bank",
          "messageType": "NEW_BILL",
          "attributes": [
            {
              "name": "BillAmount",
              "groups": [
                13
              ],
              "dataType": "NUMBER"
            },
            {
              "name": "MinDueAmount",
              "groups": [
                8
              ],
              "dataType": "NUMBER"
            },
            {
              "name": "DueDate",
              "groups": [
                20,
                22,
                24
              ],
              "dataType": "DATE"
            },
            {
              "name": "CC_No",
              "groups": [
                3
              ],
              "dataType": "TEXT"
            }
          ],
          "notificationAttributes": [
            {
              "name": "subText",
              "prefix": "HDFC credit ",
              "attributeIndex": 3,
              "value": "HDFC"
            },
            {
              "name": "contentTitle",
              "prefix": "Bill due for \u20B9",
              "attributeIndex": 0,
              "value": "Bill due"
            },
            {
              "name": "contentText",
              "prefix": "Due on ",
              "attributeIndex": 2,
              "value": ""
            },
            {
              "name": "additionalText",
              "prefix": "Min due \u20B9",
              "attributeIndex": 1,
              "value": ""
            }
          ],
          "cardAttributes": [
            {
              "name": "title1",
              "prefix": "Due \u20B9",
              "attributeIndex": 0,
              "value": "Bill due"
            },
            {
              "name": "title2",
              "prefix": "Min \u20B9",
              "attributeIndex": 1,
              "value": ""
            },
            {
              "name": "subtitle1",
              "prefix": "HDFC credit ",
              "attributeIndex": 3,
              "value": ""
            },
            {
              "name": "action1",
              "prefix": "",
              "attributeIndex": -1,
              "value": "Pay now"
            },
            {
              "name": "action2",
              "prefix": "",
              "attributeIndex": -1,
              "value": "Paid"
            }
          ]
        },
        {
          "messageFormat": "(Rs|INR)[\\.]?\\s*(([0-9]+(,[0-9]+)*)?(\\.[0-9]{1,2})?)\\s.*?debited from.*?((a/c)[\\s](no:)|(a/c))\\s[x]+([x*\\d]{4}).*?for BillPay/Credit Card payment.*?HDFC Bank NetBanking",
          "reminderType": "ACCOUNT",
          "title": "HDFC Bank",
          "messageType": "DEBIT",
          "attributes": [
            {
              "name": "BillAmount",
              "groups": [
                2
              ],
              "dataType": "NUMBER"
            },
            {
              "name": "Account_Number",
              "groups": [
                8
              ],
              "dataType": "TEXT"
            }
          ],
          "notificationAttributes": [
            {
              "name": "subText",
              "prefix": "HDFC account ",
              "attributeIndex": 1,
              "value": "HDFC"
            },
            {
              "name": "contentTitle",
              "prefix": "A/c debited \u20B9",
              "attributeIndex": 0,
              "value": "Debit"
            },
            {
              "name": "contentText",
              "prefix": "",
              "attributeIndex": -1,
              "value": "\uD83C\uDFE6 Net Banking"
            }
          ]
        },
        {
          "messageFormat": "(Rs|INR)[\\.]?\\s*(([0-9]+(,[0-9]+)*)?(\\.[0-9]{1,2})?).*?\\sdebited from (account\\snumber|account\\sno|a/c\\snumber|a/c\\sno|account|a/c)\\s[*]+(\\d*) on\\s(\\d{1,2})(-|/)(\\d{1,2}|[a-z]{3,9})(-|/)(\\d{1,4}) to vpa\\s(.*?@.*?\\w*)",
          "reminderType": "UPI",
          "title": "HDFC Bank",
          "messageType": "DEBIT",
          "attributes": [
            {
              "name": "Amount Debited",
              "groups": [
                2
              ],
              "dataType": "NUMBER"
            },
            {
              "name": "Account_Number",
              "groups": [
                7
              ],
              "dataType": "TEXT"
            },
            {
              "name": "Date",
              "groups": [
                8,
                10,
                12
              ],
              "dataType": "DATE"
            },
            {
              "name": "VPA",
              "groups": [
                13
              ],
              "dataType": "TEXT"
            }
          ],
          "notificationAttributes": [
            {
              "name": "subText",
              "prefix": "HDFC account ",
              "attributeIndex": 1,
              "value": "HDFC"
            },
            {
              "name": "contentTitle",
              "prefix": "Paid \u20B9",
              "attributeIndex": 0,
              "value": "Debit"
            },
            {
              "name": "contentText",
              "prefix": "\uD83D\uDCB5 to ",
              "attributeIndex": 3,
              "value": ""
            }
          ]
        },
        {
          "messageFormat": "(Rs|INR)[\\.]?\\s*(([0-9]+(,[0-9]+)*)?(\\.[0-9]{1,2})?).*?\\sdebited from (account\\snumber|account\\sno|a/c\\snumber|a/c\\sno|account|a/c)\\s[*]+(\\d*) on\\s(\\d{1,2})(-|/)(\\d{1,2}|[a-z]{3,9})(-|/)(\\d{1,4}) to (account\\snumber|account\\sno|a/c\\snumber|a/c\\sno|account|a/c)\\s[*]+(\\d*)",
          "reminderType": "UPI",
          "title": "HDFC Bank",
          "messageType": "DEBIT",
          "attributes": [
            {
              "name": "Amount Debited",
              "groups": [
                2
              ],
              "dataType": "NUMBER"
            },
            {
              "name": "Account_Number",
              "groups": [
                7
              ],
              "dataType": "TEXT"
            },
            {
              "name": "Date",
              "groups": [
                8,
                10,
                12
              ],
              "dataType": "DATE"
            },
            {
              "name": "VPA",
              "groups": [
                14
              ],
              "dataType": "TEXT"
            }
          ],
          "notificationAttributes": [
            {
              "name": "subText",
              "prefix": "HDFC account ",
              "attributeIndex": 1,
              "value": "HDFC"
            },
            {
              "name": "contentTitle",
              "prefix": "Paid \u20B9",
              "attributeIndex": 0,
              "value": "Debit"
            },
            {
              "name": "contentText",
              "prefix": "\uD83D\uDCB5 to a/c ",
              "attributeIndex": 3,
              "value": ""
            }
          ]
        },
        {
          "messageFormat": "(Rs|INR)[\\.]?\\s*(([0-9]+(,[0-9]+)*)?(\\.[0-9]{1,2})?)\\s.*?(credited|received) to (account\\snumber|account\\sno|a/c\\snumber|a/c\\sno|account|a/c)\\s*([\\d*x]*([x*\\d]{4})) on\\s(\\d{1,2})(-|/)(\\d{1,2}|[a-z]{3,9})(-|/)(\\d{1,4}) by a/c linked to vpa\\s(.*?@.*?)\\s",
          "reminderType": "UPI",
          "title": "HDFC Bank",
          "messageType": "CREDIT",
          "attributes": [
            {
              "name": "Amount ",
              "groups": [
                2
              ],
              "dataType": "NUMBER"
            },
            {
              "name": "Account_Number",
              "groups": [
                9
              ],
              "dataType": "TEXT"
            },
            {
              "name": "Date",
              "groups": [
                10,
                12,
                14
              ],
              "dataType": "DATE"
            },
            {
              "name": "VPA",
              "groups": [
                15
              ],
              "dataType": "TEXT"
            }
          ],
          "notificationAttributes": [
            {
              "name": "subText",
              "prefix": "HDFC account ",
              "attributeIndex": 1,
              "value": "HDFC"
            },
            {
              "name": "contentTitle",
              "prefix": "Payment received \u20B9",
              "attributeIndex": 0,
              "value": "Received"
            },
            {
              "name": "contentText",
              "prefix": "\uD83D\uDCB0 from ",
              "attributeIndex": 3,
              "value": ""
            }
          ]
        },
        {
          "messageFormat": "(Rs|INR)[\\.]?\\s*(([0-9]+(,[0-9]+)*)?(\\.[0-9]{1,2})?)\\s.*?(spent|debited).*?(HDFCBank|HDFC Bank) (credit\\s)?card\\s(ending\\s)?([0-9]{4,6}) on\\s(\\d{1,4})(-|/)(\\d{1,2}|[a-z]{3,9})(-|/)(\\d{1,2}).*?at\\s(.*?)\\.(\\s)*avl\\sbal.*?(Rs|INR)[\\.]?\\s*(([0-9]+(,[0-9]+)*)?(\\.[0-9]{1,2})?)",
          "reminderType": "CREDIT_CARD",
          "title": "HDFC Bank",
          "messageType": "PAYMENT",
          "attributes": [
            {
              "name": "Amount Debited",
              "groups": [
                2
              ],
              "dataType": "NUMBER"
            },
            {
              "name": "Date",
              "groups": [
                15,
                13,
                11
              ],
              "dataType": "DATE"
            },
            {
              "name": "CC_No",
              "groups": [
                10
              ],
              "dataType": "TEXT"
            },
            {
              "name": "Available Balance",
              "groups": [
                19
              ],
              "dataType": "NUMBER"
            },
            {
              "name": "Location",
              "regex": "at\\s(.*?)\\.",
              "groups": [
                16
              ],
              "dataType": "TEXT"
            }
          ],
          "notificationAttributes": [
            {
              "name": "subText",
              "prefix": "HDFC credit ",
              "attributeIndex": 2,
              "value": "HDFC"
            },
            {
              "name": "contentTitle",
              "prefix": "Spent \u20B9",
              "attributeIndex": 0,
              "value": "Spent"
            },
            {
              "name": "contentText",
              "prefix": "\uD83D\uDECD ",
              "attributeIndex": 4,
              "value": ""
            },
            {
              "name": "additionalText",
              "prefix": "Available balance \u20B9",
              "attributeIndex": 3,
              "value": ""
            }
          ]
        },
        {
          "messageFormat": "(Rs|INR)[\\.]?\\s*(([0-9]+(,[0-9]+)*)?(\\.[0-9]{1,2})?)\\s(dr) to (account\\snumber|account\\sno|a/c\\snumber|a/c\\sno|account|a/c)\\s[x]+(\\d*) towards\\sUPI-.*-(.*?@.*?\\w*)-PAY-.*?clr\\sbal.*(Rs|INR)[\\.]?\\s*(([0-9]+(,[0-9]+)*)?(\\.[0-9]{1,2})?)",
          "reminderType": "UPI",
          "title": "HDFC Bank",
          "messageType": "DEBIT",
          "attributes": [
            {
              "name": "Amount",
              "groups": [
                2
              ],
              "dataType": "NUMBER"
            },
            {
              "name": "Account_Number",
              "groups": [
                8
              ],
              "dataType": "TEXT"
            },
            {
              "name": "UPI",
              "groups": [
                9
              ],
              "dataType": "TEXT"
            },
            {
              "name": "BALANCE",
              "groups": [
                11
              ],
              "dataType": "TEXT"
            }
          ],
          "notificationAttributes": [
            {
              "name": "subText",
              "prefix": "HDFC account ",
              "attributeIndex": 1,
              "value": "HDFC"
            },
            {
              "name": "contentTitle",
              "prefix": "Paid \u20B9",
              "attributeIndex": 0,
              "value": "Debit"
            },
            {
              "name": "contentText",
              "prefix": "\uD83D\uDCB5 to ",
              "attributeIndex": 2,
              "value": ""
            },
            {
              "name": "additionalText",
              "prefix": "Available balance \u20B9",
              "attributeIndex": 3,
              "value": ""
            }
          ]
        },
        {
          "messageFormat": "Thank you for using debit\\scard\\sending\\s(\\d*) for .*?(Rs|INR)[\\.]?\\s*(([0-9]+(,[0-9]+)*)?(\\.[0-9]{1,2})?) in.*?(at\\s(.*?).on\\s).*?(\\d{1,4})(-|/)(\\d{1,2}|[a-z]{3,9})(-|/)(\\d{1,2}).*?  avl\\sbal.*?(Rs|INR)[\\.]?\\s*(([0-9]+(,[0-9]+)*)?(\\.[0-9]{1,2})?)",
          "reminderType": "DEBIT_CARD",
          "title": "HDFC Bank",
          "messageType": "PAYMENT",
          "attributes": [
            {
              "name": "Amount Debited",
              "groups": [
                3
              ],
              "dataType": "NUMBER"
            },
            {
              "name": "Location",
              "groups": [
                8
              ],
              "dataType": "TEXT"
            },
            {
              "name": "Date",
              "groups": [
                13,
                11,
                9
              ],
              "dataType": "DATE"
            },
            {
              "name": "DC_No",
              "groups": [
                1
              ],
              "dataType": "TEXT"
            },
            {
              "name": "Available Balance",
              "groups": [
                15
              ],
              "dataType": "NUMBER"
            }
          ],
          "notificationAttributes": [
            {
              "name": "subText",
              "prefix": "HDFC debit ",
              "attributeIndex": 3,
              "value": "HDFC"
            },
            {
              "name": "contentTitle",
              "prefix": "Spent \u20B9",
              "attributeIndex": 0,
              "value": "Spent"
            },
            {
              "name": "contentText",
              "prefix": "\uD83D\uDECD ",
              "attributeIndex": 1,
              "value": ""
            },
            {
              "name": "additionalText",
              "prefix": "Available balance \u20B9",
              "attributeIndex": 4,
              "value": ""
            }
          ]
        },
        {
          "messageFormat": "(Rs|INR)[\\.]?\\s*(([0-9]+(,[0-9]+)*)?(\\.[0-9]{1,2})?).*?debited from.*?(account\\snumber|account\\sno|a/c\\snumber|a/c\\sno|account|a/c)\\s[x]+(\\d*).*?neft.*?HDFC Bank NetBanking",
          "reminderType": "ACCOUNT",
          "title": "HDFC Bank",
          "messageType": "DEBIT",
          "attributes": [
            {
              "name": "Amount Debited",
              "groups": [
                2
              ],
              "dataType": "NUMBER"
            },
            {
              "name": "Account_Number",
              "groups": [
                7
              ],
              "dataType": "TEXT"
            }
          ],
          "notificationAttributes": [
            {
              "name": "subText",
              "prefix": "HDFC account ",
              "attributeIndex": 1,
              "value": "HDFC"
            },
            {
              "name": "contentTitle",
              "prefix": "A/c debited \u20B9",
              "attributeIndex": 0,
              "value": "Debit"
            },
            {
              "name": "contentText",
              "prefix": "",
              "attributeIndex": -1,
              "value": "NEFT"
            }
          ]
        },
        {
          "messageFormat": "Your (account\\snumber|account\\sno|a/c\\snumber|a/c\\sno|account|acct|a/c\\sno.|a/c)(\\.|\\s+)x+(\\d{0,10}).*?debited.*(Rs|INR)[\\.]?\\s*(([0-9]+(,[0-9]+)*)?(\\.[0-9]{1,2})?) on\\s(\\d{1,2})(-|/|\\s)(\\d{1,2}|[a-z]{3,9})(-|/|\\s)(\\d{1,4}) (and|&) (account\\snumber|account\\sno|a/c\\snumber|a/c\\sno|account|acct|a/c)(\\.|\\s+)x+(\\d{0,10}).*credited.*?IMPS Ref no.*",
          "reminderType": "ACCOUNT",
          "title": "HDFC Bank",
          "messageType": "DEBIT",
          "attributes": [
            {
              "name": "ACCOUNT DEBITED",
              "groups": [
                3
              ],
              "dataType": "TEXT"
            },
            {
              "name": "AMOUNT DEBITED",
              "groups": [
                5
              ],
              "dataType": "NUMBER_COMMA"
            },
            {
              "name": "DATE",
              "groups": [
                9,
                11,
                13
              ],
              "dataType": "DATE"
            },
            {
              "name": "ACCOUNT CREDITED",
              "groups": [
                17
              ],
              "dataType": "TEXT"
            }
          ],
          "notificationAttributes": [
            {
              "name": "subText",
              "prefix": "HDFC account ",
              "attributeIndex": 0,
              "value": "HDFC"
            },
            {
              "name": "contentTitle",
              "prefix": "A/c debited \u20B9",
              "attributeIndex": 1,
              "value": "Debit"
            },
            {
              "name": "contentText",
              "prefix": "\uD83D\uDCB5 A/c ",
              "attributeIndex": 3,
              "value": ""
            }
          ]
        },
        {
          "messageFormat": "(Rs|INR)[\\.]?\\s*(([0-9]+(,[0-9]+)*)?(\\.[0-9]{1,2})?)\\s(deposited) in (account\\snumber|account\\sno|a/c\\snumber|a/c\\sno|account|a/c)\\s[x]+(\\d*) on\\s(\\d{1,2})(-|/|\\s)(\\d{1,2}|[a-z]{3,9})(-|/|\\s)(\\d{1,4}).*?Avl\\sbal.*(Rs|INR)[\\.]?\\s*(([0-9]+(,[0-9]+)*)?(\\.[0-9]{1,2})?)",
          "reminderType": "ACCOUNT",
          "title": "HDFC Bank",
          "messageType": "CREDIT",
          "attributes": [
            {
              "name": "Amount",
              "groups": [
                2
              ],
              "dataType": "NUMBER"
            },
            {
              "name": "Account_Number",
              "groups": [
                8
              ],
              "dataType": "TEXT"
            },
            {
              "name": "BALANCE",
              "groups": [
                15
              ],
              "dataType": "TEXT"
            },
            {
              "name": "DATE",
              "groups": [
                9,
                11,
                13
              ],
              "dataType": "DATE"
            }
          ],
          "notificationAttributes": [
            {
              "name": "subText",
              "prefix": "HDFC account ",
              "attributeIndex": 1,
              "value": "HDFC"
            },
            {
              "name": "contentTitle",
              "prefix": "Deposited \u20B9",
              "attributeIndex": 0,
              "value": "Deposit"
            },
            {
              "name": "contentText",
              "prefix": "Available balance \u20B9",
              "attributeIndex": 2,
              "value": ""
            }
          ]
        },
        {
          "messageFormat": "Thank you for using .*?credit\\scard\\sending\\s(\\d*) for .*?(Rs|INR)[\\.]?\\s*(([0-9]+(,[0-9]+)*)?(\\.[0-9]{1,2})?).*?(at\\s(.*?).on\\s).*?(\\d{1,4})(-|/)(\\d{1,2}|[a-z]{3,9})(-|/)(\\d{1,2}).*?",
          "reminderType": "CREDIT_CARD",
          "title": "HDFC Bank",
          "messageType": "PAYMENT",
          "attributes": [
            {
              "name": "Amount Debited",
              "groups": [
                3
              ],
              "dataType": "NUMBER"
            },
            {
              "name": "Location",
              "groups": [
                8
              ],
              "dataType": "TEXT"
            },
            {
              "name": "Date",
              "groups": [
                13,
                11,
                9
              ],
              "dataType": "DATE"
            },
            {
              "name": "CC_No",
              "groups": [
                1
              ],
              "dataType": "TEXT"
            }
          ],
          "notificationAttributes": [
            {
              "name": "subText",
              "prefix": "HDFC credit ",
              "attributeIndex": 3,
              "value": "HDFC"
            },
            {
              "name": "contentTitle",
              "prefix": "Spent \u20B9",
              "attributeIndex": 0,
              "value": "Spent"
            },
            {
              "name": "contentText",
              "prefix": "\uD83D\uDECD ",
              "attributeIndex": 1,
              "value": ""
            }
          ]
        },
        {
          "messageFormat": "Thanks for paying\\s(Rs|INR)[\\.]?\\s*(([0-9]+(,[0-9]+)*)?(\\.[0-9]{1,2})?) from\\s(account\\snumber|account\\sno|a/c\\snumber|a/c\\sno|account|a/c)\\s[x*]*(\\d*) to\\s(.*?)\\s.*?netbanking.*",
          "reminderType": "ACCOUNT",
          "title": "HDFC Bank",
          "messageType": "DEBIT",
          "attributes": [
            {
              "name": "Amount Debited",
              "groups": [
                2
              ],
              "dataType": "NUMBER"
            },
            {
              "name": "Account Debited",
              "groups": [
                7
              ],
              "dataType": "TEXT"
            },
            {
              "name": "Account credited",
              "groups": [
                8
              ],
              "dataType": "TEXT"
            }
          ],
          "notificationAttributes": [
            {
              "name": "subText",
              "prefix": "HDFC account ",
              "attributeIndex": 1,
              "value": "HDFC"
            },
            {
              "name": "contentTitle",
              "prefix": "A/c debited \u20B9",
              "attributeIndex": 0,
              "value": "A/c debited"
            },
            {
              "name": "contentText",
              "prefix": "\uD83D\uDCB5 to ",
              "attributeIndex": 2,
              "value": ""
            }
          ]
        },
        {
          "messageFormat": "DEAR CARDMEMBER, payment.*?(Rs|INR)[\\.]?\\s*(([0-9]+(,[0-9]+)*)?(\\.[0-9]{1,2})?).*?RECEIVED TOWARDS YOUR CREDIT CARD ending\\s[x]*(\\d*) THROUGH Autopay on\\s*([0-9]{1,2})[-/]([a-z]{3,4}|[0-9]{1,2})[-/]([0-9]{2,4}).YOUR AVAILABLE.*?(Rs|INR)[\\.]?\\s*(([0-9]+(,[0-9]+)*)?(\\.[0-9]{1,2})?)",
          "reminderType": "CREDIT_CARD",
          "title": "HDFC Bank",
          "messageType": "BILL_PAID",
          "attributes": [
            {
              "name": "BillAmountPaid",
              "groups": [
                2
              ],
              "dataType": "NUMBER"
            },
            {
              "name": "CC_No",
              "groups": [
                6
              ],
              "dataType": "TEXT"
            },
            {
              "name": "BillPaidDate",
              "groups": [
                7,
                8,
                9
              ],
              "dataType": "DATE"
            },
            {
              "name": "Available Balance",
              "groups": [
                11
              ],
              "dataType": "NUMBER"
            }
          ],
          "notificationAttributes": [
            {
              "name": "subText",
              "prefix": "HDFC credit ",
              "attributeIndex": 1,
              "value": "HDFC"
            },
            {
              "name": "contentTitle",
              "prefix": "Bill paid \u20B9",
              "attributeIndex": 0,
              "value": "Bill paid"
            },
            {
              "name": "contentText",
              "prefix": "Available balance \u20B9",
              "attributeIndex": 3,
              "value": ""
            }
          ]
        },
        {
          "messageFormat": "(Rs|INR)[\\.]?\\s*(([0-9]+(,[0-9]+)*)?(\\.[0-9]{1,2})?)\\s.*?(withdrawn).*?(HDFCBank|HDFC Bank) (credit\\s)?card\\s(ending\\s)?([0-9]{4,6}) on\\s(\\d{1,4})(-|/)(\\d{1,2}|[a-z]{3,9})(-|/)(\\d{1,2}).*?at\\s[+]*(.*?)\\.(\\s)*avl\\sbal.*?(Rs|INR)[\\.]?\\s*(([0-9]+(,[0-9]+)*)?(\\.[0-9]{1,2})?)",
          "reminderType": "ATM",
          "title": "HDFC Bank",
          "messageType": "WITHDRAWAL",
          "attributes": [
            {
              "name": "Amount Debited",
              "groups": [
                2
              ],
              "dataType": "NUMBER"
            },
            {
              "name": "Date",
              "groups": [
                15,
                13,
                11
              ],
              "dataType": "DATE"
            },
            {
              "name": "CC_No",
              "groups": [
                10
              ],
              "dataType": "TEXT"
            },
            {
              "name": "Available Balance",
              "groups": [
                19
              ],
              "dataType": "NUMBER"
            },
            {
              "name": "Location",
              "regex": "at\\s(.*?)\\.",
              "groups": [
                16
              ],
              "dataType": "TEXT"
            }
          ],
          "notificationAttributes": [
            {
              "name": "subText",
              "prefix": "HDFC credit ",
              "attributeIndex": 2,
              "value": "HDFC"
            },
            {
              "name": "contentTitle",
              "prefix": "ATM Withdrawal \u20B9",
              "attributeIndex": 0,
              "value": "Spent"
            },
            {
              "name": "contentText",
              "prefix": "\uD83C\uDFE7 ",
              "attributeIndex": 4,
              "value": ""
            },
            {
              "name": "additionalText",
              "prefix": "Available balance \u20B9",
              "attributeIndex": 3,
              "value": ""
            }
          ]
        },
        {
          "messageFormat": "transaction on HDFC Bank CREDIT Card (ending (\\d*)) for (Rs|INR)[\\.]?\\s*(([0-9]+(,[0-9]+)*)?(\\.[0-9]{1,2})?)  has been (credited/reversed by (.*)) on (\\d{1,4})(-|/)(\\d{1,2}|[a-z]{3,9})(-|/)(\\d{1,2})",
          "reminderType": "CREDIT_CARD",
          "title": "HDFC Bank",
          "messageType": "CREDIT",
          "attributes": [
            {
              "name": "CREDIT_CARD",
              "groups": [
                2
              ],
              "dataType": "TEXT"
            },
            {
              "name": "AMOUNT_CREDITED",
              "groups": [
                4
              ],
              "dataType": "NUMBER"
            },
            {
              "name": "SOURCE",
              "groups": [
                9
              ],
              "dataType": "TEXT"
            },
            {
              "name": "Date",
              "groups": [
                14,
                12,
                10
              ],
              "dataType": "DATE"
            }
          ],
          "notificationAttributes": [
            {
              "name": "subText",
              "prefix": "HDFC credit ",
              "attributeIndex": 0,
              "value": "HDFC"
            },
            {
              "name": "contentTitle",
              "prefix": "A/c credited \u20B9",
              "attributeIndex": 1,
              "value": "A/c credited"
            },
            {
              "name": "contentText",
              "prefix": "From ",
              "attributeIndex": 2,
              "value": ""
            }
          ]
        },
        {
          "messageFormat": "spent (Rs|INR)[\\.]?\\s*(([0-9]+(,[0-9]+)*)?(\\.[0-9]{1,2})?)\\s.*?(credit\\s)card\\s(ending\\s)?([\\d*x]*([x*\\d]{4})) at\\s(.*?) on\\s(\\d{1,4})(-|/)(\\d{1,2}|[a-z]{3,9})(-|/)(\\d{1,2}).*?\\.(\\s)*avl\\sbal.*?(Rs|INR)[\\.]?\\s*(([0-9]+(,[0-9]+)*)?(\\.[0-9]{1,2})?)",
          "reminderType": "CREDIT_CARD",
          "title": "HDFC Bank",
          "messageType": "PAYMENT",
          "attributes": [
            {
              "name": "Amount Debited",
              "groups": [
                2
              ],
              "dataType": "NUMBER"
            },
            {
              "name": "CC_No",
              "groups": [
                9
              ],
              "dataType": "TEXT"
            },
            {
              "name": "Available Balance",
              "groups": [
                18
              ],
              "dataType": "NUMBER"
            },
            {
              "name": "Location",
              "regex": "at\\s(.*?)\\.",
              "groups": [
                10
              ],
              "dataType": "TEXT"
            }
          ],
          "notificationAttributes": [
            {
              "name": "subText",
              "prefix": "HDFC credit ",
              "attributeIndex": 1,
              "value": "HDFC"
            },
            {
              "name": "contentTitle",
              "prefix": "Spent \u20B9",
              "attributeIndex": 0,
              "value": "Spent"
            },
            {
              "name": "contentText",
              "prefix": "\uD83D\uDECD ",
              "attributeIndex": 3,
              "value": ""
            },
            {
              "name": "additionalText",
              "prefix": "Available balance \u20B9",
              "attributeIndex": 2,
              "value": ""
            }
          ]
        },
        {
          "messageFormat": "spent (Rs|INR)[\\.]?\\s*(([0-9]+(,[0-9]+)*)?(\\.[0-9]{1,2})?)\\s.*?(debit\\s)card\\s(ending\\s)?([\\d*x]*([x*\\d]{4})) at\\s(.*?) on\\s(\\d{1,4})(-|/)(\\d{1,2}|[a-z]{3,9})(-|/)(\\d{1,2}).*?\\.(\\s)*avl\\sbal.*?(Rs|INR)[\\.]?\\s*(([0-9]+(,[0-9]+)*)?(\\.[0-9]{1,2})?)",
          "reminderType": "DEBIT_CARD",
          "title": "HDFC Bank",
          "messageType": "PAYMENT",
          "attributes": [
            {
              "name": "Amount Debited",
              "groups": [
                2
              ],
              "dataType": "NUMBER"
            },
            {
              "name": "DC_No",
              "groups": [
                9
              ],
              "dataType": "TEXT"
            },
            {
              "name": "Available Balance",
              "groups": [
                18
              ],
              "dataType": "NUMBER"
            },
            {
              "name": "Location",
              "regex": "at\\s(.*?)\\.",
              "groups": [
                10
              ],
              "dataType": "TEXT"
            }
          ],
          "notificationAttributes": [
            {
              "name": "subText",
              "prefix": "HDFC debit ",
              "attributeIndex": 1,
              "value": "HDFC"
            },
            {
              "name": "contentTitle",
              "prefix": "Spent \u20B9",
              "attributeIndex": 0,
              "value": "Spent"
            },
            {
              "name": "contentText",
              "prefix": "\uD83D\uDECD ",
              "attributeIndex": 3,
              "value": ""
            },
            {
              "name": "additionalText",
              "prefix": "Available balance \u20B9",
              "attributeIndex": 2,
              "value": ""
            }
          ]
        }
      ]
    }
  ],
  "iconLink": "http://assets.tcpay.in/images/tmp/sms-categorizer-avatars/hdfc_sms.png"
}