{
  "type": "Bank",
  "senders": [
    {
      "tags": [
        "pnbccd",
        "pnbsms",
        "pnbdbd",
        "netpnb",
        "pnbank",
        "pnbbok"
      ],
      "formats": [
        {
          "messageFormat": "(Rs|INR)([\\.]?\\s*)(([0-9]+(,[0-9]+)*)?(\\.[0-9]{1,2})?).*?received as payment towards your PNB (Credit\\sCard(\\.|\\s+)(x+)(\\d{0,10}))",
          "reminderType": "CREDIT_CARD",
          "title": "Punjab National Bank",
          "messageType": "BILL_PAID",
          "attributes": [
            {
              "name": "BillAmountPaid",
              "groups": [
                3
              ],
              "dataType": "NUMBER"
            },
            {
              "name": "CreditCard",
              "groups": [
                10
              ],
              "dataType": "TEXT"
            }
          ],
          "notificationAttributes": [
            {
              "name": "subText",
              "prefix": "PNB credit ",
              "attributeIndex": 1,
              "value": "PNB"
            },
            {
              "name": "contentTitle",
              "prefix": "Bill paid \u20B9",
              "attributeIndex": 0,
              "value": "Bill paid"
            },
            {
              "name": "contentText",
              "prefix": "",
              "attributeIndex": -1,
              "value": ""
            }
          ]
        },
        {
          "messageFormat": "Your PNB Card No.([\\d*x]*([x*\\d]{4})), is due for payment. Total Amount Due (Rs|INR)([\\.]?\\s*)(([0-9]+(,[0-9]+)*)?(\\.[0-9]{1,2})?), Minimum Amount Due (Rs|INR)([\\.]?\\s*)(([0-9]+(,[0-9]+)*)?(\\.[0-9]{1,2})?) for statement dated.*?. Please pay latest by (\\d{1,2})(-|/|.)(\\d{1,2}|[a-z]{3,9})(-|/|.)(\\d{1,4})",
          "reminderType": "CREDIT_CARD",
          "title": "Punjab National Bank",
          "messageType": "NEW_BILL",
          "attributes": [
            {
              "name": "CreditCard",
              "groups": [
                2
              ],
              "dataType": "TEXT"
            },
            {
              "name": "TotalAmountDue",
              "groups": [
                5
              ],
              "dataType": "NUMBER"
            },
            {
              "name": "MinimumAmountDue",
              "groups": [
                11
              ],
              "dataType": "NUMBER"
            },
            {
              "name": "Date",
              "groups": [
                15,
                17,
                19
              ],
              "dataType": "DATE"
            }
          ],
          "notificationAttributes": [
            {
              "name": "subText",
              "prefix": "PNB credit ",
              "attributeIndex": 0,
              "value": "PNB"
            },
            {
              "name": "contentTitle",
              "prefix": "Bill due for \u20B9",
              "attributeIndex": 1,
              "value": "Bill due"
            },
            {
              "name": "contentText",
              "prefix": "Due on ",
              "attributeIndex": 3,
              "value": ""
            },
            {
              "name": "additionalText",
              "prefix": "Min due \u20B9",
              "attributeIndex": 2,
              "value": ""
            }
          ]
        },
        {
          "messageFormat": "(account\\snumber|account\\sno|a/c\\snumber|a/c\\sno|account|acct|ac|a/c)(\\.|\\s+)([\\d*x]*([x*\\d]{4})).*?debited with (Rs|INR)[\\.]?\\s*(([0-9]+(,[0-9]+)*)?(\\.[0-9]{1,2})?) on (\\d{1,2})(-|/)(\\d{1,2}|[a-z]{3,9})(-|/)(\\d{1,4}).*?thru (debit card)",
          "reminderType": "DEBIT_CARD",
          "title": "Punjab National Bank",
          "messageType": "PAYMENT",
          "attributes": [
            {
              "name": "AccountDebited",
              "groups": [
                4
              ],
              "dataType": "TEXT"
            },
            {
              "name": "AmountDebited",
              "groups": [
                6
              ],
              "dataType": "NUMBER"
            },
            {
              "name": "Date",
              "groups": [
                10,
                12,
                14
              ],
              "dataType": "DATE"
            },
            {
              "name": "Source",
              "groups": [
                15
              ],
              "dataType": "TEXT"
            }
          ],
          "notificationAttributes": [
            {
              "name": "subText",
              "prefix": "PNB account ",
              "attributeIndex": 0,
              "value": "PNB"
            },
            {
              "name": "contentTitle",
              "prefix": "A/c debited \u20B9",
              "attributeIndex": 1,
              "value": "Debit"
            },
            {
              "name": "contentText",
              "prefix": "",
              "attributeIndex": -1,
              "value": "via debit card"
            }
          ]
        },
        {
          "messageFormat": "(account\\snumber|account\\sno|a/c\\snumber|a/c\\sno|account|acct|ac|a/c)(\\.|\\s+)([\\d*x]*([x*\\d]{4})).*?debited with (Rs|INR)[\\.]?\\s*(([0-9]+(,[0-9]+)*)?(\\.[0-9]{1,2})?) on (\\d{1,2})(-|/)(\\d{1,2}|[a-z]{3,9})(-|/)(\\d{1,4}).*?thru (upi)",
          "reminderType": "UPI",
          "title": "Punjab National Bank",
          "messageType": "DEBIT",
          "attributes": [
            {
              "name": "AccountDebited",
              "groups": [
                4
              ],
              "dataType": "TEXT"
            },
            {
              "name": "AmountDebited",
              "groups": [
                6
              ],
              "dataType": "NUMBER"
            },
            {
              "name": "Date",
              "groups": [
                10,
                12,
                14
              ],
              "dataType": "DATE"
            },
            {
              "name": "Source",
              "groups": [
                15
              ],
              "dataType": "TEXT"
            }
          ],
          "notificationAttributes": [
            {
              "name": "subText",
              "prefix": "PNB account ",
              "attributeIndex": 0,
              "value": "PNB"
            },
            {
              "name": "contentTitle",
              "prefix": "A/c debited \u20B9",
              "attributeIndex": 1,
              "value": "Debit"
            },
            {
              "name": "contentText",
              "prefix": "",
              "attributeIndex": -1,
              "value": "UPI"
            }
          ]
        },
        {
          "messageFormat": "(account\\snumber|account\\no|a/c\\snumber|a/c\\sno|account|acct|ac|a/c)(\\.|\\s+)([\\d*x]*([x*\\d]{4})).*?debited with (Rs|INR)[\\.]?\\s*(([0-9]+(,[0-9]+)*)?(\\.[0-9]{1,2})?).*?(\\d{1,2})(-|/)(\\d{1,2}|[a-z]{3,9})(-|/)(\\d{1,4}).*?thru (debitcard).*?((available\\sbalance|Avbl Bal|aval\\sbal)[\\.]?\\s*(Rs|INR)?[\\.]?\\s*(([0-9]+(,[0-9]+)*)?(\\.[0-9]{1,2})?))",
          "reminderType": "DEBIT_CARD",
          "title": "Punjab National Bank",
          "messageType": "PAYMENT",
          "attributes": [
            {
              "name": "AccountDebited",
              "groups": [
                4
              ],
              "dataType": "TEXT"
            },
            {
              "name": "AmountDebited",
              "groups": [
                6
              ],
              "dataType": "NUMBER"
            },
            {
              "name": "Date",
              "groups": [
                10,
                12,
                14
              ],
              "dataType": "DATE"
            },
            {
              "name": "Source",
              "groups": [
                15
              ],
              "dataType": "TEXT"
            },
            {
              "name": "AvailableBalance",
              "groups": [
                19
              ],
              "dataType": "NUMBER"
            }
          ],
          "notificationAttributes": [
            {
              "name": "subText",
              "prefix": "PNB account ",
              "attributeIndex": 0,
              "value": "PNB"
            },
            {
              "name": "contentTitle",
              "prefix": "A/c debited \u20B9",
              "attributeIndex": 1,
              "value": "Debit"
            },
            {
              "name": "contentText",
              "prefix": "Available balance \u20B9",
              "attributeIndex": 4,
              "value": ""
            }
          ]
        },
        {
          "messageFormat": "(account\\snumber|account\\sno|a/c\\snumber|a/c\\sno|account|acct|ac|a/c)(\\.|\\s+)([\\d*x]*([x*\\d]{4})).*?debited with (Rs|INR)[\\.]?\\s*(([0-9]+(,[0-9]+)*)?(\\[0-9]{1,2})?).*?(\\d{1,2})(-|/)(\\d{1,2}|[a-z]{3,9})(-|/)(\\d{1,4}).*?thru (atm).*?((available\\sbalance|Avbl Bal|aval\\sbal)[\\.]?\\s*(Rs|INR)?[\\.]?\\s*(([0-9]+(,[0-9]+)*)?(\\.[0-9]{1,2})?))",
          "reminderType": "ATM",
          "title": "Punjab National Bank",
          "messageType": "WITHDRAWAL",
          "attributes": [
            {
              "name": "AccountDebited",
              "groups": [
                4
              ],
              "dataType": "TEXT"
            },
            {
              "name": "AmountDebited",
              "groups": [
                6
              ],
              "dataType": "NUMBER"
            },
            {
              "name": "Date",
              "groups": [
                10,
                12,
                14
              ],
              "dataType": "DATE"
            },
            {
              "name": "Source",
              "groups": [
                15
              ],
              "dataType": "TEXT"
            },
            {
              "name": "AvailableBalance",
              "groups": [
                19
              ],
              "dataType": "NUMBER"
            }
          ],
          "notificationAttributes": [
            {
              "name": "subText",
              "prefix": "PNB account ",
              "attributeIndex": 0,
              "value": "PNB"
            },
            {
              "name": "contentTitle",
              "prefix": "ATM Withdrawal \u20B9",
              "attributeIndex": 1,
              "value": "Debit"
            },
            {
              "name": "contentText",
              "prefix": "Available balance \u20B9",
              "attributeIndex": 4,
              "value": ""
            }
          ]
        },
        {
          "messageFormat": "(account\\snumber|account\\sno|a/c\\snumber|a/c\\sno|account|acct|ac|a/c)(\\.|\\s+)([\\d*x]*([x*\\d]{4})).*?debited with (Rs|INR)[\\.]?\\s*(([0-9]+(,[0-9]+)*)?(\\.[0-9]{1,2})?).*?(\\d{1,2})(-|/)(\\d{1,2}|[a-z]{3,9})(-|/)(\\d{1,4}).*?thru (NEFT).*?((available\\sbalance|Avbl Bal|aval\\sbal)[\\.]?\\s*(Rs|INR)?[\\.]?\\s*(([0-9]+(,[0-9]+)*)?(\\.[0-9]{1,2})?))",
          "reminderType": "ACCOUNT",
          "title": "Punjab National Bank",
          "messageType": "DEBIT",
          "attributes": [
            {
              "name": "AccountDebited",
              "groups": [
                4
              ],
              "dataType": "TEXT"
            },
            {
              "name": "AmountDebited",
              "groups": [
                6
              ],
              "dataType": "NUMBER"
            },
            {
              "name": "Date",
              "groups": [
                10,
                12,
                14
              ],
              "dataType": "DATE"
            },
            {
              "name": "Source",
              "groups": [
                15
              ],
              "dataType": "TEXT"
            },
            {
              "name": "AvailableBalance",
              "groups": [
                19
              ],
              "dataType": "NUMBER"
            }
          ],
          "notificationAttributes": [
            {
              "name": "subText",
              "prefix": "PNB account ",
              "attributeIndex": 0,
              "value": "PNB"
            },
            {
              "name": "contentTitle",
              "prefix": "A/c debited \u20B9",
              "attributeIndex": 1,
              "value": "Debit"
            },
            {
              "name": "contentText",
              "prefix": "",
              "attributeIndex": -1,
              "value": "NEFT"
            },
            {
              "name": "additionalText",
              "prefix": "Available balance \u20B9",
              "attributeIndex": 4,
              "value": ""
            }
          ]
        },
        {
          "messageFormat": "(account\\snumber|account\\sno|a/c\\snumber|a/c\\sno|account|acct|ac|a/c)(\\.|\\s+)([\\d*x]*([x*\\d]{4})).*?debited with (Rs|INR)[\\.]?\\s*(([0-9]+(,[0-9]+)*)?(\\.[0-9]{1,2})?).*?(\\d{1,2})(-|/)(\\d{1,2}|[a-z]{3,9})(-|/)(\\d{1,4}).*?to (.*) utr.*?((available\\sbalance|Avbl Bal|aval\\sbal)[\\.]?\\s*(Rs|INR)?[\\.]?\\s*(([0-9]+(,[0-9]+)*)?(\\.[0-9]{1,2})?))",
          "reminderType": "ACCOUNT",
          "title": "Punjab National Bank",
          "messageType": "DEBIT",
          "attributes": [
            {
              "name": "AccountDebited",
              "groups": [
                4
              ],
              "dataType": "TEXT"
            },
            {
              "name": "AmountDebited",
              "groups": [
                6
              ],
              "dataType": "NUMBER"
            },
            {
              "name": "Date",
              "groups": [
                10,
                12,
                14
              ],
              "dataType": "DATE"
            },
            {
              "name": "Source",
              "groups": [
                15
              ],
              "dataType": "TEXT"
            },
            {
              "name": "AvailableBalance",
              "groups": [
                19
              ],
              "dataType": "NUMBER"
            }
          ],
          "notificationAttributes": [
            {
              "name": "subText",
              "prefix": "PNB account ",
              "attributeIndex": 0,
              "value": "PNB"
            },
            {
              "name": "contentTitle",
              "prefix": "A/c debited \u20B9",
              "attributeIndex": 1,
              "value": "Debit"
            },
            {
              "name": "contentText",
              "prefix": "\uD83D\uDCB5 ",
              "attributeIndex": 3,
              "value": ""
            },
            {
              "name": "additionalText",
              "prefix": "Available balance \u20B9",
              "attributeIndex": 4,
              "value": ""
            }
          ]
        },
        {
          "messageFormat": "Your (account\\snumber|account\\sno|a/c\\snumber|a/c\\sno|account|acct|ac|a/c)(\\.|\\s+)([\\d*x]*([x*\\d]{4})).*?debited for (Rs|INR)[\\.]?\\s*(([0-9]+(,[0-9]+)*)?(\\.[0-9]{1,2})?) on (\\d{1,2})(-|/)(\\d{1,2}|[a-z]{3,9})(-|/)(\\d{1,4}) and (account\\snumber|account\\sno|a/c\\snumber|a/c\\sno|account|acct|ac|a/c)(\\.|\\s+)([\\d*x]*([x*\\d]{4})).*?credited",
          "reminderType": "ACCOUNT",
          "title": "Punjab National Bank",
          "messageType": "DEBIT",
          "attributes": [
            {
              "name": "AccountDebited",
              "groups": [
                4
              ],
              "dataType": "TEXT"
            },
            {
              "name": "AmountDebited",
              "groups": [
                6
              ],
              "dataType": "NUMBER"
            },
            {
              "name": "Date",
              "groups": [
                10,
                12,
                14
              ],
              "dataType": "DATE"
            },
            {
              "name": "AccountCredited",
              "groups": [
                18
              ],
              "dataType": "DATE"
            }
          ],
          "notificationAttributes": [
            {
              "name": "subText",
              "prefix": "PNB account ",
              "attributeIndex": 0,
              "value": "PNB"
            },
            {
              "name": "contentTitle",
              "prefix": "A/c debited \u20B9",
              "attributeIndex": 1,
              "value": "Debit"
            },
            {
              "name": "contentText",
              "prefix": "\uD83D\uDCB5 to a/c ",
              "attributeIndex": 3,
              "value": ""
            }
          ]
        },
        {
          "messageFormat": "Dear Customer Your.*?linked to (account\\snumber|account\\sno|a/c\\snumber|a/c\\sno|account|acct|ac|a/c)(.*?)([\\d*x]*([x*\\d]{4})).*?debited for (Rs|INR)[\\.]?\\s*(([0-9]+(,[0-9]+)*)?(\\.[0-9]{1,2})?) on (\\d{1,2})(-|/)(\\d{1,2}|[a-z]{3,9})(-|/)(\\d{1,4})",
          "reminderType": "UPI",
          "title": "Punjab National Bank",
          "messageType": "DEBIT",
          "attributes": [
            {
              "name": "AccountDebited",
              "groups": [
                4
              ],
              "dataType": "TEXT"
            },
            {
              "name": "AmountDebited",
              "groups": [
                6
              ],
              "dataType": "NUMBER"
            },
            {
              "name": "Date",
              "groups": [
                10,
                12,
                14
              ],
              "dataType": "DATE"
            }
          ],
          "notificationAttributes": [
            {
              "name": "subText",
              "prefix": "PNB account ",
              "attributeIndex": 0,
              "value": "PNB"
            },
            {
              "name": "contentTitle",
              "prefix": "A/c debited \u20B9",
              "attributeIndex": 1,
              "value": "Debit"
            },
            {
              "name": "contentText",
              "prefix": "",
              "attributeIndex": -1,
              "value": "UPI"
            }
          ]
        },
        {
          "messageFormat": "Your (account\\snumber|account\\sno|a/c\\snumber|a/c\\sno|account|acct|ac|a/c)(\\.|\\s+)\\s?([\\d*x]*([x*\\d]{4})).*?debited for (Rs|INR)[\\.]?\\s*(([0-9]+(,[0-9]+)*)?(\\.[0-9]{1,2})?) on (\\d{1,2})(-|/)(\\d{1,2}|[a-z]{3,9})(-|/)(\\d{1,4})",
          "reminderType": "UPI",
          "title": "Punjab National Bank",
          "messageType": "DEBIT",
          "attributes": [
            {
              "name": "AccountDebited",
              "groups": [
                4
              ],
              "dataType": "TEXT"
            },
            {
              "name": "AmountDebited",
              "groups": [
                6
              ],
              "dataType": "NUMBER"
            },
            {
              "name": "Date",
              "groups": [
                10,
                12,
                14
              ],
              "dataType": "DATE"
            }
          ],
          "notificationAttributes": [
            {
              "name": "subText",
              "prefix": "PNB account ",
              "attributeIndex": 0,
              "value": "PNB"
            },
            {
              "name": "contentTitle",
              "prefix": "A/c debited \u20B9",
              "attributeIndex": 1,
              "value": "Debit"
            },
            {
              "name": "contentText",
              "prefix": "",
              "attributeIndex": -1,
              "value": "UPI"
            }
          ]
        }
      ]
    }
  ],
  "iconLink": "http://assets.tcpay.in/images/tmp/sms-categorizer-avatars/punb_sms.png"
}