{"v":"5.4.3","fr":30,"ip":0,"op":150,"w":1900,"h":1900,"nm":"Success","ddd":0,"assets":[{"id":"comp_0","layers":[{"ddd":0,"ind":1,"ty":0,"nm":"Main coin","refId":"comp_1","sr":1,"ks":{"o":{"a":0,"k":100,"ix":11},"r":{"a":1,"k":[{"i":{"x":[0.667],"y":[1]},"o":{"x":[0.167],"y":[0]},"n":["0p667_1_0p167_0"],"t":0,"s":[0],"e":[0]},{"i":{"x":[0.667],"y":[1]},"o":{"x":[0.333],"y":[0]},"n":["0p667_1_0p333_0"],"t":30,"s":[0],"e":[3]},{"i":{"x":[0.667],"y":[1]},"o":{"x":[0.333],"y":[0]},"n":["0p667_1_0p333_0"],"t":31,"s":[3],"e":[0]},{"i":{"x":[0.667],"y":[1]},"o":{"x":[0.333],"y":[0]},"n":["0p667_1_0p333_0"],"t":32,"s":[0],"e":[-3]},{"i":{"x":[0.667],"y":[0.998]},"o":{"x":[0.333],"y":[0]},"n":["0p667_0p998_0p333_0"],"t":33,"s":[-3],"e":[0]},{"i":{"x":[0.667],"y":[1]},"o":{"x":[0.333],"y":[0.193]},"n":["0p667_1_0p333_0p193"],"t":34,"s":[0],"e":[0]},{"i":{"x":[0.667],"y":[1]},"o":{"x":[0.333],"y":[0]},"n":["0p667_1_0p333_0"],"t":62,"s":[0],"e":[3]},{"i":{"x":[0.667],"y":[1]},"o":{"x":[0.333],"y":[0]},"n":["0p667_1_0p333_0"],"t":63,"s":[3],"e":[0]},{"i":{"x":[0.667],"y":[1]},"o":{"x":[0.333],"y":[0]},"n":["0p667_1_0p333_0"],"t":64,"s":[0],"e":[-3]},{"i":{"x":[0.667],"y":[0.998]},"o":{"x":[0.333],"y":[0]},"n":["0p667_0p998_0p333_0"],"t":65,"s":[-3],"e":[0]},{"i":{"x":[0.667],"y":[1]},"o":{"x":[0.333],"y":[0.186]},"n":["0p667_1_0p333_0p186"],"t":66,"s":[0],"e":[0]},{"i":{"x":[0.667],"y":[1]},"o":{"x":[0.333],"y":[0]},"n":["0p667_1_0p333_0"],"t":93,"s":[0],"e":[3]},{"i":{"x":[0.667],"y":[1]},"o":{"x":[0.333],"y":[0]},"n":["0p667_1_0p333_0"],"t":94,"s":[3],"e":[0]},{"i":{"x":[0.667],"y":[1]},"o":{"x":[0.333],"y":[0]},"n":["0p667_1_0p333_0"],"t":95,"s":[0],"e":[-3]},{"i":{"x":[0.667],"y":[0.998]},"o":{"x":[0.333],"y":[0]},"n":["0p667_0p998_0p333_0"],"t":96,"s":[-3],"e":[0]},{"i":{"x":[0.667],"y":[1]},"o":{"x":[0.333],"y":[0.186]},"n":["0p667_1_0p333_0p186"],"t":97,"s":[0],"e":[0]},{"i":{"x":[0.667],"y":[1]},"o":{"x":[0.333],"y":[0]},"n":["0p667_1_0p333_0"],"t":124,"s":[0],"e":[3]},{"i":{"x":[0.667],"y":[1]},"o":{"x":[0.333],"y":[0]},"n":["0p667_1_0p333_0"],"t":125,"s":[3],"e":[0]},{"i":{"x":[0.667],"y":[1]},"o":{"x":[0.333],"y":[0]},"n":["0p667_1_0p333_0"],"t":126,"s":[0],"e":[-3]},{"i":{"x":[0.667],"y":[0.998]},"o":{"x":[0.333],"y":[0]},"n":["0p667_0p998_0p333_0"],"t":127,"s":[-3],"e":[0]},{"i":{"x":[0.667],"y":[1]},"o":{"x":[0.333],"y":[0.09]},"n":["0p667_1_0p333_0p09"],"t":128,"s":[0],"e":[0]},{"i":{"x":[0.667],"y":[1]},"o":{"x":[0.333],"y":[0]},"n":["0p667_1_0p333_0"],"t":141,"s":[0],"e":[3]},{"i":{"x":[0.667],"y":[1]},"o":{"x":[0.333],"y":[0]},"n":["0p667_1_0p333_0"],"t":142,"s":[3],"e":[0]},{"i":{"x":[0.667],"y":[1]},"o":{"x":[0.333],"y":[0]},"n":["0p667_1_0p333_0"],"t":143,"s":[0],"e":[-3]},{"i":{"x":[0.667],"y":[0.998]},"o":{"x":[0.333],"y":[0]},"n":["0p667_0p998_0p333_0"],"t":144,"s":[-3],"e":[0]},{"i":{"x":[0.667],"y":[1]},"o":{"x":[0.333],"y":[0.076]},"n":["0p667_1_0p333_0p076"],"t":145,"s":[0],"e":[0]},{"i":{"x":[0.667],"y":[1]},"o":{"x":[0.333],"y":[0]},"n":["0p667_1_0p333_0"],"t":156,"s":[0],"e":[3]},{"i":{"x":[0.667],"y":[1]},"o":{"x":[0.333],"y":[0]},"n":["0p667_1_0p333_0"],"t":157,"s":[3],"e":[0]},{"i":{"x":[0.667],"y":[1]},"o":{"x":[0.333],"y":[0]},"n":["0p667_1_0p333_0"],"t":158,"s":[0],"e":[-3]},{"i":{"x":[0.667],"y":[0.998]},"o":{"x":[0.333],"y":[0]},"n":["0p667_0p998_0p333_0"],"t":159,"s":[-3],"e":[0]},{"i":{"x":[0.667],"y":[1]},"o":{"x":[0.333],"y":[0.083]},"n":["0p667_1_0p333_0p083"],"t":160,"s":[0],"e":[0]},{"i":{"x":[0.667],"y":[1]},"o":{"x":[0.333],"y":[0]},"n":["0p667_1_0p333_0"],"t":172,"s":[0],"e":[3]},{"i":{"x":[0.667],"y":[1]},"o":{"x":[0.333],"y":[0]},"n":["0p667_1_0p333_0"],"t":173,"s":[3],"e":[0]},{"i":{"x":[0.667],"y":[1]},"o":{"x":[0.333],"y":[0]},"n":["0p667_1_0p333_0"],"t":174,"s":[0],"e":[-3]},{"i":{"x":[0.667],"y":[0.998]},"o":{"x":[0.333],"y":[0]},"n":["0p667_0p998_0p333_0"],"t":175,"s":[-3],"e":[0]},{"i":{"x":[0.667],"y":[1]},"o":{"x":[0.333],"y":[0.076]},"n":["0p667_1_0p333_0p076"],"t":176,"s":[0],"e":[0]},{"i":{"x":[0.667],"y":[1]},"o":{"x":[0.333],"y":[0]},"n":["0p667_1_0p333_0"],"t":187,"s":[0],"e":[3]},{"i":{"x":[0.667],"y":[1]},"o":{"x":[0.333],"y":[0]},"n":["0p667_1_0p333_0"],"t":188,"s":[3],"e":[0]},{"i":{"x":[0.667],"y":[1]},"o":{"x":[0.333],"y":[0]},"n":["0p667_1_0p333_0"],"t":189,"s":[0],"e":[-3]},{"i":{"x":[0.667],"y":[0.998]},"o":{"x":[0.333],"y":[0]},"n":["0p667_0p998_0p333_0"],"t":190,"s":[-3],"e":[0]},{"i":{"x":[0.667],"y":[1]},"o":{"x":[0.333],"y":[0.083]},"n":["0p667_1_0p333_0p083"],"t":191,"s":[0],"e":[0]},{"i":{"x":[0.667],"y":[1]},"o":{"x":[0.333],"y":[0]},"n":["0p667_1_0p333_0"],"t":203,"s":[0],"e":[3]},{"i":{"x":[0.667],"y":[1]},"o":{"x":[0.333],"y":[0]},"n":["0p667_1_0p333_0"],"t":204,"s":[3],"e":[0]},{"i":{"x":[0.667],"y":[1]},"o":{"x":[0.333],"y":[0]},"n":["0p667_1_0p333_0"],"t":205,"s":[0],"e":[-3]},{"i":{"x":[0.667],"y":[0.998]},"o":{"x":[0.333],"y":[0]},"n":["0p667_0p998_0p333_0"],"t":206,"s":[-3],"e":[0]},{"i":{"x":[0.667],"y":[1]},"o":{"x":[0.333],"y":[0.014]},"n":["0p667_1_0p333_0p014"],"t":207,"s":[0],"e":[0]},{"i":{"x":[0.667],"y":[1]},"o":{"x":[0.333],"y":[0]},"n":["0p667_1_0p333_0"],"t":209,"s":[0],"e":[3]},{"i":{"x":[0.667],"y":[1]},"o":{"x":[0.333],"y":[0]},"n":["0p667_1_0p333_0"],"t":210,"s":[3],"e":[0]},{"i":{"x":[0.667],"y":[1]},"o":{"x":[0.333],"y":[0]},"n":["0p667_1_0p333_0"],"t":211,"s":[0],"e":[-3]},{"i":{"x":[0.667],"y":[0.998]},"o":{"x":[0.333],"y":[0]},"n":["0p667_0p998_0p333_0"],"t":212,"s":[-3],"e":[0]},{"i":{"x":[0.667],"y":[1]},"o":{"x":[0.333],"y":[0.145]},"n":["0p667_1_0p333_0p145"],"t":213,"s":[0],"e":[0]},{"i":{"x":[0.667],"y":[1]},"o":{"x":[0.333],"y":[0]},"n":["0p667_1_0p333_0"],"t":234,"s":[0],"e":[3]},{"i":{"x":[0.667],"y":[1]},"o":{"x":[0.333],"y":[0]},"n":["0p667_1_0p333_0"],"t":235,"s":[3],"e":[0]},{"i":{"x":[0.667],"y":[1]},"o":{"x":[0.333],"y":[0]},"n":["0p667_1_0p333_0"],"t":236,"s":[0],"e":[-3]},{"i":{"x":[0.667],"y":[0.998]},"o":{"x":[0.333],"y":[0]},"n":["0p667_0p998_0p333_0"],"t":237,"s":[-3],"e":[0]},{"i":{"x":[0.667],"y":[1]},"o":{"x":[0.333],"y":[0.021]},"n":["0p667_1_0p333_0p021"],"t":238,"s":[0],"e":[0]},{"i":{"x":[0.667],"y":[1]},"o":{"x":[0.333],"y":[0]},"n":["0p667_1_0p333_0"],"t":241,"s":[0],"e":[3]},{"i":{"x":[0.667],"y":[1]},"o":{"x":[0.333],"y":[0]},"n":["0p667_1_0p333_0"],"t":242,"s":[3],"e":[0]},{"i":{"x":[0.667],"y":[1]},"o":{"x":[0.333],"y":[0]},"n":["0p667_1_0p333_0"],"t":243,"s":[0],"e":[-3]},{"i":{"x":[0.667],"y":[0.998]},"o":{"x":[0.333],"y":[0]},"n":["0p667_0p998_0p333_0"],"t":244,"s":[-3],"e":[0]},{"i":{"x":[0.667],"y":[1]},"o":{"x":[0.333],"y":[0.138]},"n":["0p667_1_0p333_0p138"],"t":245,"s":[0],"e":[0]},{"i":{"x":[0.667],"y":[1]},"o":{"x":[0.333],"y":[0]},"n":["0p667_1_0p333_0"],"t":265,"s":[0],"e":[3]},{"i":{"x":[0.667],"y":[1]},"o":{"x":[0.333],"y":[0]},"n":["0p667_1_0p333_0"],"t":266,"s":[3],"e":[0]},{"i":{"x":[0.667],"y":[1]},"o":{"x":[0.333],"y":[0]},"n":["0p667_1_0p333_0"],"t":267,"s":[0],"e":[-3]},{"i":{"x":[0.667],"y":[0.998]},"o":{"x":[0.333],"y":[0]},"n":["0p667_0p998_0p333_0"],"t":268,"s":[-3],"e":[0]},{"i":{"x":[0.667],"y":[1]},"o":{"x":[0.333],"y":[0.021]},"n":["0p667_1_0p333_0p021"],"t":269,"s":[0],"e":[0]},{"i":{"x":[0.667],"y":[1]},"o":{"x":[0.333],"y":[0]},"n":["0p667_1_0p333_0"],"t":272,"s":[0],"e":[3]},{"i":{"x":[0.667],"y":[1]},"o":{"x":[0.333],"y":[0]},"n":["0p667_1_0p333_0"],"t":273,"s":[3],"e":[0]},{"i":{"x":[0.667],"y":[1]},"o":{"x":[0.333],"y":[0]},"n":["0p667_1_0p333_0"],"t":274,"s":[0],"e":[-3]},{"i":{"x":[0.667],"y":[0.998]},"o":{"x":[0.333],"y":[0]},"n":["0p667_0p998_0p333_0"],"t":275,"s":[-3],"e":[0]},{"i":{"x":[0.667],"y":[1]},"o":{"x":[0.333],"y":[0.138]},"n":["0p667_1_0p333_0p138"],"t":276,"s":[0],"e":[0]},{"i":{"x":[0.667],"y":[1]},"o":{"x":[0.333],"y":[0]},"n":["0p667_1_0p333_0"],"t":296,"s":[0],"e":[3]},{"i":{"x":[0.667],"y":[1]},"o":{"x":[0.333],"y":[0]},"n":["0p667_1_0p333_0"],"t":297,"s":[3],"e":[0]},{"i":{"x":[0.667],"y":[1]},"o":{"x":[0.333],"y":[0]},"n":["0p667_1_0p333_0"],"t":298,"s":[0],"e":[-3]},{"i":{"x":[0.667],"y":[0.998]},"o":{"x":[0.333],"y":[0]},"n":["0p667_0p998_0p333_0"],"t":299,"s":[-3],"e":[0]},{"i":{"x":[0.667],"y":[1]},"o":{"x":[0.333],"y":[0.021]},"n":["0p667_1_0p333_0p021"],"t":300,"s":[0],"e":[0]},{"i":{"x":[0.667],"y":[1]},"o":{"x":[0.333],"y":[0]},"n":["0p667_1_0p333_0"],"t":303,"s":[0],"e":[3]},{"i":{"x":[0.667],"y":[1]},"o":{"x":[0.333],"y":[0]},"n":["0p667_1_0p333_0"],"t":304,"s":[3],"e":[0]},{"i":{"x":[0.667],"y":[1]},"o":{"x":[0.333],"y":[0]},"n":["0p667_1_0p333_0"],"t":305,"s":[0],"e":[-3]},{"i":{"x":[0.667],"y":[0.998]},"o":{"x":[0.333],"y":[0]},"n":["0p667_0p998_0p333_0"],"t":306,"s":[-3],"e":[0]},{"i":{"x":[0.667],"y":[1]},"o":{"x":[0.333],"y":[0.069]},"n":["0p667_1_0p333_0p069"],"t":307,"s":[0],"e":[0]},{"i":{"x":[0.667],"y":[1]},"o":{"x":[0.333],"y":[0]},"n":["0p667_1_0p333_0"],"t":317,"s":[0],"e":[3]},{"i":{"x":[0.667],"y":[1]},"o":{"x":[0.333],"y":[0]},"n":["0p667_1_0p333_0"],"t":318,"s":[3],"e":[0]},{"i":{"x":[0.667],"y":[1]},"o":{"x":[0.333],"y":[0]},"n":["0p667_1_0p333_0"],"t":319,"s":[0],"e":[-3]},{"i":{"x":[0.667],"y":[0.998]},"o":{"x":[0.333],"y":[0]},"n":["0p667_0p998_0p333_0"],"t":320,"s":[-3],"e":[0]},{"i":{"x":[0.667],"y":[1]},"o":{"x":[0.333],"y":[0.096]},"n":["0p667_1_0p333_0p096"],"t":321,"s":[0],"e":[0]},{"i":{"x":[0.667],"y":[1]},"o":{"x":[0.333],"y":[0]},"n":["0p667_1_0p333_0"],"t":335,"s":[0],"e":[3]},{"i":{"x":[0.667],"y":[1]},"o":{"x":[0.333],"y":[0]},"n":["0p667_1_0p333_0"],"t":336,"s":[3],"e":[0]},{"i":{"x":[0.667],"y":[1]},"o":{"x":[0.333],"y":[0]},"n":["0p667_1_0p333_0"],"t":337,"s":[0],"e":[-3]},{"i":{"x":[0.667],"y":[0.998]},"o":{"x":[0.333],"y":[0]},"n":["0p667_0p998_0p333_0"],"t":338,"s":[-3],"e":[0]},{"i":{"x":[0.667],"y":[1]},"o":{"x":[0.333],"y":[0.062]},"n":["0p667_1_0p333_0p062"],"t":339,"s":[0],"e":[0]},{"i":{"x":[0.667],"y":[1]},"o":{"x":[0.333],"y":[0]},"n":["0p667_1_0p333_0"],"t":348,"s":[0],"e":[3]},{"i":{"x":[0.667],"y":[1]},"o":{"x":[0.333],"y":[0]},"n":["0p667_1_0p333_0"],"t":349,"s":[3],"e":[0]},{"i":{"x":[0.667],"y":[1]},"o":{"x":[0.333],"y":[0]},"n":["0p667_1_0p333_0"],"t":350,"s":[0],"e":[-3]},{"i":{"x":[0.667],"y":[0.998]},"o":{"x":[0.333],"y":[0]},"n":["0p667_0p998_0p333_0"],"t":351,"s":[-3],"e":[0]},{"i":{"x":[0.667],"y":[1]},"o":{"x":[0.333],"y":[0.096]},"n":["0p667_1_0p333_0p096"],"t":352,"s":[0],"e":[0]},{"i":{"x":[0.667],"y":[1]},"o":{"x":[0.333],"y":[0]},"n":["0p667_1_0p333_0"],"t":366,"s":[0],"e":[3]},{"i":{"x":[0.667],"y":[1]},"o":{"x":[0.333],"y":[0]},"n":["0p667_1_0p333_0"],"t":367,"s":[3],"e":[0]},{"i":{"x":[0.667],"y":[1]},"o":{"x":[0.333],"y":[0]},"n":["0p667_1_0p333_0"],"t":368,"s":[0],"e":[-3]},{"i":{"x":[0.667],"y":[0.998]},"o":{"x":[0.333],"y":[0]},"n":["0p667_0p998_0p333_0"],"t":369,"s":[-3],"e":[0]},{"i":{"x":[0.667],"y":[1]},"o":{"x":[0.333],"y":[0.062]},"n":["0p667_1_0p333_0p062"],"t":370,"s":[0],"e":[0]},{"i":{"x":[0.667],"y":[1]},"o":{"x":[0.333],"y":[0]},"n":["0p667_1_0p333_0"],"t":379,"s":[0],"e":[3]},{"i":{"x":[0.667],"y":[1]},"o":{"x":[0.333],"y":[0]},"n":["0p667_1_0p333_0"],"t":380,"s":[3],"e":[0]},{"i":{"x":[0.667],"y":[1]},"o":{"x":[0.333],"y":[0]},"n":["0p667_1_0p333_0"],"t":381,"s":[0],"e":[-3]},{"i":{"x":[0.667],"y":[0.998]},"o":{"x":[0.333],"y":[0]},"n":["0p667_0p998_0p333_0"],"t":382,"s":[-3],"e":[0]},{"t":383}],"ix":10},"p":{"a":1,"k":[{"i":{"x":0.667,"y":0.667},"o":{"x":0.167,"y":0.167},"n":"0p667_0p667_0p167_0p167","t":0,"s":[1000,1000,0],"e":[1000,1000,0],"to":[0,0,0],"ti":[0,0,0]},{"i":{"x":0.667,"y":1},"o":{"x":0.333,"y":0},"n":"0p667_1_0p333_0","t":30,"s":[1000,1000,0],"e":[1010,1000,0],"to":[1.66666662693024,0,0],"ti":[0,0,0]},{"i":{"x":0.667,"y":1},"o":{"x":0.333,"y":0},"n":"0p667_1_0p333_0","t":31,"s":[1010,1000,0],"e":[1000,1000,0],"to":[0,0,0],"ti":[3.33333325386047,0,0]},{"i":{"x":0.667,"y":1},"o":{"x":0.333,"y":0},"n":"0p667_1_0p333_0","t":32,"s":[1000,1000,0],"e":[990,1000,0],"to":[-3.33333325386047,0,0],"ti":[0,0,0]},{"i":{"x":0.667,"y":0.998},"o":{"x":0.333,"y":0},"n":"0p667_0p998_0p333_0","t":33,"s":[990,1000,0],"e":[1000,1000,0],"to":[0,0,0],"ti":[-0.02117110043764,0,0]},{"i":{"x":0.667,"y":1},"o":{"x":0.2,"y":1},"n":"0p667_1_0p2_1","t":34,"s":[1000,1000,0],"e":[1000,1000,0],"to":[0.43356251716614,0,0],"ti":[0,0,0]},{"i":{"x":0.667,"y":1},"o":{"x":0.333,"y":0},"n":"0p667_1_0p333_0","t":62,"s":[1000,1000,0],"e":[1010,1000,0],"to":[1.66666662693024,5.6843418860808e-14,0],"ti":[0,0,0]},{"i":{"x":0.667,"y":1},"o":{"x":0.333,"y":0},"n":"0p667_1_0p333_0","t":63,"s":[1010,1000,0],"e":[1000,1000,0],"to":[0,0,0],"ti":[3.33333325386047,0,0]},{"i":{"x":0.667,"y":1},"o":{"x":0.333,"y":0},"n":"0p667_1_0p333_0","t":64,"s":[1000,1000,0],"e":[990,1000,0],"to":[-3.33333325386047,0,0],"ti":[0,0,0]},{"i":{"x":0.667,"y":0.998},"o":{"x":0.333,"y":0},"n":"0p667_0p998_0p333_0","t":65,"s":[990,1000,0],"e":[1000,1000,0],"to":[0,0,0],"ti":[-0.02117110043764,0,0]},{"i":{"x":0.667,"y":1},"o":{"x":0.207,"y":1},"n":"0p667_1_0p207_1","t":66,"s":[1000,1000,0],"e":[1000,1000,0],"to":[0.43356251716614,0,0],"ti":[0,0,0]},{"i":{"x":0.667,"y":1},"o":{"x":0.333,"y":0},"n":"0p667_1_0p333_0","t":93,"s":[1000,1000,0],"e":[1010,1000,0],"to":[1.66666662693024,5.6843418860808e-14,0],"ti":[0,0,0]},{"i":{"x":0.667,"y":1},"o":{"x":0.333,"y":0},"n":"0p667_1_0p333_0","t":94,"s":[1010,1000,0],"e":[1000,1000,0],"to":[0,0,0],"ti":[3.33333325386047,0,0]},{"i":{"x":0.667,"y":1},"o":{"x":0.333,"y":0},"n":"0p667_1_0p333_0","t":95,"s":[1000,1000,0],"e":[990,1000,0],"to":[-3.33333325386047,0,0],"ti":[0,0,0]},{"i":{"x":0.667,"y":0.998},"o":{"x":0.333,"y":0},"n":"0p667_0p998_0p333_0","t":96,"s":[990,1000,0],"e":[1000,1000,0],"to":[0,0,0],"ti":[-0.02117110043764,0,0]},{"i":{"x":0.667,"y":1},"o":{"x":0.207,"y":1},"n":"0p667_1_0p207_1","t":97,"s":[1000,1000,0],"e":[1000,1000,0],"to":[0.43356251716614,0,0],"ti":[0,0,0]},{"i":{"x":0.667,"y":1},"o":{"x":0.333,"y":0},"n":"0p667_1_0p333_0","t":124,"s":[1000,1000,0],"e":[1010,1000,0],"to":[1.66666662693024,5.6843418860808e-14,0],"ti":[0,0,0]},{"i":{"x":0.667,"y":1},"o":{"x":0.333,"y":0},"n":"0p667_1_0p333_0","t":125,"s":[1010,1000,0],"e":[1000,1000,0],"to":[0,0,0],"ti":[3.33333325386047,0,0]},{"i":{"x":0.667,"y":1},"o":{"x":0.333,"y":0},"n":"0p667_1_0p333_0","t":126,"s":[1000,1000,0],"e":[990,1000,0],"to":[-3.33333325386047,0,0],"ti":[0,0,0]},{"i":{"x":0.667,"y":0.998},"o":{"x":0.333,"y":0},"n":"0p667_0p998_0p333_0","t":127,"s":[990,1000,0],"e":[1000,1000,0],"to":[0,0,0],"ti":[-0.02117110043764,0,0]},{"i":{"x":0.667,"y":1},"o":{"x":0.2,"y":1},"n":"0p667_1_0p2_1","t":128,"s":[1000,1000,0],"e":[1000,1000,0],"to":[0.43356251716614,0,0],"ti":[0,0,0]},{"i":{"x":0.667,"y":1},"o":{"x":0.333,"y":0},"n":"0p667_1_0p333_0","t":156,"s":[1000,1000,0],"e":[1010,1000,0],"to":[1.66666662693024,5.6843418860808e-14,0],"ti":[0,0,0]},{"i":{"x":0.667,"y":1},"o":{"x":0.333,"y":0},"n":"0p667_1_0p333_0","t":157,"s":[1010,1000,0],"e":[1000,1000,0],"to":[0,0,0],"ti":[3.33333325386047,0,0]},{"i":{"x":0.667,"y":1},"o":{"x":0.333,"y":0},"n":"0p667_1_0p333_0","t":158,"s":[1000,1000,0],"e":[990,1000,0],"to":[-3.33333325386047,0,0],"ti":[0,0,0]},{"i":{"x":0.667,"y":0.998},"o":{"x":0.333,"y":0},"n":"0p667_0p998_0p333_0","t":159,"s":[990,1000,0],"e":[1000,1000,0],"to":[0,0,0],"ti":[-0.02117110043764,0,0]},{"i":{"x":0.667,"y":1},"o":{"x":0.207,"y":1},"n":"0p667_1_0p207_1","t":160,"s":[1000,1000,0],"e":[1000,1000,0],"to":[0.43356251716614,0,0],"ti":[0,0,0]},{"i":{"x":0.667,"y":1},"o":{"x":0.333,"y":0},"n":"0p667_1_0p333_0","t":187,"s":[1000,1000,0],"e":[1010,1000,0],"to":[1.66666662693024,5.6843418860808e-14,0],"ti":[0,0,0]},{"i":{"x":0.667,"y":1},"o":{"x":0.333,"y":0},"n":"0p667_1_0p333_0","t":188,"s":[1010,1000,0],"e":[1000,1000,0],"to":[0,0,0],"ti":[3.33333325386047,0,0]},{"i":{"x":0.667,"y":1},"o":{"x":0.333,"y":0},"n":"0p667_1_0p333_0","t":189,"s":[1000,1000,0],"e":[990,1000,0],"to":[-3.33333325386047,0,0],"ti":[0,0,0]},{"i":{"x":0.667,"y":0.998},"o":{"x":0.333,"y":0},"n":"0p667_0p998_0p333_0","t":190,"s":[990,1000,0],"e":[1000,1000,0],"to":[0,0,0],"ti":[-0.02117110043764,0,0]},{"i":{"x":0.667,"y":1},"o":{"x":0.311,"y":1},"n":"0p667_1_0p311_1","t":191,"s":[1000,1000,0],"e":[1000,1000,0],"to":[0.43356251716614,0,0],"ti":[0,0,0]},{"i":{"x":0.667,"y":1},"o":{"x":0.333,"y":0},"n":"0p667_1_0p333_0","t":209,"s":[1000,1000,0],"e":[1010,1000,0],"to":[1.66666662693024,5.6843418860808e-14,0],"ti":[0,0,0]},{"i":{"x":0.667,"y":1},"o":{"x":0.333,"y":0},"n":"0p667_1_0p333_0","t":210,"s":[1010,1000,0],"e":[1000,1000,0],"to":[0,0,0],"ti":[3.33333325386047,0,0]},{"i":{"x":0.667,"y":1},"o":{"x":0.333,"y":0},"n":"0p667_1_0p333_0","t":211,"s":[1000,1000,0],"e":[990,1000,0],"to":[-3.33333325386047,0,0],"ti":[0,0,0]},{"i":{"x":0.667,"y":0.998},"o":{"x":0.333,"y":0},"n":"0p667_0p998_0p333_0","t":212,"s":[990,1000,0],"e":[1000,1000,0],"to":[0,0,0],"ti":[-0.02117110043764,0,0]},{"i":{"x":0.667,"y":1},"o":{"x":0.2,"y":1},"n":"0p667_1_0p2_1","t":213,"s":[1000,1000,0],"e":[1000,1000,0],"to":[0.43356251716614,0,0],"ti":[0,0,0]},{"i":{"x":0.667,"y":1},"o":{"x":0.333,"y":0},"n":"0p667_1_0p333_0","t":241,"s":[1000,1000,0],"e":[1010,1000,0],"to":[1.66666662693024,5.6843418860808e-14,0],"ti":[0,0,0]},{"i":{"x":0.667,"y":1},"o":{"x":0.333,"y":0},"n":"0p667_1_0p333_0","t":242,"s":[1010,1000,0],"e":[1000,1000,0],"to":[0,0,0],"ti":[3.33333325386047,0,0]},{"i":{"x":0.667,"y":1},"o":{"x":0.333,"y":0},"n":"0p667_1_0p333_0","t":243,"s":[1000,1000,0],"e":[990,1000,0],"to":[-3.33333325386047,0,0],"ti":[0,0,0]},{"i":{"x":0.667,"y":0.998},"o":{"x":0.333,"y":0},"n":"0p667_0p998_0p333_0","t":244,"s":[990,1000,0],"e":[1000,1000,0],"to":[0,0,0],"ti":[-0.02117110043764,0,0]},{"i":{"x":0.667,"y":1},"o":{"x":0.207,"y":1},"n":"0p667_1_0p207_1","t":245,"s":[1000,1000,0],"e":[1000,1000,0],"to":[0.43356251716614,0,0],"ti":[0,0,0]},{"i":{"x":0.667,"y":1},"o":{"x":0.333,"y":0},"n":"0p667_1_0p333_0","t":272,"s":[1000,1000,0],"e":[1010,1000,0],"to":[1.66666662693024,5.6843418860808e-14,0],"ti":[0,0,0]},{"i":{"x":0.667,"y":1},"o":{"x":0.333,"y":0},"n":"0p667_1_0p333_0","t":273,"s":[1010,1000,0],"e":[1000,1000,0],"to":[0,0,0],"ti":[3.33333325386047,0,0]},{"i":{"x":0.667,"y":1},"o":{"x":0.333,"y":0},"n":"0p667_1_0p333_0","t":274,"s":[1000,1000,0],"e":[990,1000,0],"to":[-3.33333325386047,0,0],"ti":[0,0,0]},{"i":{"x":0.667,"y":0.998},"o":{"x":0.333,"y":0},"n":"0p667_0p998_0p333_0","t":275,"s":[990,1000,0],"e":[1000,1000,0],"to":[0,0,0],"ti":[-0.02117110043764,0,0]},{"i":{"x":0.667,"y":1},"o":{"x":0.207,"y":1},"n":"0p667_1_0p207_1","t":276,"s":[1000,1000,0],"e":[1000,1000,0],"to":[0.43356251716614,0,0],"ti":[0,0,0]},{"i":{"x":0.667,"y":1},"o":{"x":0.333,"y":0},"n":"0p667_1_0p333_0","t":303,"s":[1000,1000,0],"e":[1010,1000,0],"to":[1.66666662693024,5.6843418860808e-14,0],"ti":[0,0,0]},{"i":{"x":0.667,"y":1},"o":{"x":0.333,"y":0},"n":"0p667_1_0p333_0","t":304,"s":[1010,1000,0],"e":[1000,1000,0],"to":[0,0,0],"ti":[3.33333325386047,0,0]},{"i":{"x":0.667,"y":1},"o":{"x":0.333,"y":0},"n":"0p667_1_0p333_0","t":305,"s":[1000,1000,0],"e":[990,1000,0],"to":[-3.33333325386047,0,0],"ti":[0,0,0]},{"i":{"x":0.667,"y":0.998},"o":{"x":0.333,"y":0},"n":"0p667_0p998_0p333_0","t":306,"s":[990,1000,0],"e":[1000,1000,0],"to":[0,0,0],"ti":[-0.02117110043764,0,0]},{"i":{"x":0.667,"y":1},"o":{"x":0.2,"y":1},"n":"0p667_1_0p2_1","t":307,"s":[1000,1000,0],"e":[1000,1000,0],"to":[0.43356251716614,0,0],"ti":[0,0,0]},{"i":{"x":0.667,"y":1},"o":{"x":0.333,"y":0},"n":"0p667_1_0p333_0","t":335,"s":[1000,1000,0],"e":[1010,1000,0],"to":[1.66666662693024,5.6843418860808e-14,0],"ti":[0,0,0]},{"i":{"x":0.667,"y":1},"o":{"x":0.333,"y":0},"n":"0p667_1_0p333_0","t":336,"s":[1010,1000,0],"e":[1000,1000,0],"to":[0,0,0],"ti":[3.33333325386047,0,0]},{"i":{"x":0.667,"y":1},"o":{"x":0.333,"y":0},"n":"0p667_1_0p333_0","t":337,"s":[1000,1000,0],"e":[990,1000,0],"to":[-3.33333325386047,0,0],"ti":[0,0,0]},{"i":{"x":0.667,"y":0.998},"o":{"x":0.333,"y":0},"n":"0p667_0p998_0p333_0","t":338,"s":[990,1000,0],"e":[1000,1000,0],"to":[0,0,0],"ti":[-0.02117110043764,0,0]},{"i":{"x":0.667,"y":1},"o":{"x":0.207,"y":1},"n":"0p667_1_0p207_1","t":339,"s":[1000,1000,0],"e":[1000,1000,0],"to":[0.43356251716614,0,0],"ti":[0,0,0]},{"i":{"x":0.667,"y":1},"o":{"x":0.333,"y":0},"n":"0p667_1_0p333_0","t":366,"s":[1000,1000,0],"e":[1010,1000,0],"to":[1.66666662693024,5.6843418860808e-14,0],"ti":[0,0,0]},{"i":{"x":0.667,"y":1},"o":{"x":0.333,"y":0},"n":"0p667_1_0p333_0","t":367,"s":[1010,1000,0],"e":[1000,1000,0],"to":[0,0,0],"ti":[3.33333325386047,0,0]},{"i":{"x":0.667,"y":1},"o":{"x":0.333,"y":0},"n":"0p667_1_0p333_0","t":368,"s":[1000,1000,0],"e":[990,1000,0],"to":[-3.33333325386047,0,0],"ti":[0,0,0]},{"i":{"x":0.667,"y":0.998},"o":{"x":0.333,"y":0},"n":"0p667_0p998_0p333_0","t":369,"s":[990,1000,0],"e":[1000,1000,0],"to":[0,0,0],"ti":[-0.02117110043764,0,0]},{"t":370}],"ix":2},"a":{"a":0,"k":[540,540,0],"ix":1},"s":{"a":0,"k":[100,100,100],"ix":6}},"ao":0,"w":1080,"h":1080,"ip":0,"op":600,"st":0,"bm":0},{"ddd":0,"ind":2,"ty":0,"nm":"Six coins falling left","refId":"comp_2","sr":1,"ks":{"o":{"a":0,"k":100,"ix":11},"r":{"a":0,"k":0,"ix":10},"p":{"a":0,"k":[500,1000,0],"ix":2},"a":{"a":0,"k":[1500,1500,0],"ix":1},"s":{"a":0,"k":[100,100,100],"ix":6}},"ao":0,"w":3000,"h":3000,"ip":110,"op":615,"st":110,"bm":0},{"ddd":0,"ind":3,"ty":0,"nm":"Three falling coins","refId":"comp_3","sr":1,"ks":{"o":{"a":0,"k":100,"ix":11},"r":{"a":0,"k":0,"ix":10},"p":{"a":0,"k":[490,640,0],"ix":2},"a":{"a":0,"k":[1500,1500,0],"ix":1},"s":{"a":0,"k":[100,100,100],"ix":6}},"ao":0,"w":3000,"h":3000,"ip":286,"op":793,"st":286,"bm":0},{"ddd":0,"ind":4,"ty":0,"nm":"Six coins falling right 2","refId":"comp_2","sr":1,"ks":{"o":{"a":0,"k":100,"ix":11},"r":{"a":0,"k":0,"ix":10},"p":{"a":0,"k":[970,640,0],"ix":2},"a":{"a":0,"k":[1500,1500,0],"ix":1},"s":{"a":0,"k":[100,100,100],"ix":6}},"ao":0,"w":3000,"h":3000,"ip":178,"op":610,"st":178,"bm":0},{"ddd":0,"ind":5,"ty":0,"nm":"Six coins falling right","refId":"comp_2","sr":1,"ks":{"o":{"a":0,"k":100,"ix":11},"r":{"a":0,"k":0,"ix":10},"p":{"a":0,"k":[1000,1000,0],"ix":2},"a":{"a":0,"k":[1500,1500,0],"ix":1},"s":{"a":0,"k":[100,100,100],"ix":6}},"ao":0,"w":3000,"h":3000,"ip":0,"op":600,"st":0,"bm":0}]},{"id":"comp_1","layers":[{"ddd":0,"ind":1,"ty":4,"nm":"Rupee","sr":1,"ks":{"o":{"a":0,"k":100,"ix":11},"r":{"a":0,"k":0,"ix":10},"p":{"a":0,"k":[540.294,545.737,0],"ix":2},"a":{"a":0,"k":[25.5,27.5,0],"ix":1},"s":{"a":0,"k":[1541.512,1541.512,100],"ix":6}},"ao":0,"shapes":[{"ty":"gr","it":[{"ind":0,"ty":"sh","ix":1,"ks":{"a":0,"k":{"i":[[0,-0.285],[0.283,0],[0,0],[-0.104,-0.148],[-0.088,-0.552],[0,0],[0,-0.285],[0.283,0],[0,0],[0.064,-0.194],[0.988,-0.308],[0.803,-0.001],[0,0],[0.188,-0.212],[0.142,0],[0.098,0.088],[0,0],[-0.08,0.202],[-0.214,-0.012],[0,0],[-1.012,0.314],[-0.212,0.637],[-0.019,0.089],[0,0],[0,0.285],[-0.283,0],[0,0],[0.212,0.299],[0.762,0],[0,0],[0,0.285],[-0.283,0],[0,0],[0,0]],"o":[[0,0.285],[0,0],[0.125,0.128],[0.339,0.477],[0,0],[0.283,0],[0,0.285],[0,0],[-0.029,0.201],[-0.32,0.961],[-0.79,0.246],[0,0],[0.211,0.189],[-0.102,0.116],[-0.12,0],[0,0],[-0.161,-0.144],[0.08,-0.202],[0,0],[1.094,0.039],[0.665,-0.207],[0.029,-0.087],[0,0],[-0.283,0],[0,-0.285],[0,0],[-0.076,-0.338],[-0.448,-0.632],[0,0],[-0.283,0],[0,-0.285],[0,0],[0,0],[0.283,0]],"v":[[4.413,-5.757],[3.901,-5.24],[1.092,-5.24],[1.439,-4.831],[2.083,-3.262],[3.901,-3.262],[4.413,-2.745],[3.901,-2.229],[2.089,-2.229],[1.956,-1.633],[-0.073,0.333],[-2.476,0.641],[2.786,5.372],[2.828,6.1],[2.445,6.273],[2.106,6.143],[-4.198,0.475],[-4.333,-0.103],[-3.842,-0.426],[-3.611,-0.419],[-0.374,-0.654],[0.987,-1.964],[1.058,-2.229],[-3.858,-2.229],[-4.37,-2.745],[-3.858,-3.262],[1.038,-3.262],[0.608,-4.23],[-1.327,-5.24],[-3.858,-5.24],[-4.37,-5.757],[-3.858,-6.273],[-1.327,-6.273],[3.901,-6.273]],"c":true},"ix":2},"nm":"Path 1","mn":"ADBE Vector Shape - Group","hd":false},{"ty":"st","c":{"a":0,"k":[0.866666734219,0.654901981354,0.145098045468,1],"ix":3},"o":{"a":0,"k":100,"ix":4},"w":{"a":0,"k":0.5,"ix":5},"lc":1,"lj":1,"ml":10,"ml2":{"a":0,"k":10,"ix":8},"bm":0,"nm":"Stroke 1","mn":"ADBE Vector Graphic - Stroke","hd":false},{"ty":"fl","c":{"a":0,"k":[0.866666734219,0.654901981354,0.145098045468,1],"ix":4},"o":{"a":0,"k":100,"ix":5},"r":1,"bm":0,"nm":"Fill 1","mn":"ADBE Vector Graphic - Fill","hd":false},{"ty":"tr","p":{"a":0,"k":[25.459,27.128],"ix":2},"a":{"a":0,"k":[0,0],"ix":1},"s":{"a":0,"k":[100,100],"ix":3},"r":{"a":0,"k":0,"ix":6},"o":{"a":0,"k":100,"ix":7},"sk":{"a":0,"k":0,"ix":4},"sa":{"a":0,"k":0,"ix":5},"nm":"Transform"}],"nm":"Group 1","np":3,"cix":2,"bm":0,"ix":1,"mn":"ADBE Vector Group","hd":false},{"ty":"gr","it":[{"ind":0,"ty":"sh","ix":1,"ks":{"a":0,"k":{"i":[[0,-6.559],[6.559,0],[0,6.559],[-6.559,0]],"o":[[0,6.559],[-6.559,0],[0,-6.559],[6.559,0]],"v":[[11.876,0.001],[-0.001,11.876],[-11.876,0.001],[-0.001,-11.876]],"c":true},"ix":2},"nm":"Path 1","mn":"ADBE Vector Shape - Group","hd":false},{"ty":"st","c":{"a":0,"k":[0.866666734219,0.654901981354,0.145098045468,1],"ix":3},"o":{"a":0,"k":100,"ix":4},"w":{"a":0,"k":1.5,"ix":5},"lc":1,"lj":1,"ml":4,"ml2":{"a":0,"k":4,"ix":8},"bm":0,"nm":"Stroke 1","mn":"ADBE Vector Graphic - Stroke","hd":false},{"ty":"fl","c":{"a":0,"k":[1,0.886274576187,0.35686275363,1],"ix":4},"o":{"a":0,"k":100,"ix":5},"r":1,"bm":0,"nm":"Fill 1","mn":"ADBE Vector Graphic - Fill","hd":false},{"ty":"tr","p":{"a":0,"k":[25.481,27.128],"ix":2},"a":{"a":0,"k":[0,0],"ix":1},"s":{"a":0,"k":[100,100],"ix":3},"r":{"a":0,"k":0,"ix":6},"o":{"a":0,"k":100,"ix":7},"sk":{"a":0,"k":0,"ix":4},"sa":{"a":0,"k":0,"ix":5},"nm":"Transform"}],"nm":"Group 2","np":3,"cix":2,"bm":0,"ix":2,"mn":"ADBE Vector Group","hd":false}],"ip":0,"op":604,"st":0,"bm":0},{"ddd":0,"ind":2,"ty":4,"nm":"Main coin","sr":1,"ks":{"o":{"a":0,"k":100,"ix":11},"r":{"a":0,"k":0,"ix":10},"p":{"a":0,"k":[540,541.539,0],"ix":2},"a":{"a":0,"k":[0,0,0],"ix":1},"s":{"a":0,"k":[100,100,100],"ix":6}},"ao":0,"shapes":[{"ty":"gr","it":[{"d":1,"ty":"el","s":{"a":0,"k":[474.984,474.984],"ix":2},"p":{"a":0,"k":[0,0],"ix":3},"nm":"Ellipse Path 1","mn":"ADBE Vector Shape - Ellipse","hd":false},{"ty":"fl","c":{"a":0,"k":[1,0.884408771992,0.35670953989,1],"ix":4},"o":{"a":0,"k":100,"ix":5},"r":1,"bm":0,"nm":"Fill 1","mn":"ADBE Vector Graphic - Fill","hd":false},{"ty":"tr","p":{"a":0,"k":[0,-1.539],"ix":2},"a":{"a":0,"k":[0,0],"ix":1},"s":{"a":0,"k":[100,100],"ix":3},"r":{"a":0,"k":0,"ix":6},"o":{"a":0,"k":100,"ix":7},"sk":{"a":0,"k":0,"ix":4},"sa":{"a":0,"k":0,"ix":5},"nm":"Transform"}],"nm":"Ellipse 1","np":3,"cix":2,"bm":0,"ix":1,"mn":"ADBE Vector Group","hd":false}],"ip":0,"op":604,"st":0,"bm":0}]},{"id":"comp_2","layers":[{"ddd":0,"ind":1,"ty":0,"nm":"Three falling coins","refId":"comp_3","sr":1,"ks":{"o":{"a":0,"k":100,"ix":11},"r":{"a":0,"k":0,"ix":10},"p":{"a":0,"k":[1500,1320,0],"ix":2},"a":{"a":0,"k":[1500,1500,0],"ix":1},"s":{"a":0,"k":[100,100,100],"ix":6}},"ao":0,"w":3000,"h":3000,"ip":93,"op":600,"st":93,"bm":0},{"ddd":0,"ind":2,"ty":0,"nm":"Three falling coins","refId":"comp_3","sr":1,"ks":{"o":{"a":0,"k":100,"ix":11},"r":{"a":0,"k":0,"ix":10},"p":{"a":0,"k":[1500,1500,0],"ix":2},"a":{"a":0,"k":[1500,1500,0],"ix":1},"s":{"a":0,"k":[100,100,100],"ix":6}},"ao":0,"w":3000,"h":3000,"ip":0,"op":600,"st":0,"bm":0}]},{"id":"comp_3","layers":[{"ddd":0,"ind":1,"ty":0,"nm":"Resting coin 3","refId":"comp_4","sr":1,"ks":{"o":{"a":1,"k":[{"i":{"x":[0.667],"y":[1]},"o":{"x":[0.333],"y":[0]},"n":["0p667_1_0p333_0"],"t":92,"s":[0],"e":[100]},{"t":93}],"ix":11},"r":{"a":0,"k":0,"ix":10},"p":{"a":1,"k":[{"i":{"x":0.667,"y":1},"o":{"x":0.333,"y":0},"n":"0p667_1_0p333_0","t":93,"s":[1500,1380,0],"e":[1508,1340,0],"to":[1.33333337306976,-6.66666650772095,0],"ti":[0,0,0]},{"i":{"x":0.667,"y":1},"o":{"x":0.333,"y":0},"n":"0p667_1_0p333_0","t":95,"s":[1508,1340,0],"e":[1500,1380,0],"to":[0,0,0],"ti":[1.33333337306976,-6.66666650772095,0]},{"t":97}],"ix":2},"a":{"a":0,"k":[1500,1500,0],"ix":1},"s":{"a":0,"k":[100,100,100],"ix":6}},"ao":0,"w":3000,"h":3000,"ip":0,"op":600,"st":0,"bm":0},{"ddd":0,"ind":2,"ty":0,"nm":"Resting coin 2","refId":"comp_4","sr":1,"ks":{"o":{"a":1,"k":[{"i":{"x":[0.833],"y":[0.833]},"o":{"x":[0.167],"y":[0.167]},"n":["0p833_0p833_0p167_0p167"],"t":61,"s":[0],"e":[100]},{"t":62}],"ix":11},"r":{"a":0,"k":0,"ix":10},"p":{"a":1,"k":[{"i":{"x":0.667,"y":1},"o":{"x":0.333,"y":0},"n":"0p667_1_0p333_0","t":62,"s":[1500,1440,0],"e":[1500,1400,0],"to":[0,-6.66666650772095,0],"ti":[0,0,0]},{"i":{"x":0.667,"y":1},"o":{"x":0.333,"y":0},"n":"0p667_1_0p333_0","t":64,"s":[1500,1400,0],"e":[1500,1440,0],"to":[0,0,0],"ti":[0,-6.66666650772095,0]},{"t":66}],"ix":2},"a":{"a":0,"k":[1500,1500,0],"ix":1},"s":{"a":0,"k":[100,100,100],"ix":6}},"ao":0,"w":3000,"h":3000,"ip":0,"op":600,"st":0,"bm":0},{"ddd":0,"ind":3,"ty":0,"nm":"Resting coin 1","refId":"comp_4","sr":1,"ks":{"o":{"a":1,"k":[{"i":{"x":[0.833],"y":[0.833]},"o":{"x":[0.167],"y":[0.167]},"n":["0p833_0p833_0p167_0p167"],"t":30,"s":[0],"e":[100]},{"t":31}],"ix":11},"r":{"a":0,"k":0,"ix":10},"p":{"a":1,"k":[{"i":{"x":0.667,"y":1},"o":{"x":0.333,"y":0},"n":"0p667_1_0p333_0","t":31,"s":[1500,1500,0],"e":[1500,1440,0],"to":[0,-10,0],"ti":[0,0,0]},{"i":{"x":0.667,"y":1},"o":{"x":0.333,"y":0},"n":"0p667_1_0p333_0","t":33,"s":[1500,1440,0],"e":[1500,1500,0],"to":[0,0,0],"ti":[0,-10,0]},{"t":35}],"ix":2},"a":{"a":0,"k":[1500,1500,0],"ix":1},"s":{"a":0,"k":[100,100,100],"ix":6}},"ao":0,"w":3000,"h":3000,"ip":0,"op":600,"st":0,"bm":0},{"ddd":0,"ind":4,"ty":0,"nm":"Coin falling 3","refId":"comp_5","sr":1,"ks":{"o":{"a":0,"k":100,"ix":11},"r":{"a":0,"k":90,"ix":10},"p":{"a":1,"k":[{"i":{"x":0.833,"y":0.833},"o":{"x":0.167,"y":0.167},"n":"0p833_0p833_0p167_0p167","t":62,"s":[1750,-380,0],"e":[1750,1600,0],"to":[0,330,0],"ti":[0,-330,0]},{"t":93}],"ix":2},"a":{"a":0,"k":[540,540,0],"ix":1},"s":{"a":0,"k":[100,100,100],"ix":6}},"ao":0,"w":1080,"h":1080,"ip":62,"op":93,"st":62,"bm":0},{"ddd":0,"ind":5,"ty":0,"nm":"Coin falling 2","refId":"comp_5","sr":1,"ks":{"o":{"a":0,"k":100,"ix":11},"r":{"a":1,"k":[{"i":{"x":[0.833],"y":[0.833]},"o":{"x":[0.167],"y":[0.167]},"n":["0p833_0p833_0p167_0p167"],"t":62,"s":[90],"e":[90]},{"t":93}],"ix":10},"p":{"a":1,"k":[{"i":{"x":0.833,"y":0.833},"o":{"x":0.167,"y":0.167},"n":"0p833_0p833_0p167_0p167","t":31,"s":[1750,-380,0],"e":[1750,1380,0],"to":[0,293.333343505859,0],"ti":[0,-338.333343505859,0]},{"i":{"x":0.833,"y":0.833},"o":{"x":0.167,"y":0.167},"n":"0p833_0p833_0p167_0p167","t":62,"s":[1750,1380,0],"e":[1750,1650,0],"to":[0,338.333343505859,0],"ti":[0,-45,0]},{"t":93}],"ix":2},"a":{"a":0,"k":[540,540,0],"ix":1},"s":{"a":0,"k":[100,100,100],"ix":6}},"ao":0,"w":1080,"h":1080,"ip":31,"op":62,"st":31,"bm":0},{"ddd":0,"ind":6,"ty":0,"nm":"Coin falling 1","refId":"comp_5","sr":1,"ks":{"o":{"a":0,"k":100,"ix":11},"r":{"a":0,"k":90,"ix":10},"p":{"a":1,"k":[{"i":{"x":0.833,"y":0.833},"o":{"x":0.167,"y":0.167},"n":"0p833_0p833_0p167_0p167","t":0,"s":[1750,-300,0],"e":[1750,1700,0],"to":[0,333.333343505859,0],"ti":[0,-333.333343505859,0]},{"t":31}],"ix":2},"a":{"a":0,"k":[540,540,0],"ix":1},"s":{"a":0,"k":[100,100,100],"ix":6}},"ao":0,"w":1080,"h":1080,"ip":0,"op":31,"st":0,"bm":0}]},{"id":"comp_4","layers":[{"ddd":0,"ind":1,"ty":4,"nm":"Resting coin 2","td":1,"sr":1,"ks":{"o":{"a":0,"k":100,"ix":11},"r":{"a":0,"k":90,"ix":10},"p":{"a":0,"k":[1753.777,1706.73,0],"ix":2},"a":{"a":0,"k":[0,0,0],"ix":1},"s":{"a":0,"k":[20.106,164.521,100],"ix":6}},"ao":0,"shapes":[{"ty":"gr","it":[{"ty":"rc","d":1,"s":{"a":0,"k":[124.336,124.336],"ix":2},"p":{"a":0,"k":[0,0],"ix":3},"r":{"a":0,"k":0,"ix":4},"nm":"Rectangle Path 1","mn":"ADBE Vector Shape - Rect","hd":false},{"ty":"fl","c":{"a":0,"k":[0.868458926678,0.655174672604,0.143745362759,1],"ix":4},"o":{"a":0,"k":100,"ix":5},"r":1,"bm":0,"nm":"Fill 1","mn":"ADBE Vector Graphic - Fill","hd":false},{"ty":"tr","p":{"a":0,"k":[-1.777,-0.73],"ix":2},"a":{"a":0,"k":[0,0],"ix":1},"s":{"a":0,"k":[230.691,230.691],"ix":3},"r":{"a":0,"k":0,"ix":6},"o":{"a":0,"k":100,"ix":7},"sk":{"a":0,"k":0,"ix":4},"sa":{"a":0,"k":0,"ix":5},"nm":"Transform"}],"nm":"Rectangle 1","np":3,"cix":2,"bm":0,"ix":1,"mn":"ADBE Vector Group","hd":false}],"ip":0,"op":604,"st":0,"bm":0},{"ddd":0,"ind":2,"ty":4,"nm":"Lines","tt":1,"sr":1,"ks":{"o":{"a":0,"k":100,"ix":11},"r":{"a":0,"k":0,"ix":10},"p":{"a":0,"k":[900,1500,0],"ix":2},"a":{"a":0,"k":[0,0,0],"ix":1},"s":{"a":0,"k":[100,100,100],"ix":6}},"ao":0,"shapes":[{"ty":"gr","it":[{"ind":0,"ty":"sh","ix":1,"ks":{"a":0,"k":{"i":[[0,-200],[0,0]],"o":[[0,200],[0,0]],"v":[[564,-356],[564,-58]],"c":false},"ix":2},"nm":"Path 1","mn":"ADBE Vector Shape - Group","hd":false},{"ty":"st","c":{"a":0,"k":[0.686274528503,0.486274510622,0.007843137719,1],"ix":3},"o":{"a":0,"k":100,"ix":4},"w":{"a":0,"k":2,"ix":5},"lc":1,"lj":1,"ml":4,"ml2":{"a":0,"k":4,"ix":8},"bm":0,"nm":"Stroke 1","mn":"ADBE Vector Graphic - Stroke","hd":false},{"ty":"rp","c":{"a":0,"k":10,"ix":1},"o":{"a":0,"k":0,"ix":2},"m":1,"ix":4,"tr":{"ty":"tr","p":{"a":0,"k":[51,0],"ix":2},"a":{"a":0,"k":[0,0],"ix":1},"s":{"a":0,"k":[100,100],"ix":3},"r":{"a":0,"k":0,"ix":4},"so":{"a":0,"k":100,"ix":5},"eo":{"a":0,"k":100,"ix":6},"nm":"Transform"},"nm":"Repeater 1","mn":"ADBE Vector Filter - Repeater","hd":false},{"ty":"tr","p":{"a":0,"k":[144.562,-0.453],"ix":2},"a":{"a":0,"k":[96.562,-412.453],"ix":1},"s":{"a":0,"k":[100,100],"ix":3},"r":{"a":0,"k":0,"ix":6},"o":{"a":0,"k":100,"ix":7},"sk":{"a":0,"k":0,"ix":4},"sa":{"a":0,"k":0,"ix":5},"nm":"Transform"}],"nm":"Shape 1","np":4,"cix":2,"bm":0,"ix":1,"mn":"ADBE Vector Group","hd":false}],"ip":0,"op":604,"st":0,"bm":0},{"ddd":0,"ind":3,"ty":4,"nm":"Resting coin","sr":1,"ks":{"o":{"a":0,"k":100,"ix":11},"r":{"a":0,"k":90,"ix":10},"p":{"a":0,"k":[1753.777,1706.73,0],"ix":2},"a":{"a":0,"k":[0,0,0],"ix":1},"s":{"a":0,"k":[20.106,164.521,100],"ix":6}},"ao":0,"shapes":[{"ty":"gr","it":[{"ty":"rc","d":1,"s":{"a":0,"k":[124.336,124.336],"ix":2},"p":{"a":0,"k":[0,0],"ix":3},"r":{"a":0,"k":0,"ix":4},"nm":"Rectangle Path 1","mn":"ADBE Vector Shape - Rect","hd":false},{"ty":"fl","c":{"a":0,"k":[0.868458926678,0.655174672604,0.143745362759,1],"ix":4},"o":{"a":0,"k":100,"ix":5},"r":1,"bm":0,"nm":"Fill 1","mn":"ADBE Vector Graphic - Fill","hd":false},{"ty":"tr","p":{"a":0,"k":[-1.777,-0.73],"ix":2},"a":{"a":0,"k":[0,0],"ix":1},"s":{"a":0,"k":[230.691,230.691],"ix":3},"r":{"a":0,"k":0,"ix":6},"o":{"a":0,"k":100,"ix":7},"sk":{"a":0,"k":0,"ix":4},"sa":{"a":0,"k":0,"ix":5},"nm":"Transform"}],"nm":"Rectangle 1","np":3,"cix":2,"bm":0,"ix":1,"mn":"ADBE Vector Group","hd":false}],"ip":0,"op":604,"st":0,"bm":0}]},{"id":"comp_5","layers":[{"ddd":0,"ind":1,"ty":4,"nm":"rupee back 2","sr":1,"ks":{"o":{"a":1,"k":[{"i":{"x":[0.833],"y":[0.833]},"o":{"x":[0.167],"y":[0.167]},"n":["0p833_0p833_0p167_0p167"],"t":31,"s":[100],"e":[100]},{"i":{"x":[0.833],"y":[0.833]},"o":{"x":[0.167],"y":[0.167]},"n":["0p833_0p833_0p167_0p167"],"t":43,"s":[100],"e":[100]},{"t":49}],"ix":11},"r":{"a":0,"k":0,"ix":10},"p":{"a":1,"k":[{"i":{"x":0.833,"y":0.833},"o":{"x":0.167,"y":0.167},"n":"0p833_0p833_0p167_0p167","t":31,"s":[572.683,544.7,0],"e":[548,544.7,0],"to":[-4.11388349533081,0,0],"ti":[5.44721651077271,0,0]},{"i":{"x":0.833,"y":0.833},"o":{"x":0.167,"y":0.167},"n":"0p833_0p833_0p167_0p167","t":41,"s":[548,544.7,0],"e":[540,544.7,0],"to":[-5.44721651077271,0,0],"ti":[1.33333337306976,0,0]},{"t":42}],"ix":2},"a":{"a":0,"k":[25.5,27.5,0],"ix":1},"s":{"a":1,"k":[{"i":{"x":[0.833,0.833,0.833],"y":[0.833,0.833,0.833]},"o":{"x":[0.167,0.167,0.167],"y":[0.167,0.167,0.167]},"n":["0p833_0p833_0p167_0p167","0p833_0p833_0p167_0p167","0p833_0p833_0p167_0p167"],"t":31,"s":[0,1541.512,100],"e":[190.275,1541.512,100]},{"i":{"x":[0.833,0.833,0.833],"y":[0.833,0.833,0.833]},"o":{"x":[0.167,0.167,0.167],"y":[0.167,0.167,0.167]},"n":["0p833_0p833_0p167_0p167","0p833_0p833_0p167_0p167","0p833_0p833_0p167_0p167"],"t":33,"s":[190.275,1541.512,100],"e":[1401.374,1541.512,100]},{"i":{"x":[0.833,0.833,0.833],"y":[0.833,0.833,0.833]},"o":{"x":[0.167,0.167,0.167],"y":[0.167,0.167,0.167]},"n":["0p833_0p833_0p167_0p167","0p833_0p833_0p167_0p167","0p833_0p833_0p167_0p167"],"t":41,"s":[1401.374,1541.512,100],"e":[1541.512,1541.512,100]},{"t":42}],"ix":6}},"ao":0,"shapes":[{"ty":"gr","it":[{"ind":0,"ty":"sh","ix":1,"ks":{"a":0,"k":{"i":[[0,-0.285],[0.283,0],[0,0],[-0.104,-0.148],[-0.088,-0.552],[0,0],[0,-0.285],[0.283,0],[0,0],[0.064,-0.194],[0.988,-0.308],[0.803,-0.001],[0,0],[0.188,-0.212],[0.142,0],[0.098,0.088],[0,0],[-0.08,0.202],[-0.214,-0.012],[0,0],[-1.012,0.314],[-0.212,0.637],[-0.019,0.089],[0,0],[0,0.285],[-0.283,0],[0,0],[0.212,0.299],[0.762,0],[0,0],[0,0.285],[-0.283,0],[0,0],[0,0]],"o":[[0,0.285],[0,0],[0.125,0.128],[0.339,0.477],[0,0],[0.283,0],[0,0.285],[0,0],[-0.029,0.201],[-0.32,0.961],[-0.79,0.246],[0,0],[0.211,0.189],[-0.102,0.116],[-0.12,0],[0,0],[-0.161,-0.144],[0.08,-0.202],[0,0],[1.094,0.039],[0.665,-0.207],[0.029,-0.087],[0,0],[-0.283,0],[0,-0.285],[0,0],[-0.076,-0.338],[-0.448,-0.632],[0,0],[-0.283,0],[0,-0.285],[0,0],[0,0],[0.283,0]],"v":[[4.413,-5.757],[3.901,-5.24],[1.092,-5.24],[1.439,-4.831],[2.083,-3.262],[3.901,-3.262],[4.413,-2.745],[3.901,-2.229],[2.089,-2.229],[1.956,-1.633],[-0.073,0.333],[-2.476,0.641],[2.786,5.372],[2.828,6.1],[2.445,6.273],[2.106,6.143],[-4.198,0.475],[-4.333,-0.103],[-3.842,-0.426],[-3.611,-0.419],[-0.374,-0.654],[0.987,-1.964],[1.058,-2.229],[-3.858,-2.229],[-4.37,-2.745],[-3.858,-3.262],[1.038,-3.262],[0.608,-4.23],[-1.327,-5.24],[-3.858,-5.24],[-4.37,-5.757],[-3.858,-6.273],[-1.327,-6.273],[3.901,-6.273]],"c":true},"ix":2},"nm":"Path 1","mn":"ADBE Vector Shape - Group","hd":false},{"ty":"st","c":{"a":0,"k":[0.866666734219,0.654901981354,0.145098045468,1],"ix":3},"o":{"a":0,"k":100,"ix":4},"w":{"a":0,"k":0.5,"ix":5},"lc":1,"lj":1,"ml":10,"ml2":{"a":0,"k":10,"ix":8},"bm":0,"nm":"Stroke 1","mn":"ADBE Vector Graphic - Stroke","hd":false},{"ty":"fl","c":{"a":0,"k":[0.866666734219,0.654901981354,0.145098045468,1],"ix":4},"o":{"a":0,"k":100,"ix":5},"r":1,"bm":0,"nm":"Fill 1","mn":"ADBE Vector Graphic - Fill","hd":false},{"ty":"tr","p":{"a":0,"k":[25.459,27.128],"ix":2},"a":{"a":0,"k":[0,0],"ix":1},"s":{"a":0,"k":[100,100],"ix":3},"r":{"a":0,"k":0,"ix":6},"o":{"a":0,"k":100,"ix":7},"sk":{"a":0,"k":0,"ix":4},"sa":{"a":0,"k":0,"ix":5},"nm":"Transform"}],"nm":"Group 1","np":3,"cix":2,"bm":0,"ix":1,"mn":"ADBE Vector Group","hd":false},{"ty":"gr","it":[{"ind":0,"ty":"sh","ix":1,"ks":{"a":0,"k":{"i":[[0,-6.559],[6.559,0],[0,6.559],[-6.559,0]],"o":[[0,6.559],[-6.559,0],[0,-6.559],[6.559,0]],"v":[[11.876,0.001],[-0.001,11.876],[-11.876,0.001],[-0.001,-11.876]],"c":true},"ix":2},"nm":"Path 1","mn":"ADBE Vector Shape - Group","hd":false},{"ty":"st","c":{"a":0,"k":[0.866666734219,0.654901981354,0.145098045468,1],"ix":3},"o":{"a":0,"k":100,"ix":4},"w":{"a":0,"k":1.5,"ix":5},"lc":1,"lj":1,"ml":4,"ml2":{"a":0,"k":4,"ix":8},"bm":0,"nm":"Stroke 1","mn":"ADBE Vector Graphic - Stroke","hd":false},{"ty":"fl","c":{"a":0,"k":[1,0.886274576187,0.35686275363,1],"ix":4},"o":{"a":0,"k":100,"ix":5},"r":1,"bm":0,"nm":"Fill 1","mn":"ADBE Vector Graphic - Fill","hd":false},{"ty":"tr","p":{"a":0,"k":[25.481,27.128],"ix":2},"a":{"a":0,"k":[0,0],"ix":1},"s":{"a":0,"k":[100,100],"ix":3},"r":{"a":0,"k":0,"ix":6},"o":{"a":0,"k":100,"ix":7},"sk":{"a":0,"k":0,"ix":4},"sa":{"a":0,"k":0,"ix":5},"nm":"Transform"}],"nm":"Group 2","np":3,"cix":2,"bm":0,"ix":2,"mn":"ADBE Vector Group","hd":false}],"ip":31,"op":43,"st":31,"bm":0},{"ddd":0,"ind":2,"ty":4,"nm":"Front delay","sr":1,"ks":{"o":{"a":0,"k":100,"ix":11},"r":{"a":0,"k":0,"ix":10},"p":{"a":0,"k":[540,541.539,0],"ix":2},"a":{"a":0,"k":[0,0,0],"ix":1},"s":{"a":0,"k":[100,100,100],"ix":6}},"ao":0,"shapes":[{"ty":"gr","it":[{"d":1,"ty":"el","s":{"a":0,"k":[474.984,474.984],"ix":2},"p":{"a":0,"k":[0,0],"ix":3},"nm":"Ellipse Path 1","mn":"ADBE Vector Shape - Ellipse","hd":false},{"ty":"fl","c":{"a":0,"k":[1,0.884408771992,0.35670953989,1],"ix":4},"o":{"a":0,"k":100,"ix":5},"r":1,"bm":0,"nm":"Fill 1","mn":"ADBE Vector Graphic - Fill","hd":false},{"ty":"tr","p":{"a":0,"k":[0,-1.539],"ix":2},"a":{"a":0,"k":[0,0],"ix":1},"s":{"a":0,"k":[100,100],"ix":3},"r":{"a":0,"k":0,"ix":6},"o":{"a":0,"k":100,"ix":7},"sk":{"a":0,"k":0,"ix":4},"sa":{"a":0,"k":0,"ix":5},"nm":"Transform"}],"nm":"Ellipse 1","np":3,"cix":2,"bm":0,"ix":1,"mn":"ADBE Vector Group","hd":false}],"ip":42,"op":42.3030303030303,"st":42,"bm":0},{"ddd":0,"ind":3,"ty":4,"nm":"rupee front 2","sr":1,"ks":{"o":{"a":1,"k":[{"i":{"x":[0.833],"y":[0.833]},"o":{"x":[0.167],"y":[0.167]},"n":["0p833_0p833_0p167_0p167"],"t":31,"s":[100],"e":[0]},{"t":32}],"ix":11},"r":{"a":0,"k":0,"ix":10},"p":{"a":1,"k":[{"i":{"x":0.833,"y":0.833},"o":{"x":0.167,"y":0.167},"n":"0p833_0p833_0p167_0p167","t":21,"s":[540.294,545.737,0],"e":[510.294,545.737,0],"to":[-5,-0.00000809570338,0],"ti":[5,0.00000809570338,0]},{"t":31}],"ix":2},"a":{"a":0,"k":[25.5,27.5,0],"ix":1},"s":{"a":1,"k":[{"i":{"x":[0.833,0.833,0.833],"y":[0.833,0.833,0.833]},"o":{"x":[0.167,0.167,0.167],"y":[0.167,0.167,0.167]},"n":["0p833_0p833_0p167_0p167","0p833_0p833_0p167_0p167","0p833_0p833_0p167_0p167"],"t":21,"s":[1541.512,1541.512,100],"e":[0,1541.512,100]},{"t":31}],"ix":6}},"ao":0,"shapes":[{"ty":"gr","it":[{"ind":0,"ty":"sh","ix":1,"ks":{"a":0,"k":{"i":[[0,-0.285],[0.283,0],[0,0],[-0.104,-0.148],[-0.088,-0.552],[0,0],[0,-0.285],[0.283,0],[0,0],[0.064,-0.194],[0.988,-0.308],[0.803,-0.001],[0,0],[0.188,-0.212],[0.142,0],[0.098,0.088],[0,0],[-0.08,0.202],[-0.214,-0.012],[0,0],[-1.012,0.314],[-0.212,0.637],[-0.019,0.089],[0,0],[0,0.285],[-0.283,0],[0,0],[0.212,0.299],[0.762,0],[0,0],[0,0.285],[-0.283,0],[0,0],[0,0]],"o":[[0,0.285],[0,0],[0.125,0.128],[0.339,0.477],[0,0],[0.283,0],[0,0.285],[0,0],[-0.029,0.201],[-0.32,0.961],[-0.79,0.246],[0,0],[0.211,0.189],[-0.102,0.116],[-0.12,0],[0,0],[-0.161,-0.144],[0.08,-0.202],[0,0],[1.094,0.039],[0.665,-0.207],[0.029,-0.087],[0,0],[-0.283,0],[0,-0.285],[0,0],[-0.076,-0.338],[-0.448,-0.632],[0,0],[-0.283,0],[0,-0.285],[0,0],[0,0],[0.283,0]],"v":[[4.413,-5.757],[3.901,-5.24],[1.092,-5.24],[1.439,-4.831],[2.083,-3.262],[3.901,-3.262],[4.413,-2.745],[3.901,-2.229],[2.089,-2.229],[1.956,-1.633],[-0.073,0.333],[-2.476,0.641],[2.786,5.372],[2.828,6.1],[2.445,6.273],[2.106,6.143],[-4.198,0.475],[-4.333,-0.103],[-3.842,-0.426],[-3.611,-0.419],[-0.374,-0.654],[0.987,-1.964],[1.058,-2.229],[-3.858,-2.229],[-4.37,-2.745],[-3.858,-3.262],[1.038,-3.262],[0.608,-4.23],[-1.327,-5.24],[-3.858,-5.24],[-4.37,-5.757],[-3.858,-6.273],[-1.327,-6.273],[3.901,-6.273]],"c":true},"ix":2},"nm":"Path 1","mn":"ADBE Vector Shape - Group","hd":false},{"ty":"st","c":{"a":0,"k":[0.866666734219,0.654901981354,0.145098045468,1],"ix":3},"o":{"a":0,"k":100,"ix":4},"w":{"a":0,"k":0.5,"ix":5},"lc":1,"lj":1,"ml":10,"ml2":{"a":0,"k":10,"ix":8},"bm":0,"nm":"Stroke 1","mn":"ADBE Vector Graphic - Stroke","hd":false},{"ty":"fl","c":{"a":0,"k":[0.866666734219,0.654901981354,0.145098045468,1],"ix":4},"o":{"a":0,"k":100,"ix":5},"r":1,"bm":0,"nm":"Fill 1","mn":"ADBE Vector Graphic - Fill","hd":false},{"ty":"tr","p":{"a":0,"k":[25.459,27.128],"ix":2},"a":{"a":0,"k":[0,0],"ix":1},"s":{"a":0,"k":[100,100],"ix":3},"r":{"a":0,"k":0,"ix":6},"o":{"a":0,"k":100,"ix":7},"sk":{"a":0,"k":0,"ix":4},"sa":{"a":0,"k":0,"ix":5},"nm":"Transform"}],"nm":"Group 1","np":3,"cix":2,"bm":0,"ix":1,"mn":"ADBE Vector Group","hd":false},{"ty":"gr","it":[{"ind":0,"ty":"sh","ix":1,"ks":{"a":0,"k":{"i":[[0,-6.559],[6.559,0],[0,6.559],[-6.559,0]],"o":[[0,6.559],[-6.559,0],[0,-6.559],[6.559,0]],"v":[[11.876,0.001],[-0.001,11.876],[-11.876,0.001],[-0.001,-11.876]],"c":true},"ix":2},"nm":"Path 1","mn":"ADBE Vector Shape - Group","hd":false},{"ty":"st","c":{"a":0,"k":[0.866666734219,0.654901981354,0.145098045468,1],"ix":3},"o":{"a":0,"k":100,"ix":4},"w":{"a":0,"k":1.5,"ix":5},"lc":1,"lj":1,"ml":4,"ml2":{"a":0,"k":4,"ix":8},"bm":0,"nm":"Stroke 1","mn":"ADBE Vector Graphic - Stroke","hd":false},{"ty":"fl","c":{"a":0,"k":[1,0.886274576187,0.35686275363,1],"ix":4},"o":{"a":0,"k":100,"ix":5},"r":1,"bm":0,"nm":"Fill 1","mn":"ADBE Vector Graphic - Fill","hd":false},{"ty":"tr","p":{"a":0,"k":[25.481,27.128],"ix":2},"a":{"a":0,"k":[0,0],"ix":1},"s":{"a":0,"k":[100,100],"ix":3},"r":{"a":0,"k":0,"ix":6},"o":{"a":0,"k":100,"ix":7},"sk":{"a":0,"k":0,"ix":4},"sa":{"a":0,"k":0,"ix":5},"nm":"Transform"}],"nm":"Group 2","np":3,"cix":2,"bm":0,"ix":2,"mn":"ADBE Vector Group","hd":false}],"ip":21,"op":41,"st":21,"bm":0},{"ddd":0,"ind":4,"ty":4,"nm":"rupee back","sr":1,"ks":{"o":{"a":1,"k":[{"i":{"x":[0.833],"y":[0.833]},"o":{"x":[0.167],"y":[0.167]},"n":["0p833_0p833_0p167_0p167"],"t":10,"s":[100],"e":[100]},{"i":{"x":[0.833],"y":[0.833]},"o":{"x":[0.167],"y":[0.167]},"n":["0p833_0p833_0p167_0p167"],"t":21,"s":[100],"e":[0]},{"t":22}],"ix":11},"r":{"a":0,"k":0,"ix":10},"p":{"a":1,"k":[{"i":{"x":0.833,"y":0.833},"o":{"x":0.167,"y":0.167},"n":"0p833_0p833_0p167_0p167","t":10,"s":[572.683,544.7,0],"e":[548,544.7,0],"to":[-4.11388349533081,0,0],"ti":[4.11388349533081,0,0]},{"t":20}],"ix":2},"a":{"a":0,"k":[25.5,27.5,0],"ix":1},"s":{"a":1,"k":[{"i":{"x":[0.833,0.833,0.833],"y":[0.833,0.833,0.833]},"o":{"x":[0.167,0.167,0.167],"y":[0.167,0.167,0.167]},"n":["0p833_0p833_0p167_0p167","0p833_0p833_0p167_0p167","0p833_0p833_0p167_0p167"],"t":10,"s":[0,1541.512,100],"e":[190.275,1541.512,100]},{"i":{"x":[0.833,0.833,0.833],"y":[0.833,0.833,0.833]},"o":{"x":[0.167,0.167,0.167],"y":[0.167,0.167,0.167]},"n":["0p833_0p833_0p167_0p167","0p833_0p833_0p167_0p167","0p833_0p833_0p167_0p167"],"t":12,"s":[190.275,1541.512,100],"e":[1401.374,1541.512,100]},{"t":20}],"ix":6}},"ao":0,"shapes":[{"ty":"gr","it":[{"ind":0,"ty":"sh","ix":1,"ks":{"a":0,"k":{"i":[[0,-0.285],[0.283,0],[0,0],[-0.104,-0.148],[-0.088,-0.552],[0,0],[0,-0.285],[0.283,0],[0,0],[0.064,-0.194],[0.988,-0.308],[0.803,-0.001],[0,0],[0.188,-0.212],[0.142,0],[0.098,0.088],[0,0],[-0.08,0.202],[-0.214,-0.012],[0,0],[-1.012,0.314],[-0.212,0.637],[-0.019,0.089],[0,0],[0,0.285],[-0.283,0],[0,0],[0.212,0.299],[0.762,0],[0,0],[0,0.285],[-0.283,0],[0,0],[0,0]],"o":[[0,0.285],[0,0],[0.125,0.128],[0.339,0.477],[0,0],[0.283,0],[0,0.285],[0,0],[-0.029,0.201],[-0.32,0.961],[-0.79,0.246],[0,0],[0.211,0.189],[-0.102,0.116],[-0.12,0],[0,0],[-0.161,-0.144],[0.08,-0.202],[0,0],[1.094,0.039],[0.665,-0.207],[0.029,-0.087],[0,0],[-0.283,0],[0,-0.285],[0,0],[-0.076,-0.338],[-0.448,-0.632],[0,0],[-0.283,0],[0,-0.285],[0,0],[0,0],[0.283,0]],"v":[[4.413,-5.757],[3.901,-5.24],[1.092,-5.24],[1.439,-4.831],[2.083,-3.262],[3.901,-3.262],[4.413,-2.745],[3.901,-2.229],[2.089,-2.229],[1.956,-1.633],[-0.073,0.333],[-2.476,0.641],[2.786,5.372],[2.828,6.1],[2.445,6.273],[2.106,6.143],[-4.198,0.475],[-4.333,-0.103],[-3.842,-0.426],[-3.611,-0.419],[-0.374,-0.654],[0.987,-1.964],[1.058,-2.229],[-3.858,-2.229],[-4.37,-2.745],[-3.858,-3.262],[1.038,-3.262],[0.608,-4.23],[-1.327,-5.24],[-3.858,-5.24],[-4.37,-5.757],[-3.858,-6.273],[-1.327,-6.273],[3.901,-6.273]],"c":true},"ix":2},"nm":"Path 1","mn":"ADBE Vector Shape - Group","hd":false},{"ty":"st","c":{"a":0,"k":[0.866666734219,0.654901981354,0.145098045468,1],"ix":3},"o":{"a":0,"k":100,"ix":4},"w":{"a":0,"k":0.5,"ix":5},"lc":1,"lj":1,"ml":10,"ml2":{"a":0,"k":10,"ix":8},"bm":0,"nm":"Stroke 1","mn":"ADBE Vector Graphic - Stroke","hd":false},{"ty":"fl","c":{"a":0,"k":[0.866666734219,0.654901981354,0.145098045468,1],"ix":4},"o":{"a":0,"k":100,"ix":5},"r":1,"bm":0,"nm":"Fill 1","mn":"ADBE Vector Graphic - Fill","hd":false},{"ty":"tr","p":{"a":0,"k":[25.459,27.128],"ix":2},"a":{"a":0,"k":[0,0],"ix":1},"s":{"a":0,"k":[100,100],"ix":3},"r":{"a":0,"k":0,"ix":6},"o":{"a":0,"k":100,"ix":7},"sk":{"a":0,"k":0,"ix":4},"sa":{"a":0,"k":0,"ix":5},"nm":"Transform"}],"nm":"Group 1","np":3,"cix":2,"bm":0,"ix":1,"mn":"ADBE Vector Group","hd":false},{"ty":"gr","it":[{"ind":0,"ty":"sh","ix":1,"ks":{"a":0,"k":{"i":[[0,-6.559],[6.559,0],[0,6.559],[-6.559,0]],"o":[[0,6.559],[-6.559,0],[0,-6.559],[6.559,0]],"v":[[11.876,0.001],[-0.001,11.876],[-11.876,0.001],[-0.001,-11.876]],"c":true},"ix":2},"nm":"Path 1","mn":"ADBE Vector Shape - Group","hd":false},{"ty":"st","c":{"a":0,"k":[0.866666734219,0.654901981354,0.145098045468,1],"ix":3},"o":{"a":0,"k":100,"ix":4},"w":{"a":0,"k":1.5,"ix":5},"lc":1,"lj":1,"ml":4,"ml2":{"a":0,"k":4,"ix":8},"bm":0,"nm":"Stroke 1","mn":"ADBE Vector Graphic - Stroke","hd":false},{"ty":"fl","c":{"a":0,"k":[1,0.886274576187,0.35686275363,1],"ix":4},"o":{"a":0,"k":100,"ix":5},"r":1,"bm":0,"nm":"Fill 1","mn":"ADBE Vector Graphic - Fill","hd":false},{"ty":"tr","p":{"a":0,"k":[25.481,27.128],"ix":2},"a":{"a":0,"k":[0,0],"ix":1},"s":{"a":0,"k":[100,100],"ix":3},"r":{"a":0,"k":0,"ix":6},"o":{"a":0,"k":100,"ix":7},"sk":{"a":0,"k":0,"ix":4},"sa":{"a":0,"k":0,"ix":5},"nm":"Transform"}],"nm":"Group 2","np":3,"cix":2,"bm":0,"ix":2,"mn":"ADBE Vector Group","hd":false}],"ip":10,"op":41,"st":10,"bm":0},{"ddd":0,"ind":5,"ty":4,"nm":"rupee front","sr":1,"ks":{"o":{"a":1,"k":[{"i":{"x":[0.833],"y":[0.833]},"o":{"x":[0.167],"y":[0.167]},"n":["0p833_0p833_0p167_0p167"],"t":0,"s":[100],"e":[100]},{"i":{"x":[0.833],"y":[0.833]},"o":{"x":[0.167],"y":[0.167]},"n":["0p833_0p833_0p167_0p167"],"t":10,"s":[100],"e":[0]},{"t":11}],"ix":11},"r":{"a":0,"k":0,"ix":10},"p":{"a":1,"k":[{"i":{"x":0.833,"y":0.833},"o":{"x":0.167,"y":0.167},"n":"0p833_0p833_0p167_0p167","t":0,"s":[540.294,545.737,0],"e":[510.294,545.737,0],"to":[-5,-0.00000809570338,0],"ti":[5,0.00000809570338,0]},{"t":10}],"ix":2},"a":{"a":0,"k":[25.5,27.5,0],"ix":1},"s":{"a":1,"k":[{"i":{"x":[0.833,0.833,0.833],"y":[0.833,0.833,0.833]},"o":{"x":[0.167,0.167,0.167],"y":[0.167,0.167,0.167]},"n":["0p833_0p833_0p167_0p167","0p833_0p833_0p167_0p167","0p833_0p833_0p167_0p167"],"t":0,"s":[1541.512,1541.512,100],"e":[0,1541.512,100]},{"t":10}],"ix":6}},"ao":0,"shapes":[{"ty":"gr","it":[{"ind":0,"ty":"sh","ix":1,"ks":{"a":0,"k":{"i":[[0,-0.285],[0.283,0],[0,0],[-0.104,-0.148],[-0.088,-0.552],[0,0],[0,-0.285],[0.283,0],[0,0],[0.064,-0.194],[0.988,-0.308],[0.803,-0.001],[0,0],[0.188,-0.212],[0.142,0],[0.098,0.088],[0,0],[-0.08,0.202],[-0.214,-0.012],[0,0],[-1.012,0.314],[-0.212,0.637],[-0.019,0.089],[0,0],[0,0.285],[-0.283,0],[0,0],[0.212,0.299],[0.762,0],[0,0],[0,0.285],[-0.283,0],[0,0],[0,0]],"o":[[0,0.285],[0,0],[0.125,0.128],[0.339,0.477],[0,0],[0.283,0],[0,0.285],[0,0],[-0.029,0.201],[-0.32,0.961],[-0.79,0.246],[0,0],[0.211,0.189],[-0.102,0.116],[-0.12,0],[0,0],[-0.161,-0.144],[0.08,-0.202],[0,0],[1.094,0.039],[0.665,-0.207],[0.029,-0.087],[0,0],[-0.283,0],[0,-0.285],[0,0],[-0.076,-0.338],[-0.448,-0.632],[0,0],[-0.283,0],[0,-0.285],[0,0],[0,0],[0.283,0]],"v":[[4.413,-5.757],[3.901,-5.24],[1.092,-5.24],[1.439,-4.831],[2.083,-3.262],[3.901,-3.262],[4.413,-2.745],[3.901,-2.229],[2.089,-2.229],[1.956,-1.633],[-0.073,0.333],[-2.476,0.641],[2.786,5.372],[2.828,6.1],[2.445,6.273],[2.106,6.143],[-4.198,0.475],[-4.333,-0.103],[-3.842,-0.426],[-3.611,-0.419],[-0.374,-0.654],[0.987,-1.964],[1.058,-2.229],[-3.858,-2.229],[-4.37,-2.745],[-3.858,-3.262],[1.038,-3.262],[0.608,-4.23],[-1.327,-5.24],[-3.858,-5.24],[-4.37,-5.757],[-3.858,-6.273],[-1.327,-6.273],[3.901,-6.273]],"c":true},"ix":2},"nm":"Path 1","mn":"ADBE Vector Shape - Group","hd":false},{"ty":"st","c":{"a":0,"k":[0.866666734219,0.654901981354,0.145098045468,1],"ix":3},"o":{"a":0,"k":100,"ix":4},"w":{"a":0,"k":0.5,"ix":5},"lc":1,"lj":1,"ml":10,"ml2":{"a":0,"k":10,"ix":8},"bm":0,"nm":"Stroke 1","mn":"ADBE Vector Graphic - Stroke","hd":false},{"ty":"fl","c":{"a":0,"k":[0.866666734219,0.654901981354,0.145098045468,1],"ix":4},"o":{"a":0,"k":100,"ix":5},"r":1,"bm":0,"nm":"Fill 1","mn":"ADBE Vector Graphic - Fill","hd":false},{"ty":"tr","p":{"a":0,"k":[25.459,27.128],"ix":2},"a":{"a":0,"k":[0,0],"ix":1},"s":{"a":0,"k":[100,100],"ix":3},"r":{"a":0,"k":0,"ix":6},"o":{"a":0,"k":100,"ix":7},"sk":{"a":0,"k":0,"ix":4},"sa":{"a":0,"k":0,"ix":5},"nm":"Transform"}],"nm":"Group 1","np":3,"cix":2,"bm":0,"ix":1,"mn":"ADBE Vector Group","hd":false},{"ty":"gr","it":[{"ind":0,"ty":"sh","ix":1,"ks":{"a":0,"k":{"i":[[0,-6.559],[6.559,0],[0,6.559],[-6.559,0]],"o":[[0,6.559],[-6.559,0],[0,-6.559],[6.559,0]],"v":[[11.876,0.001],[-0.001,11.876],[-11.876,0.001],[-0.001,-11.876]],"c":true},"ix":2},"nm":"Path 1","mn":"ADBE Vector Shape - Group","hd":false},{"ty":"st","c":{"a":0,"k":[0.866666734219,0.654901981354,0.145098045468,1],"ix":3},"o":{"a":0,"k":100,"ix":4},"w":{"a":0,"k":1.5,"ix":5},"lc":1,"lj":1,"ml":4,"ml2":{"a":0,"k":4,"ix":8},"bm":0,"nm":"Stroke 1","mn":"ADBE Vector Graphic - Stroke","hd":false},{"ty":"fl","c":{"a":0,"k":[1,0.886274576187,0.35686275363,1],"ix":4},"o":{"a":0,"k":100,"ix":5},"r":1,"bm":0,"nm":"Fill 1","mn":"ADBE Vector Graphic - Fill","hd":false},{"ty":"tr","p":{"a":0,"k":[25.481,27.128],"ix":2},"a":{"a":0,"k":[0,0],"ix":1},"s":{"a":0,"k":[100,100],"ix":3},"r":{"a":0,"k":0,"ix":6},"o":{"a":0,"k":100,"ix":7},"sk":{"a":0,"k":0,"ix":4},"sa":{"a":0,"k":0,"ix":5},"nm":"Transform"}],"nm":"Group 2","np":3,"cix":2,"bm":0,"ix":2,"mn":"ADBE Vector Group","hd":false}],"ip":0,"op":30,"st":0,"bm":0},{"ddd":0,"ind":6,"ty":0,"nm":"First rotation","refId":"comp_6","sr":1,"ks":{"o":{"a":0,"k":100,"ix":11},"r":{"a":0,"k":0,"ix":10},"p":{"a":0,"k":[540,540,0],"ix":2},"a":{"a":0,"k":[540,540,0],"ix":1},"s":{"a":0,"k":[100,100,100],"ix":6}},"ao":0,"w":1080,"h":1080,"ip":0,"op":10,"st":0,"bm":0},{"ddd":0,"ind":7,"ty":0,"nm":"Third rotation","refId":"comp_6","sr":1,"ks":{"o":{"a":1,"k":[{"i":{"x":[0.833],"y":[0.833]},"o":{"x":[0.167],"y":[0.167]},"n":["0p833_0p833_0p167_0p167"],"t":20,"s":[0],"e":[100]},{"t":21}],"ix":11},"r":{"a":0,"k":0,"ix":10},"p":{"a":0,"k":[540,540,0],"ix":2},"a":{"a":0,"k":[540,540,0],"ix":1},"s":{"a":0,"k":[100,100,100],"ix":6}},"ao":0,"w":1080,"h":1080,"ip":21,"op":31,"st":21,"bm":0},{"ddd":0,"ind":8,"ty":0,"nm":"Second rotation","refId":"comp_8","sr":1,"ks":{"o":{"a":1,"k":[{"i":{"x":[0.833],"y":[0.833]},"o":{"x":[0.167],"y":[0.167]},"n":["0p833_0p833_0p167_0p167"],"t":0,"s":[0],"e":[0]},{"i":{"x":[0.833],"y":[0.833]},"o":{"x":[0.167],"y":[0.167]},"n":["0p833_0p833_0p167_0p167"],"t":9,"s":[0],"e":[100]},{"i":{"x":[0.833],"y":[0.833]},"o":{"x":[0.167],"y":[0.167]},"n":["0p833_0p833_0p167_0p167"],"t":10,"s":[100],"e":[100]},{"i":{"x":[0.833],"y":[0.833]},"o":{"x":[0.167],"y":[0.167]},"n":["0p833_0p833_0p167_0p167"],"t":21,"s":[100],"e":[0]},{"t":22}],"ix":11},"r":{"a":0,"k":0,"ix":10},"p":{"a":0,"k":[540,540,0],"ix":2},"a":{"a":0,"k":[540,540,0],"ix":1},"s":{"a":0,"k":[100,100,100],"ix":6}},"ao":0,"w":1080,"h":1080,"ip":0,"op":30,"st":0,"bm":0},{"ddd":0,"ind":9,"ty":0,"nm":"Fourth Rotation ","refId":"comp_8","sr":1,"ks":{"o":{"a":1,"k":[{"i":{"x":[0.833],"y":[0.833]},"o":{"x":[0.167],"y":[0.167]},"n":["0p833_0p833_0p167_0p167"],"t":21,"s":[0],"e":[0]},{"i":{"x":[0.833],"y":[0.833]},"o":{"x":[0.167],"y":[0.167]},"n":["0p833_0p833_0p167_0p167"],"t":30,"s":[0],"e":[100]},{"i":{"x":[0.833],"y":[0.833]},"o":{"x":[0.167],"y":[0.167]},"n":["0p833_0p833_0p167_0p167"],"t":31,"s":[100],"e":[100]},{"i":{"x":[0.833],"y":[0.833]},"o":{"x":[0.167],"y":[0.167]},"n":["0p833_0p833_0p167_0p167"],"t":42,"s":[100],"e":[0]},{"t":43}],"ix":11},"r":{"a":0,"k":0,"ix":10},"p":{"a":0,"k":[540,540,0],"ix":2},"a":{"a":0,"k":[540,540,0],"ix":1},"s":{"a":0,"k":[100,100,100],"ix":6}},"ao":0,"w":1080,"h":1080,"ip":21,"op":51,"st":21,"bm":0}]},{"id":"comp_6","layers":[{"ddd":0,"ind":1,"ty":4,"nm":"Front face 2","sr":1,"ks":{"o":{"a":0,"k":100,"ix":11},"r":{"a":0,"k":0,"ix":10},"p":{"a":1,"k":[{"i":{"x":0.833,"y":0.833},"o":{"x":0.167,"y":0.167},"n":"0p833_0p833_0p167_0p167","t":0,"s":[540,541.539,0],"e":[513,541.539,0],"to":[-4.5,0,0],"ti":[4.5,0,0]},{"t":11}],"ix":2},"a":{"a":0,"k":[0,0,0],"ix":1},"s":{"a":1,"k":[{"i":{"x":[0.833,0.833,0.833],"y":[0.833,0.833,0.833]},"o":{"x":[0.167,0.167,0.167],"y":[0.167,0.167,0.167]},"n":["0p833_0p833_0p167_0p167","0p833_0p833_0p167_0p167","0p833_0p833_0p167_0p167"],"t":0,"s":[100,100,100],"e":[0,100,100]},{"t":11}],"ix":6}},"ao":0,"shapes":[{"ty":"gr","it":[{"d":1,"ty":"el","s":{"a":0,"k":[474.984,474.984],"ix":2},"p":{"a":0,"k":[0,0],"ix":3},"nm":"Ellipse Path 1","mn":"ADBE Vector Shape - Ellipse","hd":false},{"ty":"fl","c":{"a":0,"k":[1,0.884408771992,0.35670953989,1],"ix":4},"o":{"a":0,"k":100,"ix":5},"r":1,"bm":0,"nm":"Fill 1","mn":"ADBE Vector Graphic - Fill","hd":false},{"ty":"tr","p":{"a":0,"k":[0,-1.539],"ix":2},"a":{"a":0,"k":[0,0],"ix":1},"s":{"a":0,"k":[100,100],"ix":3},"r":{"a":0,"k":0,"ix":6},"o":{"a":0,"k":100,"ix":7},"sk":{"a":0,"k":0,"ix":4},"sa":{"a":0,"k":0,"ix":5},"nm":"Transform"}],"nm":"Ellipse 1","np":3,"cix":2,"bm":0,"ix":1,"mn":"ADBE Vector Group","hd":false}],"ip":0,"op":11,"st":0,"bm":0},{"ddd":0,"ind":2,"ty":0,"nm":"Back face","td":1,"refId":"comp_7","sr":1,"ks":{"o":{"a":0,"k":100,"ix":11},"r":{"a":0,"k":0,"ix":10},"p":{"a":0,"k":[540,540,0],"ix":2},"a":{"a":0,"k":[540,540,0],"ix":1},"s":{"a":0,"k":[100,100,100],"ix":6}},"ao":0,"w":1080,"h":1080,"ip":0,"op":11,"st":0,"bm":0},{"ddd":0,"ind":3,"ty":4,"nm":"Shape Layer 2","tt":1,"sr":1,"ks":{"o":{"a":0,"k":100,"ix":11},"r":{"a":0,"k":0,"ix":10},"p":{"a":0,"k":[540,540,0],"ix":2},"a":{"a":0,"k":[0,0,0],"ix":1},"s":{"a":0,"k":[100,100,100],"ix":6}},"ao":0,"shapes":[{"ty":"gr","it":[{"ind":0,"ty":"sh","ix":1,"ks":{"a":0,"k":{"i":[[0,0],[0,0]],"o":[[0,0],[0,0]],"v":[[-163.5,-229.5],[186,-229.5]],"c":true},"ix":2},"nm":"Path 1","mn":"ADBE Vector Shape - Group","hd":false},{"ty":"st","c":{"a":0,"k":[0.686274528503,0.487644612789,0.009461524896,1],"ix":3},"o":{"a":0,"k":100,"ix":4},"w":{"a":0,"k":2,"ix":5},"lc":1,"lj":1,"ml":4,"ml2":{"a":0,"k":4,"ix":8},"bm":0,"nm":"Stroke 1","mn":"ADBE Vector Graphic - Stroke","hd":false},{"ty":"rp","c":{"a":0,"k":10,"ix":1},"o":{"a":0,"k":0,"ix":2},"m":1,"ix":4,"tr":{"ty":"tr","p":{"a":0,"k":[0,51],"ix":2},"a":{"a":0,"k":[0,0],"ix":1},"s":{"a":0,"k":[100,100],"ix":3},"r":{"a":0,"k":0,"ix":4},"so":{"a":0,"k":100,"ix":5},"eo":{"a":0,"k":100,"ix":6},"nm":"Transform"},"nm":"Repeater 1","mn":"ADBE Vector Filter - Repeater","hd":false},{"ty":"tr","p":{"a":0,"k":[0,0],"ix":2},"a":{"a":0,"k":[0,0],"ix":1},"s":{"a":0,"k":[100,100],"ix":3},"r":{"a":0,"k":0,"ix":6},"o":{"a":0,"k":100,"ix":7},"sk":{"a":0,"k":0,"ix":4},"sa":{"a":0,"k":0,"ix":5},"nm":"Transform"}],"nm":"Shape 1","np":4,"cix":2,"bm":0,"ix":1,"mn":"ADBE Vector Group","hd":false}],"ip":0,"op":11,"st":0,"bm":0},{"ddd":0,"ind":4,"ty":0,"nm":"Back face","refId":"comp_7","sr":1,"ks":{"o":{"a":0,"k":100,"ix":11},"r":{"a":0,"k":0,"ix":10},"p":{"a":0,"k":[540,540,0],"ix":2},"a":{"a":0,"k":[540,540,0],"ix":1},"s":{"a":0,"k":[100,100,100],"ix":6}},"ao":0,"w":1080,"h":1080,"ip":0,"op":11,"st":0,"bm":0}]},{"id":"comp_7","layers":[{"ddd":0,"ind":1,"ty":4,"nm":"Back face","sr":1,"ks":{"o":{"a":0,"k":100,"ix":11},"r":{"a":0,"k":0,"ix":10},"p":{"a":1,"k":[{"i":{"x":0.833,"y":0.833},"o":{"x":0.167,"y":0.167},"n":"0p833_0p833_0p167_0p167","t":0,"s":[540,541.539,0],"e":[570,541.539,0],"to":[5,0,0],"ti":[-5,0,0]},{"t":11}],"ix":2},"a":{"a":0,"k":[0,0,0],"ix":1},"s":{"a":1,"k":[{"i":{"x":[0.833,0.833,0.833],"y":[0.833,0.833,0.833]},"o":{"x":[0.167,0.167,0.167],"y":[0.167,0.167,0.167]},"n":["0p833_0p833_0p167_0p167","0p833_0p833_0p167_0p167","0p833_0p833_0p167_0p167"],"t":0,"s":[100,100,100],"e":[0,100,100]},{"t":11}],"ix":6}},"ao":0,"shapes":[{"ty":"gr","it":[{"d":1,"ty":"el","s":{"a":0,"k":[474.984,474.984],"ix":2},"p":{"a":0,"k":[0,0],"ix":3},"nm":"Ellipse Path 1","mn":"ADBE Vector Shape - Ellipse","hd":false},{"ty":"fl","c":{"a":0,"k":[0.866666734219,0.654901981354,0.145098045468,1],"ix":4},"o":{"a":0,"k":100,"ix":5},"r":1,"bm":0,"nm":"Fill 1","mn":"ADBE Vector Graphic - Fill","hd":false},{"ty":"tr","p":{"a":0,"k":[0,-1.539],"ix":2},"a":{"a":0,"k":[0,0],"ix":1},"s":{"a":0,"k":[100,100],"ix":3},"r":{"a":0,"k":0,"ix":6},"o":{"a":0,"k":100,"ix":7},"sk":{"a":0,"k":0,"ix":4},"sa":{"a":0,"k":0,"ix":5},"nm":"Transform"}],"nm":"Ellipse 1","np":3,"cix":2,"bm":0,"ix":1,"mn":"ADBE Vector Group","hd":false}],"ip":0,"op":90,"st":0,"bm":0},{"ddd":0,"ind":2,"ty":4,"nm":"Shape Layer 1","sr":1,"ks":{"o":{"a":0,"k":100,"ix":11},"r":{"a":0,"k":0,"ix":10},"p":{"a":0,"k":[541.777,540.73,0],"ix":2},"a":{"a":0,"k":[0,0,0],"ix":1},"s":{"a":0,"k":[20.106,164.521,100],"ix":6}},"ao":0,"shapes":[{"ty":"gr","it":[{"ty":"rc","d":1,"s":{"a":0,"k":[124.336,124.336],"ix":2},"p":{"a":0,"k":[0,0],"ix":3},"r":{"a":0,"k":0,"ix":4},"nm":"Rectangle Path 1","mn":"ADBE Vector Shape - Rect","hd":false},{"ty":"fl","c":{"a":0,"k":[0.868458926678,0.655174672604,0.143745362759,1],"ix":4},"o":{"a":0,"k":100,"ix":5},"r":1,"bm":0,"nm":"Fill 1","mn":"ADBE Vector Graphic - Fill","hd":false},{"ty":"tr","p":{"a":0,"k":[-1.777,-0.73],"ix":2},"a":{"a":0,"k":[0,0],"ix":1},"s":{"a":0,"k":[230.691,230.691],"ix":3},"r":{"a":0,"k":0,"ix":6},"o":{"a":0,"k":100,"ix":7},"sk":{"a":0,"k":0,"ix":4},"sa":{"a":0,"k":0,"ix":5},"nm":"Transform"}],"nm":"Rectangle 1","np":3,"cix":2,"bm":0,"ix":1,"mn":"ADBE Vector Group","hd":false}],"ip":0,"op":90,"st":0,"bm":0}]},{"id":"comp_8","layers":[{"ddd":0,"ind":1,"ty":4,"nm":"Second Front face","sr":1,"ks":{"o":{"a":0,"k":100,"ix":11},"r":{"a":0,"k":0,"ix":10},"p":{"a":1,"k":[{"i":{"x":0.833,"y":0.833},"o":{"x":0.167,"y":0.167},"n":"0p833_0p833_0p167_0p167","t":10,"s":[570.25,541.539,0],"e":[540,541.539,0],"to":[-8.26965618133545,0,0],"ti":[14.0024766921997,0,0]},{"t":21}],"ix":2},"a":{"a":0,"k":[0,0,0],"ix":1},"s":{"a":1,"k":[{"i":{"x":[0.833,0.833,0.833],"y":[0.833,0.833,0.833]},"o":{"x":[0.167,0.167,0.167],"y":[0.167,0.167,0.167]},"n":["0p833_0p833_0p167_0p167","0p833_0p833_0p167_0p167","0p833_0p833_0p167_0p167"],"t":10,"s":[0,100,100],"e":[100,100,100]},{"t":21}],"ix":6}},"ao":0,"shapes":[{"ty":"gr","it":[{"d":1,"ty":"el","s":{"a":0,"k":[474.984,474.984],"ix":2},"p":{"a":0,"k":[0,0],"ix":3},"nm":"Ellipse Path 1","mn":"ADBE Vector Shape - Ellipse","hd":false},{"ty":"fl","c":{"a":0,"k":[1,0.884408771992,0.35670953989,1],"ix":4},"o":{"a":0,"k":100,"ix":5},"r":1,"bm":0,"nm":"Fill 1","mn":"ADBE Vector Graphic - Fill","hd":false},{"ty":"tr","p":{"a":0,"k":[0,-1.539],"ix":2},"a":{"a":0,"k":[0,0],"ix":1},"s":{"a":0,"k":[100,100],"ix":3},"r":{"a":0,"k":0,"ix":6},"o":{"a":0,"k":100,"ix":7},"sk":{"a":0,"k":0,"ix":4},"sa":{"a":0,"k":0,"ix":5},"nm":"Transform"}],"nm":"Ellipse 1","np":3,"cix":2,"bm":0,"ix":1,"mn":"ADBE Vector Group","hd":false}],"ip":10,"op":21,"st":10,"bm":0},{"ddd":0,"ind":2,"ty":0,"nm":"Second back face","td":1,"refId":"comp_9","sr":1,"ks":{"o":{"a":0,"k":100,"ix":11},"r":{"a":0,"k":0,"ix":10},"p":{"a":0,"k":[540,540,0],"ix":2},"a":{"a":0,"k":[540,540,0],"ix":1},"s":{"a":0,"k":[100,100,100],"ix":6}},"ao":0,"w":1080,"h":1080,"ip":0,"op":30,"st":0,"bm":0},{"ddd":0,"ind":3,"ty":4,"nm":"Shape Layer 1","tt":1,"sr":1,"ks":{"o":{"a":0,"k":100,"ix":11},"r":{"a":0,"k":0,"ix":10},"p":{"a":0,"k":[540,540,0],"ix":2},"a":{"a":0,"k":[0,0,0],"ix":1},"s":{"a":0,"k":[100,100,100],"ix":6}},"ao":0,"shapes":[{"ty":"gr","it":[{"ind":0,"ty":"sh","ix":1,"ks":{"a":0,"k":{"i":[[0,0],[0,0]],"o":[[0,0],[0,0]],"v":[[-271.5,-227.5],[346,-227.5]],"c":true},"ix":2},"nm":"Path 1","mn":"ADBE Vector Shape - Group","hd":false},{"ty":"st","c":{"a":0,"k":[0.686274509804,0.487644599466,0.00946152444,1],"ix":3},"o":{"a":0,"k":100,"ix":4},"w":{"a":0,"k":2,"ix":5},"lc":1,"lj":1,"ml":4,"ml2":{"a":0,"k":4,"ix":8},"bm":0,"nm":"Stroke 1","mn":"ADBE Vector Graphic - Stroke","hd":false},{"ty":"rp","c":{"a":0,"k":10,"ix":1},"o":{"a":0,"k":0,"ix":2},"m":1,"ix":4,"tr":{"ty":"tr","p":{"a":0,"k":[0,51],"ix":2},"a":{"a":0,"k":[0,0],"ix":1},"s":{"a":0,"k":[100,100],"ix":3},"r":{"a":0,"k":0,"ix":4},"so":{"a":0,"k":100,"ix":5},"eo":{"a":0,"k":100,"ix":6},"nm":"Transform"},"nm":"Repeater 1","mn":"ADBE Vector Filter - Repeater","hd":false},{"ty":"tr","p":{"a":0,"k":[0,0],"ix":2},"a":{"a":0,"k":[0,0],"ix":1},"s":{"a":0,"k":[100,100],"ix":3},"r":{"a":0,"k":0,"ix":6},"o":{"a":0,"k":100,"ix":7},"sk":{"a":0,"k":0,"ix":4},"sa":{"a":0,"k":0,"ix":5},"nm":"Transform"}],"nm":"Shape 1","np":4,"cix":2,"bm":0,"ix":1,"mn":"ADBE Vector Group","hd":false}],"ip":10,"op":21,"st":10,"bm":0},{"ddd":0,"ind":4,"ty":0,"nm":"Second back face","refId":"comp_9","sr":1,"ks":{"o":{"a":0,"k":100,"ix":11},"r":{"a":0,"k":0,"ix":10},"p":{"a":0,"k":[540,540,0],"ix":2},"a":{"a":0,"k":[540,540,0],"ix":1},"s":{"a":0,"k":[100,100,100],"ix":6}},"ao":0,"w":1080,"h":1080,"ip":0,"op":30,"st":0,"bm":0}]},{"id":"comp_9","layers":[{"ddd":0,"ind":1,"ty":4,"nm":"Back face 2","sr":1,"ks":{"o":{"a":0,"k":100,"ix":11},"r":{"a":0,"k":0,"ix":10},"p":{"a":1,"k":[{"i":{"x":0.833,"y":0.833},"o":{"x":0.167,"y":0.167},"n":"0p833_0p833_0p167_0p167","t":10,"s":[513,541.539,0],"e":[540,541.539,0],"to":[4.5,0,0],"ti":[-4.5,0,0]},{"t":21}],"ix":2},"a":{"a":0,"k":[0,0,0],"ix":1},"s":{"a":1,"k":[{"i":{"x":[0.833,0.833,0.833],"y":[0.833,0.833,0.833]},"o":{"x":[0.167,0.167,0.167],"y":[0.167,0.167,0.167]},"n":["0p833_0p833_0p167_0p167","0p833_0p833_0p167_0p167","0p833_0p833_0p167_0p167"],"t":0,"s":[100,100,100],"e":[0,100,100]},{"i":{"x":[0.833,0.833,0.833],"y":[0.833,0.833,0.833]},"o":{"x":[0.167,0.167,0.167],"y":[0.167,0.167,0.167]},"n":["0p833_0p833_0p167_0p167","0p833_0p833_0p167_0p167","0p833_0p833_0p167_0p167"],"t":10,"s":[0,100,100],"e":[100,100,100]},{"t":21}],"ix":6}},"ao":0,"shapes":[{"ty":"gr","it":[{"d":1,"ty":"el","s":{"a":0,"k":[474.984,474.984],"ix":2},"p":{"a":0,"k":[0,0],"ix":3},"nm":"Ellipse Path 1","mn":"ADBE Vector Shape - Ellipse","hd":false},{"ty":"fl","c":{"a":0,"k":[0.866666734219,0.654901981354,0.145098045468,1],"ix":4},"o":{"a":0,"k":100,"ix":5},"r":1,"bm":0,"nm":"Fill 1","mn":"ADBE Vector Graphic - Fill","hd":false},{"ty":"tr","p":{"a":0,"k":[0,-1.539],"ix":2},"a":{"a":0,"k":[0,0],"ix":1},"s":{"a":0,"k":[100,100],"ix":3},"r":{"a":0,"k":0,"ix":6},"o":{"a":0,"k":100,"ix":7},"sk":{"a":0,"k":0,"ix":4},"sa":{"a":0,"k":0,"ix":5},"nm":"Transform"}],"nm":"Ellipse 1","np":3,"cix":2,"bm":0,"ix":1,"mn":"ADBE Vector Group","hd":false}],"ip":0,"op":90,"st":0,"bm":0},{"ddd":0,"ind":2,"ty":4,"nm":"Shape Layer 2","sr":1,"ks":{"o":{"a":0,"k":100,"ix":11},"r":{"a":0,"k":0,"ix":10},"p":{"a":0,"k":[541.777,540.73,0],"ix":2},"a":{"a":0,"k":[0,0,0],"ix":1},"s":{"a":0,"k":[20.106,164.521,100],"ix":6}},"ao":0,"shapes":[{"ty":"gr","it":[{"ty":"rc","d":1,"s":{"a":0,"k":[124.336,124.336],"ix":2},"p":{"a":0,"k":[0,0],"ix":3},"r":{"a":0,"k":0,"ix":4},"nm":"Rectangle Path 1","mn":"ADBE Vector Shape - Rect","hd":false},{"ty":"fl","c":{"a":0,"k":[0.868458926678,0.655174672604,0.143745362759,1],"ix":4},"o":{"a":0,"k":100,"ix":5},"r":1,"bm":0,"nm":"Fill 1","mn":"ADBE Vector Graphic - Fill","hd":false},{"ty":"tr","p":{"a":0,"k":[-1.777,-0.73],"ix":2},"a":{"a":0,"k":[0,0],"ix":1},"s":{"a":0,"k":[230.691,230.691],"ix":3},"r":{"a":0,"k":0,"ix":6},"o":{"a":0,"k":100,"ix":7},"sk":{"a":0,"k":0,"ix":4},"sa":{"a":0,"k":0,"ix":5},"nm":"Transform"}],"nm":"Rectangle 1","np":3,"cix":2,"bm":0,"ix":1,"mn":"ADBE Vector Group","hd":false}],"ip":0,"op":90,"st":0,"bm":0}]}],"layers":[{"ddd":0,"ind":1,"ty":4,"nm":"Tick Outlines","sr":1,"ks":{"o":{"a":1,"k":[{"i":{"x":[0.833],"y":[0.833]},"o":{"x":[0.167],"y":[0.167]},"n":["0p833_0p833_0p167_0p167"],"t":0,"s":[0],"e":[100]},{"t":3}],"ix":11},"r":{"a":0,"k":0,"ix":10},"p":{"a":0,"k":[1122.426,1142.699,0],"ix":2},"a":{"a":0,"k":[12,9.5,0],"ix":1},"s":{"a":1,"k":[{"i":{"x":[0.833,0.833,0.833],"y":[0.833,0.833,0.833]},"o":{"x":[0.167,0.167,0.167],"y":[0.167,0.167,0.167]},"n":["0p833_0p833_0p167_0p167","0p833_0p833_0p167_0p167","0p833_0p833_0p167_0p167"],"t":0,"s":[0,0,100],"e":[420,420,100]},{"t":3}],"ix":6}},"ao":0,"shapes":[{"ty":"gr","it":[{"ind":0,"ty":"sh","ix":1,"ks":{"a":0,"k":{"i":[[0,0],[0,0],[0,0],[0,0],[0,0],[0,0]],"o":[[0,0],[0,0],[0,0],[0,0],[0,0],[0,0]],"v":[[10.09,-9.137],[-4.364,5.318],[-10.092,-0.41],[-12,1.499],[-4.364,9.137],[12,-7.227]],"c":true},"ix":2},"nm":"Path 1","mn":"ADBE Vector Shape - Group","hd":false},{"ty":"fl","c":{"a":0,"k":[1,1,1,1],"ix":4},"o":{"a":0,"k":100,"ix":5},"r":1,"bm":0,"nm":"Fill 1","mn":"ADBE Vector Graphic - Fill","hd":false},{"ty":"gr","it":[{"d":1,"ty":"el","s":{"a":0,"k":[38.654,38.654],"ix":2},"p":{"a":0,"k":[0,0],"ix":3},"nm":"Ellipse Path 1","mn":"ADBE Vector Shape - Ellipse","hd":false},{"ty":"fl","c":{"a":0,"k":[0.058823529412,0.78431372549,0.30827738444,1],"ix":4},"o":{"a":0,"k":100,"ix":5},"r":1,"bm":0,"nm":"Fill 1","mn":"ADBE Vector Graphic - Fill","hd":false},{"ty":"tr","p":{"a":0,"k":[-0.248,0.589],"ix":2},"a":{"a":0,"k":[0,0],"ix":1},"s":{"a":1,"k":[{"i":{"x":[0.833,0.833],"y":[0.833,0.833]},"o":{"x":[0.167,0.167],"y":[0.167,0.167]},"n":["0p833_0p833_0p167_0p167","0p833_0p833_0p167_0p167"],"t":3,"s":[113.615,113.615],"e":[200,200]},{"t":7}],"ix":3},"r":{"a":0,"k":0,"ix":6},"o":{"a":1,"k":[{"i":{"x":[0.833],"y":[0.833]},"o":{"x":[0.167],"y":[0.167]},"n":["0p833_0p833_0p167_0p167"],"t":3,"s":[100],"e":[0]},{"t":11}],"ix":7},"sk":{"a":0,"k":0,"ix":4},"sa":{"a":0,"k":0,"ix":5},"nm":"Transform"}],"nm":"Ellipse 2","np":3,"cix":2,"bm":0,"ix":3,"mn":"ADBE Vector Group","hd":false},{"ty":"gr","it":[{"d":1,"ty":"el","s":{"a":0,"k":[38.654,38.654],"ix":2},"p":{"a":0,"k":[0,0],"ix":3},"nm":"Ellipse Path 1","mn":"ADBE Vector Shape - Ellipse","hd":false},{"ty":"fl","c":{"a":0,"k":[0.058823529412,0.78431372549,0.30827738444,1],"ix":4},"o":{"a":0,"k":100,"ix":5},"r":1,"bm":0,"nm":"Fill 1","mn":"ADBE Vector Graphic - Fill","hd":false},{"ty":"tr","p":{"a":0,"k":[-0.248,0.589],"ix":2},"a":{"a":0,"k":[0,0],"ix":1},"s":{"a":1,"k":[{"i":{"x":[0.833,0.833],"y":[0.833,0.833]},"o":{"x":[0.167,0.167],"y":[0.167,0.167]},"n":["0p833_0p833_0p167_0p167","0p833_0p833_0p167_0p167"],"t":0,"s":[113.615,113.615],"e":[113.615,113.615]},{"i":{"x":[0.833,0.833],"y":[0.833,0.833]},"o":{"x":[0.167,0.167],"y":[0.167,0.167]},"n":["0p833_0p833_0p167_0p167","0p833_0p833_0p167_0p167"],"t":3,"s":[113.615,113.615],"e":[130,130]},{"i":{"x":[0.833,0.833],"y":[0.833,0.833]},"o":{"x":[0.167,0.167],"y":[0.167,0.167]},"n":["0p833_0p833_0p167_0p167","0p833_0p833_0p167_0p167"],"t":7,"s":[130,130],"e":[113.615,113.615]},{"t":11}],"ix":3},"r":{"a":0,"k":0,"ix":6},"o":{"a":0,"k":100,"ix":7},"sk":{"a":0,"k":0,"ix":4},"sa":{"a":0,"k":0,"ix":5},"nm":"Transform"}],"nm":"Ellipse 1","np":3,"cix":2,"bm":0,"ix":4,"mn":"ADBE Vector Group","hd":false},{"ty":"tr","p":{"a":0,"k":[12,9.137],"ix":2},"a":{"a":0,"k":[0,0],"ix":1},"s":{"a":0,"k":[103.333,103.333],"ix":3},"r":{"a":0,"k":0,"ix":6},"o":{"a":0,"k":100,"ix":7},"sk":{"a":0,"k":0,"ix":4},"sa":{"a":0,"k":0,"ix":5},"nm":"Transform"}],"nm":"Group 1","np":4,"cix":2,"bm":0,"ix":1,"mn":"ADBE Vector Group","hd":false}],"ip":0,"op":150,"st":0,"bm":0},{"ddd":0,"ind":2,"ty":0,"nm":"Coin stack","refId":"comp_0","sr":0.25,"ks":{"o":{"a":0,"k":100,"ix":11},"r":{"a":0,"k":0,"ix":10},"p":{"a":1,"k":[{"i":{"x":0.833,"y":0.833},"o":{"x":0.167,"y":0.167},"n":"0p833_0p833_0p167_0p167","t":0,"s":[950,950,0],"e":[950,1000,0],"to":[0,8.33333301544189,0],"ti":[0,0,0]},{"i":{"x":0.833,"y":0.833},"o":{"x":0.167,"y":0.167},"n":"0p833_0p833_0p167_0p167","t":2,"s":[950,1000,0],"e":[950,950,0],"to":[0,0,0],"ti":[0,0,0]},{"i":{"x":0.833,"y":0.833},"o":{"x":0.167,"y":0.167},"n":"0p833_0p833_0p167_0p167","t":4,"s":[950,950,0],"e":[950,1000,0],"to":[0,0,0],"ti":[0,-8.33333301544189,0]},{"t":6}],"ix":2},"a":{"a":0,"k":[1000,1000,0],"ix":1},"s":{"a":0,"k":[100,100,100],"ix":6}},"ao":0,"w":2000,"h":2000,"ip":0,"op":150,"st":0,"bm":0},{"ddd":0,"ind":3,"ty":4,"nm":"Shape Layer 1","sr":1,"ks":{"o":{"a":1,"k":[{"i":{"x":[0.833],"y":[0.833]},"o":{"x":[0.167],"y":[0.167]},"n":["0p833_0p833_0p167_0p167"],"t":0,"s":[10],"e":[5]},{"i":{"x":[0.833],"y":[0.833]},"o":{"x":[0.167],"y":[0.167]},"n":["0p833_0p833_0p167_0p167"],"t":4,"s":[5],"e":[10]},{"t":8}],"ix":11},"r":{"a":0,"k":0,"ix":10},"p":{"a":1,"k":[{"i":{"x":0.833,"y":0.833},"o":{"x":0.167,"y":0.167},"n":"0p833_0p833_0p167_0p167","t":0,"s":[941.402,950,0],"e":[937.104,950,0],"to":[-0.71647137403488,0,0],"ti":[12.896484375,0,0]},{"i":{"x":0.833,"y":0.833},"o":{"x":0.167,"y":0.167},"n":"0p833_0p833_0p167_0p167","t":4,"s":[937.104,950,0],"e":[864.023,950,0],"to":[-12.896484375,0,0],"ti":[12.1800127029419,0,0]},{"t":31}],"ix":2},"a":{"a":0,"k":[0,0,0],"ix":1},"s":{"a":1,"k":[{"i":{"x":[0.833,0.833,0.833],"y":[0.833,0.833,0.833]},"o":{"x":[0.167,0.167,0.167],"y":[0.167,0.167,0.167]},"n":["0p833_0p833_0p167_0p167","0p833_0p833_0p167_0p167","0p833_0p833_0p167_0p167"],"t":0,"s":[100,100,100],"e":[150,100,100]},{"i":{"x":[0.833,0.833,0.833],"y":[0.833,0.833,0.833]},"o":{"x":[0.167,0.167,0.167],"y":[0.167,0.167,0.167]},"n":["0p833_0p833_0p167_0p167","0p833_0p833_0p167_0p167","0p833_0p833_0p167_0p167"],"t":4,"s":[150,100,100],"e":[100,100,100]},{"i":{"x":[0.833,0.833,0.833],"y":[0.833,0.833,0.833]},"o":{"x":[0.167,0.167,0.167],"y":[0.167,0.167,0.167]},"n":["0p833_0p833_0p167_0p167","0p833_0p833_0p167_0p167","0p833_0p833_0p167_0p167"],"t":8,"s":[100,100,100],"e":[1000,100,100]},{"t":31}],"ix":6}},"ao":0,"shapes":[{"ty":"gr","it":[{"d":1,"ty":"el","s":{"a":0,"k":[109.195,14.016],"ix":2},"p":{"a":0,"k":[0,0],"ix":3},"nm":"Ellipse Path 1","mn":"ADBE Vector Shape - Ellipse","hd":false},{"ty":"fl","c":{"a":0,"k":[0,0,0,1],"ix":4},"o":{"a":0,"k":100,"ix":5},"r":1,"bm":0,"nm":"Fill 1","mn":"ADBE Vector Graphic - Fill","hd":false},{"ty":"tr","p":{"a":0,"k":[8.598,285.008],"ix":2},"a":{"a":0,"k":[0,0],"ix":1},"s":{"a":0,"k":[100,100],"ix":3},"r":{"a":0,"k":0,"ix":6},"o":{"a":0,"k":100,"ix":7},"sk":{"a":0,"k":0,"ix":4},"sa":{"a":0,"k":0,"ix":5},"nm":"Transform"}],"nm":"Ellipse 1","np":3,"cix":2,"bm":0,"ix":1,"mn":"ADBE Vector Group","hd":false}],"ip":0,"op":150,"st":0,"bm":0}],"markers":[]}