{"v":"4.5.8","fr":30,"ip":0,"op":180,"w":180,"h":118,"ddd":0,"assets":[],"layers":[{"ddd":0,"ind":0,"ty":4,"nm":"Automatic date & time Outlines","ks":{"o":{"a":0,"k":100},"r":{"a":0,"k":0},"p":{"a":0,"k":[14.25,57.25,0]},"a":{"a":0,"k":[0,0,0]},"s":{"a":0,"k":[100,100,100]}},"ao":0,"shapes":[{"ty":"gr","it":[{"ind":0,"ty":"sh","ks":{"a":0,"k":{"i":[[0,0],[0,0],[0,0],[0,0],[0,0],[0,0],[0,0],[0,0]],"o":[[0,0],[0,0],[0,0],[0,0],[0,0],[0,0],[0,0],[0,0]],"v":[[4.102,0],[4.887,0],[2.879,-5.688],[2.219,-5.688],[0.168,0],[0.953,0],[1.461,-1.465],[3.602,-1.465]],"c":true}},"nm":"A","mn":"ADBE Vector Shape - Group"},{"ind":1,"ty":"sh","ks":{"a":0,"k":{"i":[[0,0],[0,0],[0,0],[0,0]],"o":[[0,0],[0,0],[0,0],[0,0]],"v":[[2.531,-4.551],[2.555,-4.551],[3.383,-2.109],[1.684,-2.109]],"c":true}},"nm":"A","mn":"ADBE Vector Shape - Group"},{"ty":"mm","mm":1,"nm":"Merge Paths 1","mn":"ADBE Vector Filter - Merge"},{"ty":"fl","c":{"a":0,"k":[0.02,0.157,0.235,1]},"o":{"a":0,"k":100},"r":1,"nm":"Fill 1","mn":"ADBE Vector Graphic - Fill"},{"ty":"tr","p":{"a":0,"k":[0,0],"ix":2},"a":{"a":0,"k":[0,0],"ix":1},"s":{"a":0,"k":[100,100],"ix":3},"r":{"a":0,"k":0,"ix":6},"o":{"a":0,"k":100,"ix":7},"sk":{"a":0,"k":0,"ix":4},"sa":{"a":0,"k":0,"ix":5},"nm":"Transform"}],"nm":"A","np":5,"mn":"ADBE Vector Group"},{"ty":"gr","it":[{"ind":0,"ty":"sh","ks":{"a":0,"k":{"i":[[0,0],[0,0],[0,0],[0,0],[0,0],[0.178,-0.111],[0.273,0],[0.133,0.169],[0,0.451],[0,0],[0,0],[0,0],[-0.258,-0.294],[-0.461,0],[-0.208,0.122],[-0.133,0.227]],"o":[[0,0],[0,0],[0,0],[0,0],[-0.091,0.203],[-0.178,0.111],[-0.281,0],[-0.133,-0.169],[0,0],[0,0],[0,0],[0,0.622],[0.258,0.294],[0.273,0],[0.208,-0.122],[0,0]],"v":[[8.309,0],[9,0],[9,-4.227],[8.23,-4.227],[8.23,-1.18],[7.826,-0.709],[7.148,-0.543],[6.527,-0.797],[6.328,-1.727],[6.328,-4.227],[5.559,-4.227],[5.559,-1.734],[5.945,-0.359],[7.023,0.082],[7.746,-0.102],[8.258,-0.625]],"c":true}},"nm":"u","mn":"ADBE Vector Shape - Group"},{"ty":"fl","c":{"a":0,"k":[0.02,0.157,0.235,1]},"o":{"a":0,"k":100},"r":1,"nm":"Fill 1","mn":"ADBE Vector Graphic - Fill"},{"ty":"tr","p":{"a":0,"k":[0,0],"ix":2},"a":{"a":0,"k":[0,0],"ix":1},"s":{"a":0,"k":[100,100],"ix":3},"r":{"a":0,"k":0,"ix":6},"o":{"a":0,"k":100,"ix":7},"sk":{"a":0,"k":0,"ix":4},"sa":{"a":0,"k":0,"ix":5},"nm":"Transform"}],"nm":"u","np":3,"mn":"ADBE Vector Group"},{"ty":"gr","it":[{"ind":0,"ty":"sh","ks":{"a":0,"k":{"i":[[0,0],[0,0],[0,0],[0,0],[0,0],[0,0],[-0.185,-0.189],[-0.312,0],[-0.112,0.03],[-0.057,0.047],[0,0],[0.055,-0.012],[0.044,0],[0.082,0.081],[0,0.198],[0,0],[0,0],[0,0],[0,0],[0,0]],"o":[[0,0],[0,0],[0,0],[0,0],[0,0],[0,0.404],[0.185,0.189],[0.109,0],[0.112,-0.03],[0,0],[-0.036,0.013],[-0.055,0.012],[-0.135,0],[-0.082,-0.081],[0,0],[0,0],[0,0],[0,0],[0,0],[0,0]],"v":[[10.422,-5.246],[10.422,-4.227],[9.75,-4.227],[9.75,-3.656],[10.422,-3.656],[10.422,-1.09],[10.699,-0.201],[11.445,0.082],[11.777,0.037],[12.031,-0.078],[11.926,-0.605],[11.789,-0.568],[11.641,-0.551],[11.314,-0.672],[11.191,-1.09],[11.191,-3.656],[11.992,-3.656],[11.992,-4.227],[11.191,-4.227],[11.191,-5.246]],"c":true}},"nm":"t","mn":"ADBE Vector Shape - Group"},{"ty":"fl","c":{"a":0,"k":[0.02,0.157,0.235,1]},"o":{"a":0,"k":100},"r":1,"nm":"Fill 1","mn":"ADBE Vector Graphic - Fill"},{"ty":"tr","p":{"a":0,"k":[0,0],"ix":2},"a":{"a":0,"k":[0,0],"ix":1},"s":{"a":0,"k":[100,100],"ix":3},"r":{"a":0,"k":0,"ix":6},"o":{"a":0,"k":100,"ix":7},"sk":{"a":0,"k":0,"ix":4},"sa":{"a":0,"k":0,"ix":5},"nm":"Transform"}],"nm":"t","np":3,"mn":"ADBE Vector Group"},{"ty":"gr","it":[{"ind":0,"ty":"sh","ks":{"a":0,"k":{"i":[[0,0],[-0.34,-0.402],[-0.583,0],[-0.339,0.401],[0,0.63],[0,0],[0.34,0.404],[0.586,0],[0.339,-0.405],[0,-0.625]],"o":[[0,0.628],[0.34,0.402],[0.583,0],[0.339,-0.401],[0,0],[0,-0.628],[-0.34,-0.404],[-0.581,0],[-0.339,0.405],[0,0]],"v":[[12.637,-2.066],[13.146,-0.521],[14.531,0.082],[15.914,-0.52],[16.422,-2.066],[16.422,-2.152],[15.912,-3.699],[14.523,-4.305],[13.145,-3.697],[12.637,-2.152]],"c":true}},"nm":"o","mn":"ADBE Vector Shape - Group"},{"ind":1,"ty":"sh","ks":{"a":0,"k":{"i":[[0,0],[-0.189,0.294],[-0.367,0],[-0.191,-0.294],[0,-0.443],[0,0],[0.19,-0.292],[0.367,0],[0.189,0.292],[0,0.448]],"o":[[0,-0.443],[0.189,-0.294],[0.37,0],[0.191,0.294],[0,0],[0,0.448],[-0.19,0.292],[-0.372,0],[-0.189,-0.292],[0,0]],"v":[[13.406,-2.152],[13.689,-3.258],[14.523,-3.699],[15.365,-3.258],[15.652,-2.152],[15.652,-2.066],[15.367,-0.957],[14.531,-0.52],[13.689,-0.957],[13.406,-2.066]],"c":true}},"nm":"o","mn":"ADBE Vector Shape - Group"},{"ty":"mm","mm":1,"nm":"Merge Paths 1","mn":"ADBE Vector Filter - Merge"},{"ty":"fl","c":{"a":0,"k":[0.02,0.157,0.235,1]},"o":{"a":0,"k":100},"r":1,"nm":"Fill 1","mn":"ADBE Vector Graphic - Fill"},{"ty":"tr","p":{"a":0,"k":[0,0],"ix":2},"a":{"a":0,"k":[0,0],"ix":1},"s":{"a":0,"k":[100,100],"ix":3},"r":{"a":0,"k":0,"ix":6},"o":{"a":0,"k":100,"ix":7},"sk":{"a":0,"k":0,"ix":4},"sa":{"a":0,"k":0,"ix":5},"nm":"Transform"}],"nm":"o","np":5,"mn":"ADBE Vector Group"},{"ty":"gr","it":[{"ind":0,"ty":"sh","ks":{"a":0,"k":{"i":[[0,0],[0,0],[0,0],[0,0],[-0.151,0.096],[-0.234,0],[-0.147,-0.184],[0,-0.396],[0,0],[0,0],[0,0],[0,0],[-0.163,0.182],[-0.263,0],[-0.143,-0.173],[0,-0.417],[0,0],[0,0],[0,0],[0.25,0.296],[0.43,0],[0.217,-0.139],[0.135,-0.242],[0.202,0.13],[0.281,0],[0.212,-0.111],[0.138,-0.201],[0,0]],"o":[[0,0],[0,0],[0,0],[0.081,-0.174],[0.151,-0.096],[0.276,0],[0.147,0.184],[0,0],[0,0],[0,0],[0,0],[0.029,-0.279],[0.163,-0.182],[0.284,0],[0.143,0.173],[0,0],[0,0],[0,0],[0,-0.594],[-0.25,-0.296],[-0.292,0],[-0.217,0.139],[-0.102,-0.26],[-0.202,-0.13],[-0.281,0],[-0.212,0.111],[0,0],[0,0]],"v":[[17.363,-4.227],[17.363,0],[18.133,0],[18.133,-3.129],[18.48,-3.535],[19.059,-3.68],[19.693,-3.404],[19.914,-2.535],[19.914,0],[20.688,0],[20.688,-2.684],[20.688,-2.715],[20.975,-3.406],[21.613,-3.68],[22.254,-3.42],[22.469,-2.535],[22.469,0],[23.238,0],[23.238,-2.527],[22.863,-3.861],[21.844,-4.305],[21.08,-4.096],[20.551,-3.523],[20.096,-4.109],[19.371,-4.305],[18.631,-4.139],[18.105,-3.672],[18.051,-4.227]],"c":true}},"nm":"m","mn":"ADBE Vector Shape - Group"},{"ty":"fl","c":{"a":0,"k":[0.02,0.157,0.235,1]},"o":{"a":0,"k":100},"r":1,"nm":"Fill 1","mn":"ADBE Vector Graphic - Fill"},{"ty":"tr","p":{"a":0,"k":[0,0],"ix":2},"a":{"a":0,"k":[0,0],"ix":1},"s":{"a":0,"k":[100,100],"ix":3},"r":{"a":0,"k":0,"ix":6},"o":{"a":0,"k":100,"ix":7},"sk":{"a":0,"k":0,"ix":4},"sa":{"a":0,"k":0,"ix":5},"nm":"Transform"}],"nm":"m","np":3,"mn":"ADBE Vector Group"},{"ty":"gr","it":[{"ind":0,"ty":"sh","ks":{"a":0,"k":{"i":[[0,0],[0.016,0.141],[0,0.151],[0,0],[0.292,0.244],[0.479,0],[0.306,-0.255],[-0.018,-0.307],[0,0],[0,0],[-0.154,0.125],[-0.25,0],[-0.151,-0.145],[0,-0.247],[0,0],[0,0],[0.327,-0.228],[0,-0.404],[-0.23,-0.225],[-0.44,0],[-0.23,0.137],[-0.143,0.203],[-0.014,-0.098],[-0.026,-0.128]],"o":[[-0.042,-0.135],[-0.016,-0.141],[0,0],[0,-0.458],[-0.292,-0.243],[-0.484,0],[-0.306,0.255],[0,0],[0,0],[0,-0.174],[0.154,-0.125],[0.276,0],[0.151,0.145],[0,0],[0,0],[-0.56,0],[-0.327,0.228],[0,0.396],[0.23,0.225],[0.266,0],[0.23,-0.137],[0.003,0.099],[0.014,0.098],[0,0]],"v":[[27.746,0],[27.66,-0.414],[27.637,-0.852],[27.637,-2.887],[27.199,-3.939],[26.043,-4.305],[24.857,-3.922],[24.426,-3.078],[24.434,-3.055],[25.164,-3.062],[25.395,-3.512],[26,-3.699],[26.641,-3.482],[26.867,-2.895],[26.867,-2.477],[26.031,-2.477],[24.701,-2.135],[24.211,-1.188],[24.557,-0.256],[25.562,0.082],[26.307,-0.123],[26.867,-0.633],[26.893,-0.338],[26.953,0]],"c":true}},"nm":"a","mn":"ADBE Vector Shape - Group"},{"ind":1,"ty":"sh","ks":{"a":0,"k":{"i":[[0.117,0.109],[0,0.188],[-0.186,0.156],[-0.31,0],[0,0],[0,0],[0.224,-0.143],[0.279,0]],"o":[[-0.117,-0.109],[0,-0.211],[0.186,-0.156],[0,0],[0,0],[-0.068,0.185],[-0.224,0.143],[-0.229,0]],"v":[[25.156,-0.727],[24.98,-1.172],[25.26,-1.723],[26.004,-1.957],[26.867,-1.957],[26.867,-1.27],[26.43,-0.777],[25.676,-0.562]],"c":true}},"nm":"a","mn":"ADBE Vector Shape - Group"},{"ty":"mm","mm":1,"nm":"Merge Paths 1","mn":"ADBE Vector Filter - Merge"},{"ty":"fl","c":{"a":0,"k":[0.02,0.157,0.235,1]},"o":{"a":0,"k":100},"r":1,"nm":"Fill 1","mn":"ADBE Vector Graphic - Fill"},{"ty":"tr","p":{"a":0,"k":[0,0],"ix":2},"a":{"a":0,"k":[0,0],"ix":1},"s":{"a":0,"k":[100,100],"ix":3},"r":{"a":0,"k":0,"ix":6},"o":{"a":0,"k":100,"ix":7},"sk":{"a":0,"k":0,"ix":4},"sa":{"a":0,"k":0,"ix":5},"nm":"Transform"}],"nm":"a","np":5,"mn":"ADBE Vector Group"},{"ty":"gr","it":[{"ind":0,"ty":"sh","ks":{"a":0,"k":{"i":[[0,0],[0,0],[0,0],[0,0],[0,0],[0,0],[-0.185,-0.189],[-0.312,0],[-0.112,0.03],[-0.057,0.047],[0,0],[0.055,-0.012],[0.044,0],[0.082,0.081],[0,0.198],[0,0],[0,0],[0,0],[0,0],[0,0]],"o":[[0,0],[0,0],[0,0],[0,0],[0,0],[0,0.404],[0.185,0.189],[0.109,0],[0.112,-0.03],[0,0],[-0.036,0.013],[-0.055,0.012],[-0.135,0],[-0.082,-0.081],[0,0],[0,0],[0,0],[0,0],[0,0],[0,0]],"v":[[29.055,-5.246],[29.055,-4.227],[28.383,-4.227],[28.383,-3.656],[29.055,-3.656],[29.055,-1.09],[29.332,-0.201],[30.078,0.082],[30.41,0.037],[30.664,-0.078],[30.559,-0.605],[30.422,-0.568],[30.273,-0.551],[29.947,-0.672],[29.824,-1.09],[29.824,-3.656],[30.625,-3.656],[30.625,-4.227],[29.824,-4.227],[29.824,-5.246]],"c":true}},"nm":"t","mn":"ADBE Vector Shape - Group"},{"ty":"fl","c":{"a":0,"k":[0.02,0.157,0.235,1]},"o":{"a":0,"k":100},"r":1,"nm":"Fill 1","mn":"ADBE Vector Graphic - Fill"},{"ty":"tr","p":{"a":0,"k":[0,0],"ix":2},"a":{"a":0,"k":[0,0],"ix":1},"s":{"a":0,"k":[100,100],"ix":3},"r":{"a":0,"k":0,"ix":6},"o":{"a":0,"k":100,"ix":7},"sk":{"a":0,"k":0,"ix":4},"sa":{"a":0,"k":0,"ix":5},"nm":"Transform"}],"nm":"t","np":3,"mn":"ADBE Vector Group"},{"ty":"gr","it":[{"ind":0,"ty":"sh","ks":{"a":0,"k":{"i":[[0,0],[0,0],[0,0],[0,0]],"o":[[0,0],[0,0],[0,0],[0,0]],"v":[[32.281,-4.227],[31.512,-4.227],[31.512,0],[32.281,0]],"c":true}},"nm":"i","mn":"ADBE Vector Shape - Group"},{"ind":1,"ty":"sh","ks":{"a":0,"k":{"i":[[0,0],[0,0],[0,0],[0,0]],"o":[[0,0],[0,0],[0,0],[0,0]],"v":[[32.281,-6.094],[31.512,-6.094],[31.512,-5.309],[32.281,-5.309]],"c":true}},"nm":"i","mn":"ADBE Vector Shape - Group"},{"ty":"mm","mm":1,"nm":"Merge Paths 1","mn":"ADBE Vector Filter - Merge"},{"ty":"fl","c":{"a":0,"k":[0.02,0.157,0.235,1]},"o":{"a":0,"k":100},"r":1,"nm":"Fill 1","mn":"ADBE Vector Graphic - Fill"},{"ty":"tr","p":{"a":0,"k":[0,0],"ix":2},"a":{"a":0,"k":[0,0],"ix":1},"s":{"a":0,"k":[100,100],"ix":3},"r":{"a":0,"k":0,"ix":6},"o":{"a":0,"k":100,"ix":7},"sk":{"a":0,"k":0,"ix":4},"sa":{"a":0,"k":0,"ix":5},"nm":"Transform"}],"nm":"i","np":5,"mn":"ADBE Vector Group"},{"ty":"gr","it":[{"ind":0,"ty":"sh","ks":{"a":0,"k":{"i":[[0.171,0.292],[0,0.424],[0,0],[-0.173,0.293],[-0.378,0],[-0.168,-0.181],[0,-0.258],[0,0],[0,0],[0.301,0.292],[0.471,0],[0.324,-0.405],[0,-0.596],[0,0],[-0.323,-0.404],[-0.594,0],[-0.323,0.283],[0.01,0.365],[0,0],[0,0],[0.177,-0.158],[0.237,0]],"o":[[-0.171,-0.292],[0,0],[0,-0.417],[0.173,-0.293],[0.255,0],[0.168,0.181],[0,0],[0,0],[0.01,-0.424],[-0.301,-0.292],[-0.591,0],[-0.324,0.405],[0,0],[0,0.602],[0.323,0.404],[0.427,0],[0.323,-0.283],[0,0],[0,0],[0,0.229],[-0.177,0.158],[-0.383,0]],"v":[[34.314,-0.957],[34.059,-2.031],[34.059,-2.195],[34.318,-3.26],[35.145,-3.699],[35.779,-3.428],[36.031,-2.77],[36.73,-2.77],[36.738,-2.793],[36.303,-3.867],[35.145,-4.305],[33.771,-3.697],[33.285,-2.195],[33.285,-2.031],[33.77,-0.523],[35.145,0.082],[36.27,-0.342],[36.738,-1.312],[36.727,-1.336],[36.031,-1.336],[35.766,-0.756],[35.145,-0.52]],"c":true}},"nm":"c","mn":"ADBE Vector Shape - Group"},{"ty":"fl","c":{"a":0,"k":[0.02,0.157,0.235,1]},"o":{"a":0,"k":100},"r":1,"nm":"Fill 1","mn":"ADBE Vector Graphic - Fill"},{"ty":"tr","p":{"a":0,"k":[0,0],"ix":2},"a":{"a":0,"k":[0,0],"ix":1},"s":{"a":0,"k":[100,100],"ix":3},"r":{"a":0,"k":0,"ix":6},"o":{"a":0,"k":100,"ix":7},"sk":{"a":0,"k":0,"ix":4},"sa":{"a":0,"k":0,"ix":5},"nm":"Transform"}],"nm":"c","np":3,"mn":"ADBE Vector Group"},{"ty":"gr","it":[{"ind":0,"ty":"sh","ks":{"a":0,"k":{"i":[[0,0],[-0.292,-0.374],[-0.516,0],[-0.203,0.104],[-0.138,0.203],[0,0],[0,0],[0,0],[0,0],[0,0],[0.191,0.091],[0.247,0],[0.29,-0.417],[0,-0.68]],"o":[[0,0.609],[0.292,0.374],[0.268,0],[0.203,-0.104],[0,0],[0,0],[0,0],[0,0],[0,0],[-0.135,-0.174],[-0.191,-0.091],[-0.523,0],[-0.29,0.417],[0,0]],"v":[[39.465,-1.953],[39.902,-0.479],[41.113,0.082],[41.82,-0.074],[42.332,-0.535],[42.449,0],[43.039,0],[43.039,-6.094],[42.27,-6.094],[42.27,-3.77],[41.779,-4.168],[41.121,-4.305],[39.9,-3.68],[39.465,-2.035]],"c":true}},"nm":"d","mn":"ADBE Vector Shape - Group"},{"ind":1,"ty":"sh","ks":{"a":0,"k":{"i":[[0,0],[-0.176,0.305],[-0.37,0],[-0.158,-0.103],[-0.099,-0.174],[0,0],[0.156,-0.104],[0.229,0],[0.174,0.257],[0,0.427]],"o":[[0,-0.487],[0.176,-0.305],[0.221,0],[0.158,0.103],[0,0],[-0.099,0.188],[-0.156,0.104],[-0.367,0],[-0.174,-0.256],[0,0]],"v":[[40.234,-2.035],[40.498,-3.223],[41.316,-3.68],[41.885,-3.525],[42.27,-3.109],[42.27,-1.137],[41.887,-0.699],[41.309,-0.543],[40.496,-0.928],[40.234,-1.953]],"c":true}},"nm":"d","mn":"ADBE Vector Shape - Group"},{"ty":"mm","mm":1,"nm":"Merge Paths 1","mn":"ADBE Vector Filter - Merge"},{"ty":"fl","c":{"a":0,"k":[0.02,0.157,0.235,1]},"o":{"a":0,"k":100},"r":1,"nm":"Fill 1","mn":"ADBE Vector Graphic - Fill"},{"ty":"tr","p":{"a":0,"k":[0,0],"ix":2},"a":{"a":0,"k":[0,0],"ix":1},"s":{"a":0,"k":[100,100],"ix":3},"r":{"a":0,"k":0,"ix":6},"o":{"a":0,"k":100,"ix":7},"sk":{"a":0,"k":0,"ix":4},"sa":{"a":0,"k":0,"ix":5},"nm":"Transform"}],"nm":"d","np":5,"mn":"ADBE Vector Group"},{"ty":"gr","it":[{"ind":0,"ty":"sh","ks":{"a":0,"k":{"i":[[0,0],[0.016,0.141],[0,0.151],[0,0],[0.292,0.244],[0.479,0],[0.306,-0.255],[-0.018,-0.307],[0,0],[0,0],[-0.154,0.125],[-0.25,0],[-0.151,-0.145],[0,-0.247],[0,0],[0,0],[0.327,-0.228],[0,-0.404],[-0.23,-0.225],[-0.44,0],[-0.23,0.137],[-0.143,0.203],[-0.014,-0.098],[-0.026,-0.128]],"o":[[-0.042,-0.135],[-0.016,-0.141],[0,0],[0,-0.458],[-0.292,-0.243],[-0.484,0],[-0.306,0.255],[0,0],[0,0],[0,-0.174],[0.154,-0.125],[0.276,0],[0.151,0.145],[0,0],[0,0],[-0.56,0],[-0.327,0.228],[0,0.396],[0.23,0.225],[0.266,0],[0.23,-0.137],[0.003,0.099],[0.014,0.098],[0,0]],"v":[[47.578,0],[47.492,-0.414],[47.469,-0.852],[47.469,-2.887],[47.031,-3.939],[45.875,-4.305],[44.689,-3.922],[44.258,-3.078],[44.266,-3.055],[44.996,-3.062],[45.227,-3.512],[45.832,-3.699],[46.473,-3.482],[46.699,-2.895],[46.699,-2.477],[45.863,-2.477],[44.533,-2.135],[44.043,-1.188],[44.389,-0.256],[45.395,0.082],[46.139,-0.123],[46.699,-0.633],[46.725,-0.338],[46.785,0]],"c":true}},"nm":"a","mn":"ADBE Vector Shape - Group"},{"ind":1,"ty":"sh","ks":{"a":0,"k":{"i":[[0.117,0.109],[0,0.188],[-0.186,0.156],[-0.31,0],[0,0],[0,0],[0.224,-0.143],[0.279,0]],"o":[[-0.117,-0.109],[0,-0.211],[0.186,-0.156],[0,0],[0,0],[-0.068,0.185],[-0.224,0.143],[-0.229,0]],"v":[[44.988,-0.727],[44.812,-1.172],[45.092,-1.723],[45.836,-1.957],[46.699,-1.957],[46.699,-1.27],[46.262,-0.777],[45.508,-0.562]],"c":true}},"nm":"a","mn":"ADBE Vector Shape - Group"},{"ty":"mm","mm":1,"nm":"Merge Paths 1","mn":"ADBE Vector Filter - Merge"},{"ty":"fl","c":{"a":0,"k":[0.02,0.157,0.235,1]},"o":{"a":0,"k":100},"r":1,"nm":"Fill 1","mn":"ADBE Vector Graphic - Fill"},{"ty":"tr","p":{"a":0,"k":[0,0],"ix":2},"a":{"a":0,"k":[0,0],"ix":1},"s":{"a":0,"k":[100,100],"ix":3},"r":{"a":0,"k":0,"ix":6},"o":{"a":0,"k":100,"ix":7},"sk":{"a":0,"k":0,"ix":4},"sa":{"a":0,"k":0,"ix":5},"nm":"Transform"}],"nm":"a","np":5,"mn":"ADBE Vector Group"},{"ty":"gr","it":[{"ind":0,"ty":"sh","ks":{"a":0,"k":{"i":[[0,0],[0,0],[0,0],[0,0],[0,0],[0,0],[-0.185,-0.189],[-0.312,0],[-0.112,0.03],[-0.057,0.047],[0,0],[0.055,-0.012],[0.044,0],[0.082,0.081],[0,0.198],[0,0],[0,0],[0,0],[0,0],[0,0]],"o":[[0,0],[0,0],[0,0],[0,0],[0,0],[0,0.404],[0.185,0.189],[0.109,0],[0.112,-0.03],[0,0],[-0.036,0.013],[-0.055,0.012],[-0.135,0],[-0.082,-0.081],[0,0],[0,0],[0,0],[0,0],[0,0],[0,0]],"v":[[48.887,-5.246],[48.887,-4.227],[48.215,-4.227],[48.215,-3.656],[48.887,-3.656],[48.887,-1.09],[49.164,-0.201],[49.91,0.082],[50.242,0.037],[50.496,-0.078],[50.391,-0.605],[50.254,-0.568],[50.105,-0.551],[49.779,-0.672],[49.656,-1.09],[49.656,-3.656],[50.457,-3.656],[50.457,-4.227],[49.656,-4.227],[49.656,-5.246]],"c":true}},"nm":"t","mn":"ADBE Vector Shape - Group"},{"ty":"fl","c":{"a":0,"k":[0.02,0.157,0.235,1]},"o":{"a":0,"k":100},"r":1,"nm":"Fill 1","mn":"ADBE Vector Graphic - Fill"},{"ty":"tr","p":{"a":0,"k":[0,0],"ix":2},"a":{"a":0,"k":[0,0],"ix":1},"s":{"a":0,"k":[100,100],"ix":3},"r":{"a":0,"k":0,"ix":6},"o":{"a":0,"k":100,"ix":7},"sk":{"a":0,"k":0,"ix":4},"sa":{"a":0,"k":0,"ix":5},"nm":"Transform"}],"nm":"t","np":3,"mn":"ADBE Vector Group"},{"ty":"gr","it":[{"ind":0,"ty":"sh","ks":{"a":0,"k":{"i":[[-0.247,0.1],[-0.151,0.146],[0,0],[0.197,-0.074],[0.26,0],[0.188,0.264],[0,0.424],[0,0],[0,0],[0,0],[0.283,0.352],[0.565,0],[0.35,-0.397],[0,-0.607],[0,0],[-0.34,-0.388],[-0.607,0]],"o":[[0.247,-0.1],[0,0],[-0.141,0.13],[-0.197,0.074],[-0.385,0],[-0.188,-0.264],[0,0],[0,0],[0,0],[0,-0.583],[-0.283,-0.352],[-0.505,0],[-0.35,0.397],[0,0],[0,0.633],[0.34,0.388],[0.349,0]],"v":[[53.926,-0.068],[54.523,-0.438],[54.223,-0.938],[53.717,-0.631],[53.031,-0.52],[52.172,-0.916],[51.891,-1.949],[51.902,-1.969],[54.605,-1.969],[54.605,-2.375],[54.182,-3.777],[52.91,-4.305],[51.627,-3.709],[51.102,-2.203],[51.102,-2.031],[51.611,-0.5],[53.031,0.082]],"c":true}},"nm":"e","mn":"ADBE Vector Shape - Group"},{"ind":1,"ty":"sh","ks":{"a":0,"k":{"i":[[-0.151,-0.201],[0,-0.307],[0,0],[0,0],[0,0],[-0.176,0.207],[-0.268,0]],"o":[[0.151,0.201],[0,0],[0,0],[0,0],[0.039,-0.323],[0.176,-0.207],[0.315,0]],"v":[[53.609,-3.398],[53.836,-2.637],[53.836,-2.574],[51.93,-2.574],[51.922,-2.594],[52.244,-3.389],[52.91,-3.699]],"c":true}},"nm":"e","mn":"ADBE Vector Shape - Group"},{"ty":"mm","mm":1,"nm":"Merge Paths 1","mn":"ADBE Vector Filter - Merge"},{"ty":"fl","c":{"a":0,"k":[0.02,0.157,0.235,1]},"o":{"a":0,"k":100},"r":1,"nm":"Fill 1","mn":"ADBE Vector Graphic - Fill"},{"ty":"tr","p":{"a":0,"k":[0,0],"ix":2},"a":{"a":0,"k":[0,0],"ix":1},"s":{"a":0,"k":[100,100],"ix":3},"r":{"a":0,"k":0,"ix":6},"o":{"a":0,"k":100,"ix":7},"sk":{"a":0,"k":0,"ix":4},"sa":{"a":0,"k":0,"ix":5},"nm":"Transform"}],"nm":"e","np":5,"mn":"ADBE Vector Group"},{"ty":"gr","it":[{"ind":0,"ty":"sh","ks":{"a":0,"k":{"i":[[-0.335,-0.299],[-0.565,0],[-0.253,0.082],[-0.208,0.156],[0,0],[0,0],[0,0],[0,0],[-0.102,0.292],[0,0.344],[0,0],[0.06,-0.206],[0.107,-0.169],[0,0],[0,0],[-0.137,0.186],[0,0.255],[0.258,0.237],[0.411,0],[0.254,-0.238],[0,-0.44],[-0.099,-0.202],[-0.203,-0.258],[0.184,-0.238],[0,-0.318]],"o":[[0.335,0.299],[0.271,0],[0.253,-0.082],[0,0],[0,0],[0,0],[0,0],[0.193,-0.232],[0.102,-0.292],[0,0],[0,0.229],[-0.06,0.206],[0,0],[0,0],[0.268,-0.195],[0.137,-0.186],[0,-0.333],[-0.258,-0.237],[-0.445,0],[-0.254,0.238],[0,0.214],[0.099,0.202],[-0.365,0.24],[-0.184,0.238],[0,0.477]],"v":[[57.65,-0.367],[59,0.082],[59.785,-0.041],[60.477,-0.398],[60.809,0],[61.703,0],[61.711,-0.02],[60.988,-0.891],[61.43,-1.676],[61.582,-2.629],[60.895,-2.629],[60.805,-1.977],[60.555,-1.414],[59.227,-3.012],[59.652,-3.324],[60.26,-3.896],[60.465,-4.559],[60.078,-5.414],[59.074,-5.77],[58.025,-5.412],[57.645,-4.395],[57.793,-3.771],[58.246,-3.082],[57.424,-2.365],[57.148,-1.531]],"c":true}},"nm":"&","mn":"ADBE Vector Shape - Group"},{"ind":1,"ty":"sh","ks":{"a":0,"k":{"i":[[0.185,0.19],[0,0.294],[-0.077,0.161],[-0.237,0.177],[0,0],[0,0],[0.182,-0.064],[0.188,0]],"o":[[-0.185,-0.19],[0,-0.13],[0.077,-0.161],[0,0],[0,0],[-0.161,0.12],[-0.182,0.064],[-0.352,0]],"v":[[58.195,-0.805],[57.918,-1.531],[58.033,-1.969],[58.504,-2.477],[58.66,-2.59],[60.07,-0.891],[59.555,-0.615],[59,-0.52]],"c":true}},"nm":"&","mn":"ADBE Vector Shape - Group"},{"ind":2,"ty":"sh","ks":{"a":0,"k":{"i":[[-0.115,0.147],[-0.211,0],[-0.126,-0.122],[0,-0.159],[0.053,-0.116],[0.148,-0.099],[0,0],[0.07,0.15],[0,0.138]],"o":[[0.115,-0.147],[0.203,0],[0.126,0.122],[0,0.141],[-0.053,0.116],[0,0],[-0.141,-0.177],[-0.07,-0.15],[0,-0.214]],"v":[[58.586,-4.943],[59.074,-5.164],[59.568,-4.98],[59.758,-4.559],[59.678,-4.174],[59.375,-3.852],[58.836,-3.48],[58.52,-3.971],[58.414,-4.402]],"c":true}},"nm":"&","mn":"ADBE Vector Shape - Group"},{"ty":"mm","mm":1,"nm":"Merge Paths 1","mn":"ADBE Vector Filter - Merge"},{"ty":"fl","c":{"a":0,"k":[0.02,0.157,0.235,1]},"o":{"a":0,"k":100},"r":1,"nm":"Fill 1","mn":"ADBE Vector Graphic - Fill"},{"ty":"tr","p":{"a":0,"k":[0,0],"ix":2},"a":{"a":0,"k":[0,0],"ix":1},"s":{"a":0,"k":[100,100],"ix":3},"r":{"a":0,"k":0,"ix":6},"o":{"a":0,"k":100,"ix":7},"sk":{"a":0,"k":0,"ix":4},"sa":{"a":0,"k":0,"ix":5},"nm":"Transform"}],"nm":"&","np":6,"mn":"ADBE Vector Group"},{"ty":"gr","it":[{"ind":0,"ty":"sh","ks":{"a":0,"k":{"i":[[0,0],[0,0],[0,0],[0,0],[0,0],[0,0],[-0.185,-0.189],[-0.312,0],[-0.112,0.03],[-0.057,0.047],[0,0],[0.055,-0.012],[0.044,0],[0.082,0.081],[0,0.198],[0,0],[0,0],[0,0],[0,0],[0,0]],"o":[[0,0],[0,0],[0,0],[0,0],[0,0],[0,0.404],[0.185,0.189],[0.109,0],[0.112,-0.03],[0,0],[-0.036,0.013],[-0.055,0.012],[-0.135,0],[-0.082,-0.081],[0,0],[0,0],[0,0],[0,0],[0,0],[0,0]],"v":[[64.73,-5.246],[64.73,-4.227],[64.059,-4.227],[64.059,-3.656],[64.73,-3.656],[64.73,-1.09],[65.008,-0.201],[65.754,0.082],[66.086,0.037],[66.34,-0.078],[66.234,-0.605],[66.098,-0.568],[65.949,-0.551],[65.623,-0.672],[65.5,-1.09],[65.5,-3.656],[66.301,-3.656],[66.301,-4.227],[65.5,-4.227],[65.5,-5.246]],"c":true}},"nm":"t","mn":"ADBE Vector Shape - Group"},{"ty":"fl","c":{"a":0,"k":[0.02,0.157,0.235,1]},"o":{"a":0,"k":100},"r":1,"nm":"Fill 1","mn":"ADBE Vector Graphic - Fill"},{"ty":"tr","p":{"a":0,"k":[0,0],"ix":2},"a":{"a":0,"k":[0,0],"ix":1},"s":{"a":0,"k":[100,100],"ix":3},"r":{"a":0,"k":0,"ix":6},"o":{"a":0,"k":100,"ix":7},"sk":{"a":0,"k":0,"ix":4},"sa":{"a":0,"k":0,"ix":5},"nm":"Transform"}],"nm":"t","np":3,"mn":"ADBE Vector Group"},{"ty":"gr","it":[{"ind":0,"ty":"sh","ks":{"a":0,"k":{"i":[[0,0],[0,0],[0,0],[0,0]],"o":[[0,0],[0,0],[0,0],[0,0]],"v":[[67.957,-4.227],[67.188,-4.227],[67.188,0],[67.957,0]],"c":true}},"nm":"i","mn":"ADBE Vector Shape - Group"},{"ind":1,"ty":"sh","ks":{"a":0,"k":{"i":[[0,0],[0,0],[0,0],[0,0]],"o":[[0,0],[0,0],[0,0],[0,0]],"v":[[67.957,-6.094],[67.188,-6.094],[67.188,-5.309],[67.957,-5.309]],"c":true}},"nm":"i","mn":"ADBE Vector Shape - Group"},{"ty":"mm","mm":1,"nm":"Merge Paths 1","mn":"ADBE Vector Filter - Merge"},{"ty":"fl","c":{"a":0,"k":[0.02,0.157,0.235,1]},"o":{"a":0,"k":100},"r":1,"nm":"Fill 1","mn":"ADBE Vector Graphic - Fill"},{"ty":"tr","p":{"a":0,"k":[0,0],"ix":2},"a":{"a":0,"k":[0,0],"ix":1},"s":{"a":0,"k":[100,100],"ix":3},"r":{"a":0,"k":0,"ix":6},"o":{"a":0,"k":100,"ix":7},"sk":{"a":0,"k":0,"ix":4},"sa":{"a":0,"k":0,"ix":5},"nm":"Transform"}],"nm":"i","np":5,"mn":"ADBE Vector Group"},{"ty":"gr","it":[{"ind":0,"ty":"sh","ks":{"a":0,"k":{"i":[[0,0],[0,0],[0,0],[0,0],[-0.151,0.096],[-0.234,0],[-0.147,-0.184],[0,-0.396],[0,0],[0,0],[0,0],[0,0],[-0.163,0.182],[-0.263,0],[-0.143,-0.173],[0,-0.417],[0,0],[0,0],[0,0],[0.25,0.296],[0.43,0],[0.217,-0.139],[0.135,-0.242],[0.202,0.13],[0.281,0],[0.212,-0.111],[0.138,-0.201],[0,0]],"o":[[0,0],[0,0],[0,0],[0.081,-0.174],[0.151,-0.096],[0.276,0],[0.147,0.184],[0,0],[0,0],[0,0],[0,0],[0.029,-0.279],[0.163,-0.182],[0.284,0],[0.143,0.173],[0,0],[0,0],[0,0],[0,-0.594],[-0.25,-0.296],[-0.292,0],[-0.217,0.139],[-0.102,-0.26],[-0.202,-0.13],[-0.281,0],[-0.212,0.111],[0,0],[0,0]],"v":[[69.141,-4.227],[69.141,0],[69.91,0],[69.91,-3.129],[70.258,-3.535],[70.836,-3.68],[71.471,-3.404],[71.691,-2.535],[71.691,0],[72.465,0],[72.465,-2.684],[72.465,-2.715],[72.752,-3.406],[73.391,-3.68],[74.031,-3.42],[74.246,-2.535],[74.246,0],[75.016,0],[75.016,-2.527],[74.641,-3.861],[73.621,-4.305],[72.857,-4.096],[72.328,-3.523],[71.873,-4.109],[71.148,-4.305],[70.408,-4.139],[69.883,-3.672],[69.828,-4.227]],"c":true}},"nm":"m","mn":"ADBE Vector Shape - Group"},{"ty":"fl","c":{"a":0,"k":[0.02,0.157,0.235,1]},"o":{"a":0,"k":100},"r":1,"nm":"Fill 1","mn":"ADBE Vector Graphic - Fill"},{"ty":"tr","p":{"a":0,"k":[0,0],"ix":2},"a":{"a":0,"k":[0,0],"ix":1},"s":{"a":0,"k":[100,100],"ix":3},"r":{"a":0,"k":0,"ix":6},"o":{"a":0,"k":100,"ix":7},"sk":{"a":0,"k":0,"ix":4},"sa":{"a":0,"k":0,"ix":5},"nm":"Transform"}],"nm":"m","np":3,"mn":"ADBE Vector Group"},{"ty":"gr","it":[{"ind":0,"ty":"sh","ks":{"a":0,"k":{"i":[[-0.247,0.1],[-0.151,0.146],[0,0],[0.197,-0.074],[0.26,0],[0.188,0.264],[0,0.424],[0,0],[0,0],[0,0],[0.283,0.352],[0.565,0],[0.35,-0.397],[0,-0.607],[0,0],[-0.34,-0.388],[-0.607,0]],"o":[[0.247,-0.1],[0,0],[-0.141,0.13],[-0.197,0.074],[-0.385,0],[-0.188,-0.264],[0,0],[0,0],[0,0],[0,-0.583],[-0.283,-0.352],[-0.505,0],[-0.35,0.397],[0,0],[0,0.633],[0.34,0.388],[0.349,0]],"v":[[78.777,-0.068],[79.375,-0.438],[79.074,-0.938],[78.568,-0.631],[77.883,-0.52],[77.023,-0.916],[76.742,-1.949],[76.754,-1.969],[79.457,-1.969],[79.457,-2.375],[79.033,-3.777],[77.762,-4.305],[76.479,-3.709],[75.953,-2.203],[75.953,-2.031],[76.463,-0.5],[77.883,0.082]],"c":true}},"nm":"e","mn":"ADBE Vector Shape - Group"},{"ind":1,"ty":"sh","ks":{"a":0,"k":{"i":[[-0.151,-0.201],[0,-0.307],[0,0],[0,0],[0,0],[-0.176,0.207],[-0.268,0]],"o":[[0.151,0.201],[0,0],[0,0],[0,0],[0.039,-0.323],[0.176,-0.207],[0.315,0]],"v":[[78.461,-3.398],[78.688,-2.637],[78.688,-2.574],[76.781,-2.574],[76.773,-2.594],[77.096,-3.389],[77.762,-3.699]],"c":true}},"nm":"e","mn":"ADBE Vector Shape - Group"},{"ty":"mm","mm":1,"nm":"Merge Paths 1","mn":"ADBE Vector Filter - Merge"},{"ty":"fl","c":{"a":0,"k":[0.02,0.157,0.235,1]},"o":{"a":0,"k":100},"r":1,"nm":"Fill 1","mn":"ADBE Vector Graphic - Fill"},{"ty":"tr","p":{"a":0,"k":[0,0],"ix":2},"a":{"a":0,"k":[0,0],"ix":1},"s":{"a":0,"k":[100,100],"ix":3},"r":{"a":0,"k":0,"ix":6},"o":{"a":0,"k":100,"ix":7},"sk":{"a":0,"k":0,"ix":4},"sa":{"a":0,"k":0,"ix":5},"nm":"Transform"}],"nm":"e","np":5,"mn":"ADBE Vector Group"}],"ip":0,"op":180,"st":0,"bm":0,"sr":1},{"ddd":0,"ind":1,"ty":4,"nm":"Date & Time Outlines","ks":{"o":{"a":0,"k":100},"r":{"a":0,"k":0},"p":{"a":0,"k":[33.5,22.5,0]},"a":{"a":0,"k":[0,0,0]},"s":{"a":0,"k":[100,100,100]}},"ao":0,"shapes":[{"ty":"gr","it":[{"ind":0,"ty":"sh","ks":{"a":0,"k":{"i":[[0,0],[-0.565,0.56],[0,0.889],[0,0],[0.565,0.563],[0.902,0],[0,0],[0,0]],"o":[[0.902,0],[0.565,-0.56],[0,0],[0,-0.885],[-0.565,-0.563],[0,0],[0,0],[0,0]],"v":[[3.096,0],[5.295,-0.84],[6.143,-3.013],[6.143,-4.092],[5.295,-6.265],[3.096,-7.109],[0.747,-7.109],[0.747,0]],"c":true}},"nm":"D","mn":"ADBE Vector Shape - Group"},{"ind":1,"ty":"sh","ks":{"a":0,"k":{"i":[[0,0],[-0.335,-0.386],[0,-0.599],[0,0],[0.335,-0.386],[0.57,0],[0,0],[0,0]],"o":[[0.57,0],[0.335,0.386],[0,0],[0,0.605],[-0.335,0.386],[0,0],[0,0],[0,0]],"v":[[3.096,-6.157],[4.453,-5.579],[4.956,-4.102],[4.956,-3.013],[4.453,-1.526],[3.096,-0.947],[1.934,-0.947],[1.934,-6.157]],"c":true}},"nm":"D","mn":"ADBE Vector Shape - Group"},{"ty":"mm","mm":1,"nm":"Merge Paths 1","mn":"ADBE Vector Filter - Merge"},{"ty":"fl","c":{"a":0,"k":[1,1,1,1]},"o":{"a":0,"k":100},"r":1,"nm":"Fill 1","mn":"ADBE Vector Graphic - Fill"},{"ty":"tr","p":{"a":0,"k":[0,0],"ix":2},"a":{"a":0,"k":[0,0],"ix":1},"s":{"a":0,"k":[100,100],"ix":3},"r":{"a":0,"k":0,"ix":6},"o":{"a":0,"k":100,"ix":7},"sk":{"a":0,"k":0,"ix":4},"sa":{"a":0,"k":0,"ix":5},"nm":"Transform"}],"nm":"D","np":5,"mn":"ADBE Vector Group"},{"ty":"gr","it":[{"ind":0,"ty":"sh","ks":{"a":0,"k":{"i":[[0,0],[0.029,0.2],[0,0.218],[0,0],[0.378,0.312],[0.615,0],[0.396,-0.322],[-0.023,-0.417],[0,0],[0,0],[-0.16,0.129],[-0.27,0],[-0.161,-0.156],[0,-0.277],[0,0],[0,0],[0.404,-0.285],[0,-0.511],[-0.295,-0.283],[-0.55,0],[-0.267,0.168],[-0.16,0.247],[-0.028,-0.127],[-0.042,-0.133]],"o":[[-0.065,-0.192],[-0.029,-0.2],[0,0],[0,-0.586],[-0.378,-0.312],[-0.635,0],[-0.396,0.322],[0,0],[0,0],[0,-0.205],[0.159,-0.129],[0.306,0],[0.161,0.156],[0,0],[0,0],[-0.732,0],[-0.404,0.285],[0,0.495],[0.295,0.283],[0.329,0],[0.267,-0.168],[0.01,0.127],[0.028,0.127],[0,0]],"v":[[11.709,0],[11.567,-0.588],[11.523,-1.216],[11.523,-3.564],[10.957,-4.912],[9.468,-5.381],[7.922,-4.897],[7.363,-3.789],[7.368,-3.76],[8.511,-3.765],[8.75,-4.265],[9.395,-4.458],[10.095,-4.224],[10.337,-3.574],[10.337,-3.11],[9.414,-3.11],[7.71,-2.683],[7.104,-1.489],[7.546,-0.322],[8.813,0.103],[9.707,-0.149],[10.347,-0.771],[10.403,-0.391],[10.508,0]],"c":true}},"nm":"a","mn":"ADBE Vector Shape - Group"},{"ind":1,"ty":"sh","ks":{"a":0,"k":{"i":[[0.132,0.119],[0,0.202],[-0.195,0.171],[-0.345,0],[0,0],[0,0],[0.239,-0.15],[0.296,0]],"o":[[-0.132,-0.119],[0,-0.231],[0.195,-0.171],[0,0],[0,0],[-0.078,0.192],[-0.239,0.15],[-0.247,0]],"v":[[8.489,-1.028],[8.291,-1.509],[8.584,-2.112],[9.395,-2.368],[10.337,-2.368],[10.337,-1.587],[9.861,-1.074],[9.058,-0.85]],"c":true}},"nm":"a","mn":"ADBE Vector Shape - Group"},{"ty":"mm","mm":1,"nm":"Merge Paths 1","mn":"ADBE Vector Filter - Merge"},{"ty":"fl","c":{"a":0,"k":[1,1,1,1]},"o":{"a":0,"k":100},"r":1,"nm":"Fill 1","mn":"ADBE Vector Graphic - Fill"},{"ty":"tr","p":{"a":0,"k":[0,0],"ix":2},"a":{"a":0,"k":[0,0],"ix":1},"s":{"a":0,"k":[100,100],"ix":3},"r":{"a":0,"k":0,"ix":6},"o":{"a":0,"k":100,"ix":7},"sk":{"a":0,"k":0,"ix":4},"sa":{"a":0,"k":0,"ix":5},"nm":"Transform"}],"nm":"a","np":5,"mn":"ADBE Vector Group"},{"ty":"gr","it":[{"ind":0,"ty":"sh","ks":{"a":0,"k":{"i":[[0,0],[0,0],[0,0],[0,0],[0,0],[0,0],[-0.249,-0.256],[-0.436,0],[-0.138,0.031],[-0.101,0.055],[0,0],[0.062,-0.011],[0.065,0],[0.094,0.093],[0,0.218],[0,0],[0,0],[0,0],[0,0],[0,0]],"o":[[0,0],[0,0],[0,0],[0,0],[0,0],[0,0.547],[0.249,0.256],[0.15,0],[0.138,-0.031],[0,0],[-0.055,0.02],[-0.062,0.011],[-0.156,0],[-0.094,-0.093],[0,0],[0,0],[0,0],[0,0],[0,0],[0,0]],"v":[[13.101,-6.567],[13.101,-5.283],[12.295,-5.283],[12.295,-4.404],[13.101,-4.404],[13.101,-1.484],[13.474,-0.281],[14.502,0.103],[14.934,0.056],[15.293,-0.073],[15.166,-0.942],[14.99,-0.896],[14.8,-0.879],[14.424,-1.018],[14.282,-1.484],[14.282,-4.404],[15.229,-4.404],[15.229,-5.283],[14.282,-5.283],[14.282,-6.567]],"c":true}},"nm":"t","mn":"ADBE Vector Shape - Group"},{"ty":"fl","c":{"a":0,"k":[1,1,1,1]},"o":{"a":0,"k":100},"r":1,"nm":"Fill 1","mn":"ADBE Vector Graphic - Fill"},{"ty":"tr","p":{"a":0,"k":[0,0],"ix":2},"a":{"a":0,"k":[0,0],"ix":1},"s":{"a":0,"k":[100,100],"ix":3},"r":{"a":0,"k":0,"ix":6},"o":{"a":0,"k":100,"ix":7},"sk":{"a":0,"k":0,"ix":4},"sa":{"a":0,"k":0,"ix":5},"nm":"Transform"}],"nm":"t","np":3,"mn":"ADBE Vector Group"},{"ty":"gr","it":[{"ind":0,"ty":"sh","ks":{"a":0,"k":{"i":[[-0.332,0.12],[-0.202,0.176],[0,0],[0.236,-0.078],[0.322,0],[0.215,0.27],[0.013,0.433],[0,0],[0,0],[0,0],[0.365,0.438],[0.71,0],[0.435,-0.503],[0,-0.775],[0,0],[-0.435,-0.487],[-0.771,0]],"o":[[0.332,-0.12],[0,0],[-0.202,0.146],[-0.236,0.078],[-0.433,0],[-0.215,-0.27],[0,0],[0,0],[0,0],[0,-0.732],[-0.365,-0.438],[-0.687,-0.003],[-0.435,0.503],[0,0],[0,0.775],[0.435,0.487],[0.433,0]],"v":[[19.575,-0.078],[20.376,-0.522],[19.99,-1.299],[19.333,-0.962],[18.496,-0.845],[17.524,-1.25],[17.183,-2.305],[17.192,-2.329],[20.459,-2.329],[20.459,-2.969],[19.912,-4.724],[18.301,-5.381],[16.619,-4.631],[15.967,-2.715],[15.967,-2.52],[16.619,-0.627],[18.428,0.103]],"c":true}},"nm":"e","mn":"ADBE Vector Shape - Group"},{"ind":1,"ty":"sh","ks":{"a":0,"k":{"i":[[-0.158,-0.21],[0,-0.339],[0,0],[0,0],[0,0],[-0.186,0.223],[-0.309,0]],"o":[[0.158,0.21],[0,0],[0,0],[0,0],[0.046,-0.358],[0.186,-0.223],[0.342,0]],"v":[[19.05,-4.114],[19.287,-3.291],[19.287,-3.198],[17.222,-3.198],[17.212,-3.223],[17.559,-4.094],[18.301,-4.429]],"c":true}},"nm":"e","mn":"ADBE Vector Shape - Group"},{"ty":"mm","mm":1,"nm":"Merge Paths 1","mn":"ADBE Vector Filter - Merge"},{"ty":"fl","c":{"a":0,"k":[1,1,1,1]},"o":{"a":0,"k":100},"r":1,"nm":"Fill 1","mn":"ADBE Vector Graphic - Fill"},{"ty":"tr","p":{"a":0,"k":[0,0],"ix":2},"a":{"a":0,"k":[0,0],"ix":1},"s":{"a":0,"k":[100,100],"ix":3},"r":{"a":0,"k":0,"ix":6},"o":{"a":0,"k":100,"ix":7},"sk":{"a":0,"k":0,"ix":4},"sa":{"a":0,"k":0,"ix":5},"nm":"Transform"}],"nm":"e","np":5,"mn":"ADBE Vector Group"},{"ty":"gr","it":[{"ind":0,"ty":"sh","ks":{"a":0,"k":{"i":[[-0.42,-0.374],[-0.706,0],[-0.304,0.096],[-0.267,0.186],[0,0],[0,0],[0,0],[0,0],[-0.122,0.379],[0,0.449],[0,0],[0.073,-0.244],[0.13,-0.205],[0,0],[0,0],[-0.158,0.243],[0,0.329],[0.324,0.311],[0.518,0],[0.332,-0.312],[0,-0.573],[-0.114,-0.247],[-0.238,-0.306],[0.218,-0.288],[0,-0.391]],"o":[[0.42,0.374],[0.339,0],[0.304,-0.096],[0,0],[0,0],[0,0],[0,0],[0.244,-0.293],[0.122,-0.379],[0,0],[0,0.273],[-0.073,0.244],[0,0],[0,0],[0.303,-0.228],[0.158,-0.242],[0,-0.439],[-0.324,-0.311],[-0.576,0],[-0.332,0.312],[0,0.26],[0.114,0.247],[-0.443,0.303],[-0.218,0.288],[0,0.599]],"v":[[24.219,-0.459],[25.908,0.103],[26.873,-0.042],[27.729,-0.464],[28.125,0],[29.463,0],[29.473,-0.024],[28.535,-1.138],[29.084,-2.146],[29.268,-3.389],[28.271,-3.389],[28.162,-2.612],[27.856,-1.938],[26.382,-3.691],[26.89,-4.058],[27.581,-4.763],[27.817,-5.62],[27.332,-6.746],[26.069,-7.212],[24.707,-6.743],[24.209,-5.415],[24.38,-4.653],[24.907,-3.823],[23.916,-2.937],[23.589,-1.919]],"c":true}},"nm":"&","mn":"ADBE Vector Shape - Group"},{"ind":1,"ty":"sh","ks":{"a":0,"k":{"i":[[0.205,0.208],[0,0.326],[-0.083,0.171],[-0.247,0.182],[0,0],[0,0],[0.199,-0.059],[0.202,0]],"o":[[-0.205,-0.208],[0,-0.153],[0.083,-0.171],[0,0],[0,0],[-0.179,0.114],[-0.199,0.059],[-0.368,0]],"v":[[25.083,-1.157],[24.775,-1.958],[24.9,-2.444],[25.396,-2.974],[25.522,-3.066],[27.109,-1.191],[26.543,-0.933],[25.942,-0.845]],"c":true}},"nm":"&","mn":"ADBE Vector Shape - Group"},{"ind":2,"ty":"sh","ks":{"a":0,"k":{"i":[[-0.129,0.161],[-0.228,0],[-0.135,-0.138],[0,-0.176],[0.063,-0.132],[0.186,-0.12],[0,0],[0.076,0.163],[0,0.156]],"o":[[0.129,-0.161],[0.221,0],[0.135,0.138],[0,0.16],[-0.063,0.132],[0,0],[-0.156,-0.199],[-0.077,-0.163],[0,-0.231]],"v":[[25.515,-6.018],[26.05,-6.26],[26.584,-6.052],[26.787,-5.581],[26.692,-5.144],[26.318,-4.766],[25.786,-4.409],[25.437,-4.951],[25.322,-5.43]],"c":true}},"nm":"&","mn":"ADBE Vector Shape - Group"},{"ty":"mm","mm":1,"nm":"Merge Paths 1","mn":"ADBE Vector Filter - Merge"},{"ty":"fl","c":{"a":0,"k":[1,1,1,1]},"o":{"a":0,"k":100},"r":1,"nm":"Fill 1","mn":"ADBE Vector Graphic - Fill"},{"ty":"tr","p":{"a":0,"k":[0,0],"ix":2},"a":{"a":0,"k":[0,0],"ix":1},"s":{"a":0,"k":[100,100],"ix":3},"r":{"a":0,"k":0,"ix":6},"o":{"a":0,"k":100,"ix":7},"sk":{"a":0,"k":0,"ix":4},"sa":{"a":0,"k":0,"ix":5},"nm":"Transform"}],"nm":"&","np":6,"mn":"ADBE Vector Group"},{"ty":"gr","it":[{"ind":0,"ty":"sh","ks":{"a":0,"k":{"i":[[0,0],[0,0],[0,0],[0,0],[0,0],[0,0],[0,0],[0,0]],"o":[[0,0],[0,0],[0,0],[0,0],[0,0],[0,0],[0,0],[0,0]],"v":[[37.881,-7.109],[32.334,-7.109],[32.334,-6.157],[34.497,-6.157],[34.497,0],[35.684,0],[35.684,-6.157],[37.881,-6.157]],"c":true}},"nm":"T","mn":"ADBE Vector Shape - Group"},{"ty":"fl","c":{"a":0,"k":[1,1,1,1]},"o":{"a":0,"k":100},"r":1,"nm":"Fill 1","mn":"ADBE Vector Graphic - Fill"},{"ty":"tr","p":{"a":0,"k":[0,0],"ix":2},"a":{"a":0,"k":[0,0],"ix":1},"s":{"a":0,"k":[100,100],"ix":3},"r":{"a":0,"k":0,"ix":6},"o":{"a":0,"k":100,"ix":7},"sk":{"a":0,"k":0,"ix":4},"sa":{"a":0,"k":0,"ix":5},"nm":"Transform"}],"nm":"T","np":3,"mn":"ADBE Vector Group"},{"ty":"gr","it":[{"ind":0,"ty":"sh","ks":{"a":0,"k":{"i":[[0,0],[0,0],[0,0],[0,0]],"o":[[0,0],[0,0],[0,0],[0,0]],"v":[[39.927,-5.283],[38.74,-5.283],[38.74,0],[39.927,0]],"c":true}},"nm":"i","mn":"ADBE Vector Shape - Group"},{"ind":1,"ty":"sh","ks":{"a":0,"k":{"i":[[0,0],[0,0],[0,0],[0,0]],"o":[[0,0],[0,0],[0,0],[0,0]],"v":[[39.927,-7.617],[38.74,-7.617],[38.74,-6.577],[39.927,-6.577]],"c":true}},"nm":"i","mn":"ADBE Vector Shape - Group"},{"ty":"mm","mm":1,"nm":"Merge Paths 1","mn":"ADBE Vector Filter - Merge"},{"ty":"fl","c":{"a":0,"k":[1,1,1,1]},"o":{"a":0,"k":100},"r":1,"nm":"Fill 1","mn":"ADBE Vector Graphic - Fill"},{"ty":"tr","p":{"a":0,"k":[0,0],"ix":2},"a":{"a":0,"k":[0,0],"ix":1},"s":{"a":0,"k":[100,100],"ix":3},"r":{"a":0,"k":0,"ix":6},"o":{"a":0,"k":100,"ix":7},"sk":{"a":0,"k":0,"ix":4},"sa":{"a":0,"k":0,"ix":5},"nm":"Transform"}],"nm":"i","np":5,"mn":"ADBE Vector Group"},{"ty":"gr","it":[{"ind":0,"ty":"sh","ks":{"a":0,"k":{"i":[[0,0],[0,0],[0,0],[0,0],[-0.168,0.093],[-0.241,0],[-0.158,-0.195],[0,-0.446],[0,0],[0,0],[0,0],[0.003,0.036],[0,0.049],[-0.176,0.137],[-0.254,0],[-0.155,-0.187],[0,-0.462],[0,0],[0,0],[0,0],[0.308,0.369],[0.531,0],[0.267,-0.166],[0.163,-0.293],[0.247,0.156],[0.345,0],[0.26,-0.137],[0.173,-0.251],[0,0]],"o":[[0,0],[0,0],[0,0],[0.098,-0.169],[0.168,-0.093],[0.306,0],[0.158,0.195],[0,0],[0,0],[0,0],[0,-0.033],[-0.003,-0.036],[0.078,-0.231],[0.176,-0.137],[0.309,0],[0.155,0.187],[0,0],[0,0],[0,0],[0,-0.749],[-0.308,-0.369],[-0.358,0],[-0.267,0.166],[-0.124,-0.312],[-0.247,-0.156],[-0.342,0],[-0.26,0.137],[0,0],[0,0]],"v":[[41.255,-5.283],[41.255,0],[42.441,0],[42.441,-3.877],[42.839,-4.27],[43.452,-4.409],[44.148,-4.116],[44.385,-3.154],[44.385,0],[45.571,0],[45.571,-3.423],[45.566,-3.525],[45.562,-3.652],[45.942,-4.204],[46.587,-4.409],[47.283,-4.128],[47.515,-3.154],[47.515,0],[48.701,0],[48.701,-3.149],[48.24,-4.827],[46.982,-5.381],[46.045,-5.132],[45.4,-4.443],[44.844,-5.146],[43.955,-5.381],[43.052,-5.176],[42.402,-4.595],[42.339,-5.283]],"c":true}},"nm":"m","mn":"ADBE Vector Shape - Group"},{"ty":"fl","c":{"a":0,"k":[1,1,1,1]},"o":{"a":0,"k":100},"r":1,"nm":"Fill 1","mn":"ADBE Vector Graphic - Fill"},{"ty":"tr","p":{"a":0,"k":[0,0],"ix":2},"a":{"a":0,"k":[0,0],"ix":1},"s":{"a":0,"k":[100,100],"ix":3},"r":{"a":0,"k":0,"ix":6},"o":{"a":0,"k":100,"ix":7},"sk":{"a":0,"k":0,"ix":4},"sa":{"a":0,"k":0,"ix":5},"nm":"Transform"}],"nm":"m","np":3,"mn":"ADBE Vector Group"},{"ty":"gr","it":[{"ind":0,"ty":"sh","ks":{"a":0,"k":{"i":[[-0.332,0.12],[-0.202,0.176],[0,0],[0.236,-0.078],[0.322,0],[0.215,0.27],[0.013,0.433],[0,0],[0,0],[0,0],[0.365,0.438],[0.71,0],[0.435,-0.503],[0,-0.775],[0,0],[-0.435,-0.487],[-0.771,0]],"o":[[0.332,-0.12],[0,0],[-0.202,0.146],[-0.236,0.078],[-0.433,0],[-0.215,-0.27],[0,0],[0,0],[0,0],[0,-0.732],[-0.365,-0.438],[-0.687,-0.003],[-0.435,0.503],[0,0],[0,0.775],[0.435,0.487],[0.433,0]],"v":[[53.34,-0.078],[54.141,-0.522],[53.755,-1.299],[53.098,-0.962],[52.261,-0.845],[51.289,-1.25],[50.947,-2.305],[50.957,-2.329],[54.224,-2.329],[54.224,-2.969],[53.677,-4.724],[52.065,-5.381],[50.383,-4.631],[49.731,-2.715],[49.731,-2.52],[50.383,-0.627],[52.192,0.103]],"c":true}},"nm":"e","mn":"ADBE Vector Shape - Group"},{"ind":1,"ty":"sh","ks":{"a":0,"k":{"i":[[-0.158,-0.21],[0,-0.339],[0,0],[0,0],[0,0],[-0.186,0.223],[-0.309,0]],"o":[[0.158,0.21],[0,0],[0,0],[0,0],[0.046,-0.358],[0.186,-0.223],[0.342,0]],"v":[[52.815,-4.114],[53.052,-3.291],[53.052,-3.198],[50.986,-3.198],[50.977,-3.223],[51.323,-4.094],[52.065,-4.429]],"c":true}},"nm":"e","mn":"ADBE Vector Shape - Group"},{"ty":"mm","mm":1,"nm":"Merge Paths 1","mn":"ADBE Vector Filter - Merge"},{"ty":"fl","c":{"a":0,"k":[1,1,1,1]},"o":{"a":0,"k":100},"r":1,"nm":"Fill 1","mn":"ADBE Vector Graphic - Fill"},{"ty":"tr","p":{"a":0,"k":[0,0],"ix":2},"a":{"a":0,"k":[0,0],"ix":1},"s":{"a":0,"k":[100,100],"ix":3},"r":{"a":0,"k":0,"ix":6},"o":{"a":0,"k":100,"ix":7},"sk":{"a":0,"k":0,"ix":4},"sa":{"a":0,"k":0,"ix":5},"nm":"Transform"}],"nm":"e","np":5,"mn":"ADBE Vector Group"}],"ip":0,"op":180,"st":0,"bm":0,"sr":1},{"ddd":0,"ind":2,"ty":4,"nm":"Back button","ks":{"o":{"a":0,"k":100},"r":{"a":0,"k":0},"p":{"a":0,"k":[90,59,0]},"a":{"a":0,"k":[86,54.5,0]},"s":{"a":0,"k":[100,100,100]}},"ao":0,"ef":[{"ty":5,"nm":"Drop Shadow","mn":"ADBE Drop Shadow","ix":1,"en":1,"ef":[{"ty":2,"nm":"Shadow Color","mn":"ADBE Drop Shadow-0001","ix":1,"v":{"a":0,"k":[0.769,0.769,0.769,1]}},{"ty":0,"nm":"Opacity","mn":"ADBE Drop Shadow-0002","ix":2,"v":{"a":0,"k":63.75}},{"ty":0,"nm":"Direction","mn":"ADBE Drop Shadow-0003","ix":3,"v":{"a":0,"k":180}},{"ty":0,"nm":"Distance","mn":"ADBE Drop Shadow-0004","ix":4,"v":{"a":0,"k":2}},{"ty":0,"nm":"Softness","mn":"ADBE Drop Shadow-0005","ix":5,"v":{"a":0,"k":0}},{"ty":7,"nm":"Shadow Only","mn":"ADBE Drop Shadow-0006","ix":6,"v":{"a":0,"k":0}},{"ty":7,"nm":"GPU Rendering","mn":"ADBE Force CPU GPU","ix":7,"v":{"a":0,"k":1}}]}],"shapes":[{"ty":"gr","it":[{"ind":0,"ty":"sh","ks":{"a":0,"k":{"i":[[0,0],[0,0],[0,0],[0,0],[0,0],[0,0],[0,0],[0,0],[0,0],[0,0],[0,0]],"o":[[0,0],[0,0],[0,0],[0,0],[0,0],[0,0],[0,0],[0,0],[0,0],[0,0],[0,0]],"v":[[-2.345,-0.564],[4.5,-0.564],[4.5,0.564],[-2.345,0.564],[1.075,3.985],[0.277,4.783],[-4.5,0.006],[-4.493,0],[-4.5,-0.006],[0.277,-4.783],[1.075,-3.984]],"c":true}},"nm":"Path 1","mn":"ADBE Vector Shape - Group"},{"ty":"gr","it":[{"ind":0,"ty":"sh","ks":{"a":0,"k":{"i":[[0,0],[0,0],[0,0],[0,0]],"o":[[0,0],[0,0],[0,0],[0,0]],"v":[[-14.5,94.217],[157.5,94.217],[157.5,-14.783],[-14.5,-14.783]],"c":true}},"nm":"Path 1","mn":"ADBE Vector Shape - Group"},{"ind":1,"ty":"sh","ks":{"a":0,"k":{"i":[[0,0],[0,0],[0,0],[0,0]],"o":[[0,0],[0,0],[0,0],[0,0]],"v":[[-14.5,-14.783],[157.5,-14.783],[157.5,94.217],[-14.5,94.217]],"c":true}},"nm":"Path 2","mn":"ADBE Vector Shape - Group"},{"ty":"tr","p":{"a":0,"k":[0,0],"ix":2},"a":{"a":0,"k":[0,0],"ix":1},"s":{"a":0,"k":[100,100],"ix":3},"r":{"a":0,"k":0,"ix":6},"o":{"a":0,"k":100,"ix":7},"sk":{"a":0,"k":0,"ix":4},"sa":{"a":0,"k":0,"ix":5},"nm":"Transform"}],"nm":"Group 1","np":2,"mn":"ADBE Vector Group"},{"ty":"mm","mm":4,"nm":"Merge Paths 1","mn":"ADBE Vector Filter - Merge"},{"ty":"fl","c":{"a":0,"k":[1,1,1,1]},"o":{"a":0,"k":100},"r":1,"nm":"Fill 1","mn":"ADBE Vector Graphic - Fill"},{"ty":"tr","p":{"a":0,"k":[14.5,14.783],"ix":2},"a":{"a":0,"k":[0,0],"ix":1},"s":{"a":0,"k":[100,100],"ix":3},"r":{"a":0,"k":0,"ix":6},"o":{"a":0,"k":100,"ix":7},"sk":{"a":0,"k":0,"ix":4},"sa":{"a":0,"k":0,"ix":5},"nm":"Transform"}],"nm":"Back button","np":4,"mn":"ADBE Vector Group"}],"ip":0,"op":180,"st":0,"bm":0,"sr":1},{"ddd":0,"ind":3,"ty":4,"nm":"Toolbar","ks":{"o":{"a":0,"k":100},"r":{"a":0,"k":0},"p":{"a":0,"k":[90,59,0]},"a":{"a":0,"k":[86,54.5,0]},"s":{"a":0,"k":[100,100,100]}},"ao":0,"ef":[{"ty":5,"nm":"Drop Shadow","mn":"ADBE Drop Shadow","ix":1,"en":1,"ef":[{"ty":2,"nm":"Shadow Color","mn":"ADBE Drop Shadow-0001","ix":1,"v":{"a":0,"k":[0.769,0.769,0.769,1]}},{"ty":0,"nm":"Opacity","mn":"ADBE Drop Shadow-0002","ix":2,"v":{"a":0,"k":127.5}},{"ty":0,"nm":"Direction","mn":"ADBE Drop Shadow-0003","ix":3,"v":{"a":0,"k":180}},{"ty":0,"nm":"Distance","mn":"ADBE Drop Shadow-0004","ix":4,"v":{"a":0,"k":2}},{"ty":0,"nm":"Softness","mn":"ADBE Drop Shadow-0005","ix":5,"v":{"a":0,"k":0}},{"ty":7,"nm":"Shadow Only","mn":"ADBE Drop Shadow-0006","ix":6,"v":{"a":0,"k":0}},{"ty":7,"nm":"GPU Rendering","mn":"ADBE Force CPU GPU","ix":7,"v":{"a":0,"k":1}}]}],"shapes":[{"ty":"gr","it":[{"ind":0,"ty":"sh","ks":{"a":0,"k":{"i":[[-1.104,0],[0,0],[0,-1.104],[0,0],[0,0],[0,0]],"o":[[0,0],[1.104,0],[0,0],[0,0],[0,0],[0,-1.104]],"v":[[-84,-14.5],[84,-14.5],[86,-12.5],[86,14.5],[-86,14.5],[-86,-12.5]],"c":true}},"nm":"Path 1","mn":"ADBE Vector Shape - Group"},{"ty":"gr","it":[{"ind":0,"ty":"sh","ks":{"a":0,"k":{"i":[[0,0],[0,0],[0,0],[0,0]],"o":[[0,0],[0,0],[0,0],[0,0]],"v":[[-86,94.5],[86,94.5],[86,-14.5],[-86,-14.5]],"c":true}},"nm":"Path 1","mn":"ADBE Vector Shape - Group"},{"ind":1,"ty":"sh","ks":{"a":0,"k":{"i":[[0,0],[0,0],[0,0],[0,0]],"o":[[0,0],[0,0],[0,0],[0,0]],"v":[[-86,-14.5],[86,-14.5],[86,94.5],[-86,94.5]],"c":true}},"nm":"Path 2","mn":"ADBE Vector Shape - Group"},{"ty":"tr","p":{"a":0,"k":[0,0],"ix":2},"a":{"a":0,"k":[0,0],"ix":1},"s":{"a":0,"k":[100,100],"ix":3},"r":{"a":0,"k":0,"ix":6},"o":{"a":0,"k":100,"ix":7},"sk":{"a":0,"k":0,"ix":4},"sa":{"a":0,"k":0,"ix":5},"nm":"Transform"}],"nm":"Group 1","np":2,"mn":"ADBE Vector Group"},{"ty":"mm","mm":4,"nm":"Merge Paths 1","mn":"ADBE Vector Filter - Merge"},{"ty":"fl","c":{"a":0,"k":[0,0.529,1,1]},"o":{"a":0,"k":100},"r":1,"nm":"Fill 1","mn":"ADBE Vector Graphic - Fill"},{"ty":"tr","p":{"a":0,"k":[86,14.5],"ix":2},"a":{"a":0,"k":[0,0],"ix":1},"s":{"a":0,"k":[100,100],"ix":3},"r":{"a":0,"k":0,"ix":6},"o":{"a":0,"k":100,"ix":7},"sk":{"a":0,"k":0,"ix":4},"sa":{"a":0,"k":0,"ix":5},"nm":"Transform"}],"nm":"Group 9","np":4,"mn":"ADBE Vector Group"}],"ip":0,"op":180,"st":0,"bm":0,"sr":1},{"ddd":0,"ind":4,"ty":4,"nm":"Toggle Circle","ks":{"o":{"a":0,"k":100},"r":{"a":0,"k":0},"p":{"a":0,"k":[90,59,0]},"a":{"a":0,"k":[86,54.5,0]},"s":{"a":0,"k":[100,100,100]}},"ao":0,"ef":[{"ty":5,"nm":"Drop Shadow","mn":"ADBE Drop Shadow","ix":1,"en":1,"ef":[{"ty":2,"nm":"Shadow Color","mn":"ADBE Drop Shadow-0001","ix":1,"v":{"a":0,"k":[0.769,0.769,0.769,1]}},{"ty":0,"nm":"Opacity","mn":"ADBE Drop Shadow-0002","ix":2,"v":{"a":0,"k":63.75}},{"ty":0,"nm":"Direction","mn":"ADBE Drop Shadow-0003","ix":3,"v":{"a":0,"k":180}},{"ty":0,"nm":"Distance","mn":"ADBE Drop Shadow-0004","ix":4,"v":{"a":0,"k":1}},{"ty":0,"nm":"Softness","mn":"ADBE Drop Shadow-0005","ix":5,"v":{"a":0,"k":0}},{"ty":7,"nm":"Shadow Only","mn":"ADBE Drop Shadow-0006","ix":6,"v":{"a":0,"k":0}},{"ty":7,"nm":"GPU Rendering","mn":"ADBE Force CPU GPU","ix":7,"v":{"a":0,"k":1}}]}],"shapes":[{"ty":"gr","it":[{"ind":0,"ty":"sh","ks":{"a":0,"k":{"i":[[-2.762,0],[0,-2.761],[2.762,0],[0,2.761]],"o":[[2.762,0],[0,2.761],[-2.762,0],[0,-2.761]],"v":[[0,-5],[5,0],[0,5],[-5,0]],"c":true}},"nm":"Path 1","mn":"ADBE Vector Shape - Group"},{"ty":"mm","mm":4,"nm":"Merge Paths 1","mn":"ADBE Vector Filter - Merge"},{"ty":"fl","c":{"a":0,"k":[1,1,1,1]},"o":{"a":0,"k":100},"r":1,"nm":"Fill 1","mn":"ADBE Vector Graphic - Fill"},{"ty":"tr","p":{"a":1,"k":[{"i":{"x":0.667,"y":1},"o":{"x":0.333,"y":0},"n":"0p667_1_0p333_0","t":30,"s":[146,50],"e":[156,50],"to":[1.66666662693024,0],"ti":[-4.73695171290616e-15,0]},{"i":{"x":0.928,"y":0},"o":{"x":0.327,"y":0},"n":"0p928_0_0p327_0","t":45,"s":[156,50],"e":[156,50],"to":[0,0],"ti":[0.01358779426664,0]},{"i":{"x":0.669,"y":1},"o":{"x":0.238,"y":1},"n":"0p669_1_0p238_1","t":75,"s":[156,50],"e":[156,50],"to":[-0.0053050108254,0],"ti":[0.04679921269417,0]},{"i":{"x":0.667,"y":1},"o":{"x":0.324,"y":0},"n":"0p667_1_0p324_0","t":105,"s":[156,50],"e":[146,50],"to":[-0.16666667163372,0],"ti":[1.66666662693024,0]},{"t":120}],"ix":2},"a":{"a":0,"k":[0,0],"ix":1},"s":{"a":0,"k":[100,100],"ix":3},"r":{"a":0,"k":0,"ix":6},"o":{"a":0,"k":100,"ix":7},"sk":{"a":0,"k":0,"ix":4},"sa":{"a":0,"k":0,"ix":5},"nm":"Transform"}],"nm":"Toggle circle","np":3,"mn":"ADBE Vector Group"}],"ip":0,"op":180,"st":0,"bm":0,"sr":1},{"ddd":0,"ind":5,"ty":4,"nm":"Date & Time premissions2 Outlines","ks":{"o":{"a":0,"k":100},"r":{"a":0,"k":0},"p":{"a":0,"k":[90,59,0]},"a":{"a":0,"k":[86,54.5,0]},"s":{"a":0,"k":[100,100,100]}},"ao":0,"ef":[{"ty":5,"nm":"Drop Shadow","mn":"ADBE Drop Shadow","ix":1,"en":1,"ef":[{"ty":2,"nm":"Shadow Color","mn":"ADBE Drop Shadow-0001","ix":1,"v":{"a":0,"k":[0.769,0.769,0.769,1]}},{"ty":0,"nm":"Opacity","mn":"ADBE Drop Shadow-0002","ix":2,"v":{"a":0,"k":63.75}},{"ty":0,"nm":"Direction","mn":"ADBE Drop Shadow-0003","ix":3,"v":{"a":0,"k":180}},{"ty":0,"nm":"Distance","mn":"ADBE Drop Shadow-0004","ix":4,"v":{"a":0,"k":2}},{"ty":0,"nm":"Softness","mn":"ADBE Drop Shadow-0005","ix":5,"v":{"a":0,"k":0}},{"ty":7,"nm":"Shadow Only","mn":"ADBE Drop Shadow-0006","ix":6,"v":{"a":0,"k":0}},{"ty":7,"nm":"GPU Rendering","mn":"ADBE Force CPU GPU","ix":7,"v":{"a":0,"k":1}}]}],"shapes":[{"ty":"gr","it":[{"ind":0,"ty":"sh","ks":{"a":0,"k":{"i":[[-3.313,0],[0,0],[0,-3.313],[3.313,0],[0,0],[0,3.313]],"o":[[0,0],[3.313,0],[0,3.313],[0,0],[-3.313,0],[0,-3.313]],"v":[[-5,-6],[5,-6],[11,0],[5,6],[-5,6],[-11,0]],"c":true}},"nm":"Path 1","mn":"ADBE Vector Shape - Group"},{"ty":"mm","mm":4,"nm":"Merge Paths 1","mn":"ADBE Vector Filter - Merge"},{"ty":"fl","c":{"a":0,"k":[0.847,0.878,0.894,1]},"o":{"a":0,"k":100},"r":1,"nm":"Fill 1","mn":"ADBE Vector Graphic - Fill"},{"ty":"tr","p":{"a":0,"k":[151,50],"ix":2},"a":{"a":0,"k":[0,0],"ix":1},"s":{"a":1,"k":[{"i":{"x":[0.667,0.667],"y":[1,1]},"o":{"x":[0.333,0.333],"y":[0,0]},"n":["0p667_1_0p333_0","0p667_1_0p333_0"],"t":30,"s":[100,100],"e":[0,0]},{"i":{"x":[0.695,0.695],"y":[0.695,0.695]},"o":{"x":[0.284,0.284],"y":[0.284,0.284]},"n":["0p695_0p695_0p284_0p284","0p695_0p695_0p284_0p284"],"t":45,"s":[0,0],"e":[0,0]},{"i":{"x":[0.728,0.728],"y":[1,1]},"o":{"x":[0.385,0.385],"y":[0.087,0.087]},"n":["0p728_1_0p385_0p087","0p728_1_0p385_0p087"],"t":105,"s":[0,0],"e":[100,100]},{"t":120}],"ix":3},"r":{"a":0,"k":0,"ix":6},"o":{"a":1,"k":[{"i":{"x":[0.833],"y":[0.833]},"o":{"x":[0.167],"y":[0.167]},"n":["0p833_0p833_0p167_0p167"],"t":0,"s":[100],"e":[100]},{"i":{"x":[0.833],"y":[0.833]},"o":{"x":[0.167],"y":[0.167]},"n":["0p833_0p833_0p167_0p167"],"t":44,"s":[100],"e":[0]},{"i":{"x":[0.833],"y":[0.833]},"o":{"x":[0.167],"y":[0.167]},"n":["0p833_0p833_0p167_0p167"],"t":45,"s":[0],"e":[0]},{"i":{"x":[0.833],"y":[0.833]},"o":{"x":[0.167],"y":[0.167]},"n":["0p833_0p833_0p167_0p167"],"t":104,"s":[0],"e":[100]},{"t":105}],"ix":7},"sk":{"a":0,"k":0,"ix":4},"sa":{"a":0,"k":0,"ix":5},"nm":"Transform"}],"nm":"Toggle bg1","np":3,"mn":"ADBE Vector Group"},{"ty":"gr","it":[{"ind":0,"ty":"sh","ks":{"a":0,"k":{"i":[[-3.313,0],[0,0],[0,-3.313],[3.313,0],[0,0],[0,3.313]],"o":[[0,0],[3.313,0],[0,3.313],[0,0],[-3.313,0],[0,-3.313]],"v":[[-5,-6],[5,-6],[11,0],[5,6],[-5,6],[-11,0]],"c":true}},"nm":"Path 1","mn":"ADBE Vector Shape - Group"},{"ty":"gr","it":[{"ind":0,"ty":"sh","ks":{"a":0,"k":{"i":[[0,0],[0,0],[0,0],[0,0]],"o":[[0,0],[0,0],[0,0],[0,0]],"v":[[-151,59],[21,59],[21,-50],[-151,-50]],"c":true}},"nm":"Path 1","mn":"ADBE Vector Shape - Group"},{"ind":1,"ty":"sh","ks":{"a":0,"k":{"i":[[0,0],[0,0],[0,0],[0,0]],"o":[[0,0],[0,0],[0,0],[0,0]],"v":[[-151,-50],[21,-50],[21,59],[-151,59]],"c":true}},"nm":"Path 2","mn":"ADBE Vector Shape - Group"},{"ty":"tr","p":{"a":0,"k":[0,0],"ix":2},"a":{"a":0,"k":[0,0],"ix":1},"s":{"a":0,"k":[100,100],"ix":3},"r":{"a":0,"k":0,"ix":6},"o":{"a":0,"k":100,"ix":7},"sk":{"a":0,"k":0,"ix":4},"sa":{"a":0,"k":0,"ix":5},"nm":"Transform"}],"nm":"Group 1","np":2,"mn":"ADBE Vector Group"},{"ty":"mm","mm":4,"nm":"Merge Paths 1","mn":"ADBE Vector Filter - Merge"},{"ty":"fl","c":{"a":0,"k":[0.337,0.847,0.463,1]},"o":{"a":0,"k":100},"r":1,"nm":"Fill 2","mn":"ADBE Vector Graphic - Fill"},{"ty":"tr","p":{"a":0,"k":[151,50],"ix":2},"a":{"a":0,"k":[0,0],"ix":1},"s":{"a":0,"k":[100,100],"ix":3},"r":{"a":0,"k":0,"ix":6},"o":{"a":0,"k":100,"ix":7},"sk":{"a":0,"k":0,"ix":4},"sa":{"a":0,"k":0,"ix":5},"nm":"Transform"}],"nm":"Toggle bg2","np":4,"mn":"ADBE Vector Group"},{"ty":"gr","it":[{"ind":0,"ty":"sh","ks":{"a":0,"k":{"i":[[0,0],[0,0],[0,0],[0,0],[0,0],[0,0],[0,0],[0,0],[0,0],[0,0],[0,0]],"o":[[0,0],[0,0],[0,0],[0,0],[0,0],[0,0],[0,0],[0,0],[0,0],[0,0],[0,0]],"v":[[-2.345,-0.564],[4.5,-0.564],[4.5,0.564],[-2.345,0.564],[1.075,3.985],[0.277,4.783],[-4.5,0.006],[-4.493,0],[-4.5,-0.006],[0.277,-4.783],[1.075,-3.984]],"c":true}},"nm":"Path 1","mn":"ADBE Vector Shape - Group"},{"ty":"gr","it":[{"ind":0,"ty":"sh","ks":{"a":0,"k":{"i":[[0,0],[0,0],[0,0],[0,0]],"o":[[0,0],[0,0],[0,0],[0,0]],"v":[[-14.5,94.217],[157.5,94.217],[157.5,-14.783],[-14.5,-14.783]],"c":true}},"nm":"Path 1","mn":"ADBE Vector Shape - Group"},{"ind":1,"ty":"sh","ks":{"a":0,"k":{"i":[[0,0],[0,0],[0,0],[0,0]],"o":[[0,0],[0,0],[0,0],[0,0]],"v":[[-14.5,-14.783],[157.5,-14.783],[157.5,94.217],[-14.5,94.217]],"c":true}},"nm":"Path 2","mn":"ADBE Vector Shape - Group"},{"ty":"tr","p":{"a":0,"k":[0,0],"ix":2},"a":{"a":0,"k":[0,0],"ix":1},"s":{"a":0,"k":[100,100],"ix":3},"r":{"a":0,"k":0,"ix":6},"o":{"a":0,"k":100,"ix":7},"sk":{"a":0,"k":0,"ix":4},"sa":{"a":0,"k":0,"ix":5},"nm":"Transform"}],"nm":"Group 1","np":2,"mn":"ADBE Vector Group"},{"ty":"mm","mm":4,"nm":"Merge Paths 1","mn":"ADBE Vector Filter - Merge"},{"ty":"fl","c":{"a":0,"k":[1,1,1,1]},"o":{"a":0,"k":100},"r":1,"nm":"Fill 1","mn":"ADBE Vector Graphic - Fill"},{"ty":"tr","p":{"a":0,"k":[14.5,14.783],"ix":2},"a":{"a":0,"k":[0,0],"ix":1},"s":{"a":0,"k":[100,100],"ix":3},"r":{"a":0,"k":0,"ix":6},"o":{"a":0,"k":100,"ix":7},"sk":{"a":0,"k":0,"ix":4},"sa":{"a":0,"k":0,"ix":5},"nm":"Transform"}],"nm":"Back button","np":4,"mn":"ADBE Vector Group"},{"ty":"gr","it":[{"ind":0,"ty":"sh","ks":{"a":0,"k":{"i":[[-1.381,0],[0,0],[0,-1.381],[1.381,0],[0,0],[0,1.381]],"o":[[0,0],[1.381,0],[0,1.381],[0,0],[-1.381,0],[0,-1.381]],"v":[[-73.5,-2.5],[73.5,-2.5],[76,0],[73.5,2.5],[-73.5,2.5],[-76,0]],"c":true}},"nm":"Path 1","mn":"ADBE Vector Shape - Group"},{"ty":"mm","mm":4,"nm":"Merge Paths 1","mn":"ADBE Vector Filter - Merge"},{"ty":"fl","c":{"a":0,"k":[0.373,0.49,0.549,1]},"o":{"a":0,"k":100},"r":1,"nm":"Fill 1","mn":"ADBE Vector Graphic - Fill"},{"ty":"tr","p":{"a":0,"k":[86,86.5],"ix":2},"a":{"a":0,"k":[0,0],"ix":1},"s":{"a":0,"k":[100,100],"ix":3},"r":{"a":0,"k":0,"ix":6},"o":{"a":0,"k":20,"ix":7},"sk":{"a":0,"k":0,"ix":4},"sa":{"a":0,"k":0,"ix":5},"nm":"Transform"}],"nm":"Group 4","np":3,"mn":"ADBE Vector Group"},{"ty":"gr","it":[{"ind":0,"ty":"sh","ks":{"a":0,"k":{"i":[[-1.381,0],[0,0],[0,-1.381],[1.381,0],[0,0],[0,1.381]],"o":[[0,0],[1.381,0],[0,1.381],[0,0],[-1.381,0],[0,-1.381]],"v":[[-73.5,-2.5],[73.5,-2.5],[76,0],[73.5,2.5],[-73.5,2.5],[-76,0]],"c":true}},"nm":"Path 1","mn":"ADBE Vector Shape - Group"},{"ty":"mm","mm":4,"nm":"Merge Paths 1","mn":"ADBE Vector Filter - Merge"},{"ty":"fl","c":{"a":0,"k":[0.373,0.49,0.549,1]},"o":{"a":0,"k":100},"r":1,"nm":"Fill 1","mn":"ADBE Vector Graphic - Fill"},{"ty":"tr","p":{"a":0,"k":[86,77.5],"ix":2},"a":{"a":0,"k":[0,0],"ix":1},"s":{"a":0,"k":[100,100],"ix":3},"r":{"a":0,"k":0,"ix":6},"o":{"a":0,"k":20,"ix":7},"sk":{"a":0,"k":0,"ix":4},"sa":{"a":0,"k":0,"ix":5},"nm":"Transform"}],"nm":"Group 5","np":3,"mn":"ADBE Vector Group"},{"ty":"gr","it":[{"ind":0,"ty":"sh","ks":{"a":0,"k":{"i":[[-1.381,0],[0,0],[0,-1.381],[1.381,0],[0,0],[0,1.381]],"o":[[0,0],[1.381,0],[0,1.381],[0,0],[-1.381,0],[0,-1.381]],"v":[[-73.5,-2.5],[73.5,-2.5],[76,0],[73.5,2.5],[-73.5,2.5],[-76,0]],"c":true}},"nm":"Path 1","mn":"ADBE Vector Shape - Group"},{"ty":"mm","mm":4,"nm":"Merge Paths 1","mn":"ADBE Vector Filter - Merge"},{"ty":"fl","c":{"a":0,"k":[0.373,0.49,0.549,1]},"o":{"a":0,"k":100},"r":1,"nm":"Fill 1","mn":"ADBE Vector Graphic - Fill"},{"ty":"tr","p":{"a":0,"k":[86,67.5],"ix":2},"a":{"a":0,"k":[0,0],"ix":1},"s":{"a":0,"k":[100,100],"ix":3},"r":{"a":0,"k":0,"ix":6},"o":{"a":0,"k":20,"ix":7},"sk":{"a":0,"k":0,"ix":4},"sa":{"a":0,"k":0,"ix":5},"nm":"Transform"}],"nm":"Group 6","np":3,"mn":"ADBE Vector Group"},{"ty":"gr","it":[{"ind":0,"ty":"sh","ks":{"a":0,"k":{"i":[[-1.104,0],[0,0],[0,-1.104],[0,0],[0,0],[0,0]],"o":[[0,0],[1.104,0],[0,0],[0,0],[0,0],[0,-1.104]],"v":[[-84,-14.5],[84,-14.5],[86,-12.5],[86,14.5],[-86,14.5],[-86,-12.5]],"c":true}},"nm":"Path 1","mn":"ADBE Vector Shape - Group"},{"ty":"mm","mm":4,"nm":"Merge Paths 1","mn":"ADBE Vector Filter - Merge"},{"ty":"fl","c":{"a":0,"k":[0,0.529,1,1]},"o":{"a":0,"k":100},"r":1,"nm":"Fill 1","mn":"ADBE Vector Graphic - Fill"},{"ty":"tr","p":{"a":0,"k":[86,14.5],"ix":2},"a":{"a":0,"k":[0,0],"ix":1},"s":{"a":0,"k":[100,100],"ix":3},"r":{"a":0,"k":0,"ix":6},"o":{"a":0,"k":100,"ix":7},"sk":{"a":0,"k":0,"ix":4},"sa":{"a":0,"k":0,"ix":5},"nm":"Transform"}],"nm":"Group 9","np":3,"mn":"ADBE Vector Group"},{"ty":"gr","it":[{"ind":0,"ty":"sh","ks":{"a":0,"k":{"i":[[0,0],[0,0],[0,0],[1.104,0],[0,0],[0,1.104]],"o":[[0,0],[0,0],[0,1.104],[0,0],[-1.104,0],[0,0]],"v":[[-86,-40],[86,-40],[86,38],[84,40],[-84,40],[-86,38]],"c":true}},"nm":"Path 1","mn":"ADBE Vector Shape - Group"},{"ty":"gr","it":[{"ind":0,"ty":"sh","ks":{"a":0,"k":{"i":[[0,0],[0,0],[0,0],[0,0]],"o":[[0,0],[0,0],[0,0],[0,0]],"v":[[-86,40],[86,40],[86,-69],[-86,-69]],"c":true}},"nm":"Path 1","mn":"ADBE Vector Shape - Group"},{"ind":1,"ty":"sh","ks":{"a":0,"k":{"i":[[0,0],[0,0],[0,0],[0,0]],"o":[[0,0],[0,0],[0,0],[0,0]],"v":[[-86,-69],[86,-69],[86,40],[-86,40]],"c":true}},"nm":"Path 2","mn":"ADBE Vector Shape - Group"},{"ty":"tr","p":{"a":0,"k":[0,0],"ix":2},"a":{"a":0,"k":[0,0],"ix":1},"s":{"a":0,"k":[100,100],"ix":3},"r":{"a":0,"k":0,"ix":6},"o":{"a":0,"k":100,"ix":7},"sk":{"a":0,"k":0,"ix":4},"sa":{"a":0,"k":0,"ix":5},"nm":"Transform"}],"nm":"Group 1","np":2,"mn":"ADBE Vector Group"},{"ty":"mm","mm":4,"nm":"Merge Paths 1","mn":"ADBE Vector Filter - Merge"},{"ty":"fl","c":{"a":0,"k":[0.969,0.976,0.98,1]},"o":{"a":0,"k":100},"r":1,"nm":"Fill 1","mn":"ADBE Vector Graphic - Fill"},{"ty":"tr","p":{"a":0,"k":[86,69],"ix":2},"a":{"a":0,"k":[0,0],"ix":1},"s":{"a":0,"k":[100,100],"ix":3},"r":{"a":0,"k":0,"ix":6},"o":{"a":0,"k":100,"ix":7},"sk":{"a":0,"k":0,"ix":4},"sa":{"a":0,"k":0,"ix":5},"nm":"Transform"}],"nm":"Group 10","np":4,"mn":"ADBE Vector Group"}],"ip":0,"op":180,"st":0,"bm":0,"sr":1}]}