{"v":"4.5.8","fr":29.9700012207031,"ip":0,"op":60.0000024438501,"w":96,"h":96,"ddd":0,"assets":[],"layers":[{"ddd":0,"ind":0,"ty":4,"nm":"Hand Outlines","ks":{"o":{"a":0,"k":100},"r":{"a":0,"k":0},"p":{"a":0,"k":[48,48,0]},"a":{"a":0,"k":[42.5,44.5,0]},"s":{"a":0,"k":[100,100,100]}},"ao":0,"shapes":[{"ty":"gr","it":[{"ind":0,"ty":"sh","ks":{"a":0,"k":{"i":[[0,0],[-2.688,-2.866],[-0.093,-1.768]],"o":[[4.788,0.332],[4.032,4.299],[0,0]],"v":[[-8.277,-7.923],[2.938,-3.126],[8.277,7.923]],"c":false}},"nm":"Path 1","mn":"ADBE Vector Shape - Group"},{"ty":"st","c":{"a":0,"k":[0,0.529,1,1]},"o":{"a":0,"k":100},"w":{"a":0,"k":4},"lc":2,"lj":2,"nm":"Stroke 1","mn":"ADBE Vector Graphic - Stroke"},{"ty":"tr","p":{"a":0,"k":[74.15,10.72],"ix":2},"a":{"a":0,"k":[0,0],"ix":1},"s":{"a":0,"k":[100,100],"ix":3},"r":{"a":0,"k":0,"ix":6},"o":{"a":1,"k":[{"i":{"x":[0.667],"y":[0.667]},"o":{"x":[0.333],"y":[0.333]},"n":["0p667_0p667_0p333_0p333"],"t":4,"s":[0],"e":[0]},{"i":{"x":[0.667],"y":[1]},"o":{"x":[0.333],"y":[0]},"n":["0p667_1_0p333_0"],"t":12,"s":[0],"e":[100]},{"t":19.0000007738859}],"ix":7},"sk":{"a":0,"k":0,"ix":4},"sa":{"a":0,"k":0,"ix":5},"nm":"Transform"}],"nm":"Group 2","np":2,"mn":"ADBE Vector Group"},{"ty":"gr","it":[{"ind":0,"ty":"sh","ks":{"a":0,"k":{"i":[[0,0],[-4.44,-4.099],[-0.345,-1.835]],"o":[[7.401,-0.526],[6.658,6.149],[0,0]],"v":[[-12.501,-9.997],[5.26,-4.637],[12.501,10.523]],"c":false}},"nm":"Path 1","mn":"ADBE Vector Shape - Group"},{"ty":"st","c":{"a":0,"k":[0,0.529,1,1]},"o":{"a":0,"k":100},"w":{"a":0,"k":4},"lc":2,"lj":2,"nm":"Stroke 1","mn":"ADBE Vector Graphic - Stroke"},{"ty":"tr","p":{"a":0,"k":[65.669,17.756],"ix":2},"a":{"a":0,"k":[0,0],"ix":1},"s":{"a":0,"k":[100,100],"ix":3},"r":{"a":0,"k":0,"ix":6},"o":{"a":1,"k":[{"i":{"x":[0.667],"y":[0.667]},"o":{"x":[0.333],"y":[0.333]},"n":["0p667_0p667_0p333_0p333"],"t":0,"s":[0],"e":[0]},{"i":{"x":[0.667],"y":[1]},"o":{"x":[0.333],"y":[0]},"n":["0p667_1_0p333_0"],"t":8,"s":[0],"e":[100]},{"t":15.0000006109625}],"ix":7},"sk":{"a":0,"k":0,"ix":4},"sa":{"a":0,"k":0,"ix":5},"nm":"Transform"}],"nm":"Group 5","np":2,"mn":"ADBE Vector Group"},{"ty":"gr","it":[{"ind":0,"ty":"sh","ks":{"a":0,"k":{"i":[[0,0],[2.881,2.672],[0.216,1.758]],"o":[[-5.782,0.319],[-4.322,-4.007],[0,0]],"v":[[9.07,6.945],[-3.925,3.417],[-9.07,-7.264]],"c":false}},"nm":"Path 1","mn":"ADBE Vector Shape - Group"},{"ty":"st","c":{"a":0,"k":[0,0.529,1,1]},"o":{"a":0,"k":100},"w":{"a":0,"k":4},"lc":2,"lj":2,"nm":"Stroke 1","mn":"ADBE Vector Graphic - Stroke"},{"ty":"tr","p":{"a":0,"k":[11.544,79.31],"ix":2},"a":{"a":0,"k":[0,0],"ix":1},"s":{"a":0,"k":[100,100],"ix":3},"r":{"a":0,"k":0,"ix":6},"o":{"a":1,"k":[{"i":{"x":[0.667],"y":[0.667]},"o":{"x":[0.333],"y":[0.333]},"n":["0p667_0p667_0p333_0p333"],"t":0,"s":[0],"e":[0]},{"i":{"x":[0.667],"y":[1]},"o":{"x":[0.333],"y":[0]},"n":["0p667_1_0p333_0"],"t":27,"s":[0],"e":[100]},{"t":34.0000013848484}],"ix":7},"sk":{"a":0,"k":0,"ix":4},"sa":{"a":0,"k":0,"ix":5},"nm":"Transform"}],"nm":"Group 3","np":2,"mn":"ADBE Vector Group"},{"ty":"gr","it":[{"ind":0,"ty":"sh","ks":{"a":0,"k":{"i":[[0,0],[4.439,4.099],[0.344,1.835]],"o":[[-7.402,0.526],[-6.658,-6.15],[0,0]],"v":[[12.501,9.997],[-5.26,4.637],[-12.501,-10.523]],"c":false}},"nm":"Path 1","mn":"ADBE Vector Shape - Group"},{"ty":"st","c":{"a":0,"k":[0,0.529,1,1]},"o":{"a":0,"k":100},"w":{"a":0,"k":4},"lc":2,"lj":2,"nm":"Stroke 1","mn":"ADBE Vector Graphic - Stroke"},{"ty":"tr","p":{"a":0,"k":[17.82,70.936],"ix":2},"a":{"a":0,"k":[0,0],"ix":1},"s":{"a":0,"k":[100,100],"ix":3},"r":{"a":0,"k":0,"ix":6},"o":{"a":1,"k":[{"i":{"x":[0.667],"y":[0.667]},"o":{"x":[0.333],"y":[0.333]},"n":["0p667_0p667_0p333_0p333"],"t":0,"s":[0],"e":[0]},{"i":{"x":[0.667],"y":[1]},"o":{"x":[0.333],"y":[0]},"n":["0p667_1_0p333_0"],"t":23,"s":[0],"e":[100]},{"t":30.0000012219251}],"ix":7},"sk":{"a":0,"k":0,"ix":4},"sa":{"a":0,"k":0,"ix":5},"nm":"Transform"}],"nm":"Group 4","np":2,"mn":"ADBE Vector Group"},{"ty":"gr","it":[{"ty":"tr","p":{"a":0,"k":[16.397,73.359],"ix":2},"a":{"a":0,"k":[16.397,73.359],"ix":1},"s":{"a":0,"k":[100,100],"ix":3},"r":{"a":0,"k":0,"ix":6},"o":{"a":1,"k":[{"i":{"x":[0.667],"y":[0.667]},"o":{"x":[0.333],"y":[0.333]},"n":["0p667_0p667_0p333_0p333"],"t":0,"s":[0],"e":[0]},{"i":{"x":[0.667],"y":[1]},"o":{"x":[0.333],"y":[0]},"n":["0p667_1_0p333_0"],"t":23,"s":[0],"e":[100]},{"t":30.0000012219251}],"ix":7},"sk":{"a":0,"k":0,"ix":4},"sa":{"a":0,"k":0,"ix":5},"nm":"Transform"}],"nm":"First ripple","np":0,"mn":"ADBE Vector Group"},{"ty":"gr","it":[{"ty":"gr","it":[{"ind":0,"ty":"sh","ks":{"a":0,"k":{"i":[[0,0],[-0.892,6.022]],"o":[[-3.424,-5.717],[0,0]],"v":[[2.345,8.805],[-1.453,-8.805]],"c":false}},"nm":"Path 1","mn":"ADBE Vector Shape - Group"},{"ty":"st","c":{"a":0,"k":[0.827,0.627,0.455,1]},"o":{"a":0,"k":100},"w":{"a":0,"k":3.5},"lc":2,"lj":2,"nm":"Stroke 1","mn":"ADBE Vector Graphic - Stroke"},{"ty":"tr","p":{"a":0,"k":[50.31,60.192],"ix":2},"a":{"a":0,"k":[0,0],"ix":1},"s":{"a":0,"k":[100,100],"ix":3},"r":{"a":0,"k":0,"ix":6},"o":{"a":0,"k":100,"ix":7},"sk":{"a":0,"k":0,"ix":4},"sa":{"a":0,"k":0,"ix":5},"nm":"Transform"}],"nm":"Group 1","np":2,"mn":"ADBE Vector Group"},{"ty":"gr","it":[{"ind":0,"ty":"sh","ks":{"a":0,"k":{"i":[[0,0],[-0.891,6.022],[-1.395,1.24]],"o":[[-3.424,-5.717],[1.338,-9.034],[0,0]],"v":[[0.354,16.161],[-3.444,-1.447],[4.335,-16.161]],"c":false}},"nm":"Path 1","mn":"ADBE Vector Shape - Group"},{"ty":"st","c":{"a":0,"k":[0.827,0.627,0.455,1]},"o":{"a":0,"k":100},"w":{"a":0,"k":3.5},"lc":1,"lj":1,"ml":4,"nm":"Stroke 1","mn":"ADBE Vector Graphic - Stroke"},{"ty":"tr","p":{"a":0,"k":[52.293,52.944],"ix":2},"a":{"a":0,"k":[0,0],"ix":1},"s":{"a":0,"k":[100,100],"ix":3},"r":{"a":0,"k":0,"ix":6},"o":{"a":0,"k":100,"ix":7},"sk":{"a":0,"k":0,"ix":4},"sa":{"a":0,"k":0,"ix":5},"nm":"Transform"}],"nm":"Group 6","np":2,"mn":"ADBE Vector Group"},{"ty":"gr","it":[{"ind":0,"ty":"sh","ks":{"a":0,"k":{"i":[[-1.643,-3.09],[0,0],[-19.847,12.074],[1.638,2.871],[4.272,12.372],[2.966,-0.52],[-0.773,-4.484],[-0.085,-1.234],[0.788,0.488],[2.257,3.143],[0,0],[2.144,-1.061],[-0.953,-3.086],[0,0],[0,0],[0,0],[2.386,-1.409],[-3.039,-4.483],[-8.753,-12.702],[0,0],[0,0],[1.933,-1.419],[-1.766,-3.467],[0,0],[0,0],[0,0],[1.825,-1.609]],"o":[[14.215,20.227],[0,0],[19.849,-12.073],[-1.091,-1.914],[-0.796,-4.175],[-2.964,0.52],[1.986,7.265],[0.128,1.852],[-0.526,-0.326],[0,0],[-1.849,-2.011],[-2.144,1.061],[0,0],[0,0],[0,0],[-2.337,-3.133],[-0.357,0.211],[2.991,4.413],[0,0],[0,0],[-2.456,-2.13],[-1.932,1.42],[0,0],[0,0],[0,0],[-2.464,-1.87],[-1.824,1.608]],"v":[[-37.245,-5.193],[-15.923,25.148],[19.04,30.858],[28.755,-5.193],[20.712,-26.621],[15.07,-32.103],[11.783,-24.596],[14.889,-11.848],[13.441,-8.407],[9.266,-13.61],[-8.721,-40.044],[-14.71,-41.469],[-16.497,-35.249],[0.352,-10.805],[-1.301,-9.624],[-18.706,-34.597],[-25.79,-37.183],[-26.337,-29.96],[-8.721,-4.288],[-10.502,-2.957],[-26.055,-25.555],[-32.639,-26.621],[-32.887,-19.291],[-17.199,3.78],[-18.706,5.06],[-30.538,-11.848],[-36.973,-12.24]],"c":true}},"nm":"Path 1","mn":"ADBE Vector Shape - Group"},{"ty":"mm","mm":4,"nm":"Merge Paths 1","mn":"ADBE Vector Filter - Merge"},{"ty":"fl","c":{"a":0,"k":[0.957,0.827,0.624,1]},"o":{"a":0,"k":100},"r":1,"nm":"Fill 1","mn":"ADBE Vector Graphic - Fill"},{"ty":"tr","p":{"a":0,"k":[44.295,46.47],"ix":2},"a":{"a":0,"k":[0,0],"ix":1},"s":{"a":0,"k":[100,100],"ix":3},"r":{"a":0,"k":0,"ix":6},"o":{"a":0,"k":100,"ix":7},"sk":{"a":0,"k":0,"ix":4},"sa":{"a":0,"k":0,"ix":5},"nm":"Transform"}],"nm":"Group 7","np":3,"mn":"ADBE Vector Group"},{"ty":"gr","it":[{"ind":0,"ty":"sh","ks":{"a":0,"k":{"i":[[-2.879,-3.09],[4.801,-3.623],[-19.848,12.074],[1.637,2.871],[4.271,12.371],[2.966,-0.52],[-4.88,-12.721],[0,0],[1.041,0.402],[1.307,2.339],[0,0],[2.144,-1.061],[-0.952,-3.086],[0,0],[0,0],[0,0],[2.385,-1.408],[-3.039,-4.483],[-8.753,-12.702],[0,0],[0,0],[1.932,-1.42],[-1.932,-3.467],[0,0],[0,0],[0,0],[1.825,-1.608]],"o":[[22.51,13.356],[-7.201,5.434],[19.848,-12.073],[-1.091,-1.914],[-0.796,-4.176],[-2.965,0.521],[0,0],[-0.112,0.805],[-1.04,-0.402],[0,0],[-1.849,-2.011],[-2.144,1.061],[0,0],[0,0],[0,0],[-2.336,-3.133],[-0.357,0.211],[2.991,4.413],[0,0],[0,0],[-2.11,-1.863],[-1.932,1.419],[0,0],[0,0],[0,0],[-0.467,-1.608],[-1.824,1.609]],"v":[[-33.635,-0.103],[-7.071,25.366],[17.194,25.366],[28.008,-0.103],[19.964,-21.529],[14.322,-27.012],[17.194,-7.15],[14.322,-4.534],[12.594,-3.93],[9.075,-8.042],[-9.469,-34.954],[-15.458,-36.379],[-17.246,-30.159],[-0.397,-5.715],[-2.049,-4.534],[-19.455,-29.507],[-26.538,-32.092],[-27.085,-24.87],[-9.469,0.803],[-11.25,2.135],[-27.571,-20.865],[-33.635,-21.529],[-33.635,-14.201],[-17.946,8.87],[-19.455,10.15],[-31.779,-7.15],[-35.218,-7.15]],"c":true}},"nm":"Path 1","mn":"ADBE Vector Shape - Group"},{"ty":"fl","c":{"a":0,"k":[0.827,0.627,0.455,1]},"o":{"a":0,"k":100},"r":1,"nm":"Fill 1","mn":"ADBE Vector Graphic - Fill"},{"ty":"tr","p":{"a":0,"k":[44.501,44.632],"ix":2},"a":{"a":0,"k":[0,0],"ix":1},"s":{"a":0,"k":[100,100],"ix":3},"r":{"a":0,"k":0,"ix":6},"o":{"a":0,"k":100,"ix":7},"sk":{"a":0,"k":0,"ix":4},"sa":{"a":0,"k":0,"ix":5},"nm":"Transform"}],"nm":"Group 8","np":2,"mn":"ADBE Vector Group"},{"ty":"tr","p":{"a":0,"k":[42.5,44.5],"ix":2},"a":{"a":0,"k":[42.5,44.5],"ix":1},"s":{"a":0,"k":[100,100],"ix":3},"r":{"a":1,"k":[{"i":{"x":[0.667],"y":[1]},"o":{"x":[0.333],"y":[0]},"n":["0p667_1_0p333_0"],"t":0,"s":[0],"e":[15]},{"i":{"x":[0.667],"y":[1]},"o":{"x":[0.333],"y":[0]},"n":["0p667_1_0p333_0"],"t":15,"s":[15],"e":[0]},{"t":30.0000012219251}],"ix":6},"o":{"a":0,"k":100,"ix":7},"sk":{"a":0,"k":0,"ix":4},"sa":{"a":0,"k":0,"ix":5},"nm":"Transform"}],"nm":"Hand","np":4,"mn":"ADBE Vector Group"}],"ip":0,"op":60.0000024438501,"st":0,"bm":0,"sr":1}]}