{
  "TOKENS": {
    "SAL": "dear,hi,thank",
    "CUST": "customer",
    "NAME": "name",
    "DET": "you,your,ur",
    "ATM": "atm",
    "INS": "account|acc,a/c|acc,ac|acc,a/c no|acc,a/c|acc,acc|acc,acct|acc,rd|rd,rd a/c|rd,od a/c|od,od acc|od,loan/od account|od,uan|uan,debit card of account|acc",
    "INS1": "card|card,credit card|creditcard,debit card|debitcard,cc|creditcard,creditcard|creditcard,credit card a/c|creditcard,credit card account|creditcard,credit card ac|creditcard,debitcard|debitcard,debit/atm card|debitcard,atm card|debitcard,debit card|debitcard,cr.crd|creditcard,cr.card|creditcard",
    "INS2": "loan a/c|loan,loan a/c no|loan,loan account|loan,loan ac|loan,loan acc|loan,loan no|loan,loan|loan",
    "CHQ":"cheque|cheque,chq|cheque",
    "NETB": "netbanking|netb,net banking|netb,internet banking|netb,ibanking|netb,mobile banking|netb,mbanking|netb,e-banking|netb",
    "INTERNET":"internet",
    "ART": "a,an,the",
    "MAKE": "mak,made,done|success",
    "USE": "use,using",
    "AUX": "is,are,has,have,has been,have been,was,were,can,being",
    "FUTAUX": "will be,would be,shall be",
    "MODAL": "could,might,shall",
    "MODAL1": "should,must",
    "PREP": "of,with,to,on",
    "PREPL":"in",
    "PREPV": "at,@,for,by,through,thru,from,towards,twds,via,vide,on account of",
    "BLNC": "balance,a/c balance,acbal,clrbal,bal,blnc,a/c bal",
    "ORDERID": "order id,order no",
    "BOOK":"book",
    "MOVIE":"movie",
    "TRACKINGID": "tracking id,awb,dkt",
    "BOOKINGID": "bookingid,booking id",
    "EMAILID": "emailid,email id,e-mail id,e - mail id",
    "TRANSID": "transaction id,txn#,txn id,tranc id",
    "FAVRG":"favouring,fvg",
    "PNR": "pnr,pnrno",
    "SEAT": "seat,seatno,seat(s)",
    "TICKET": "ticket,ticket id",
    "TRX": "paid|debit,dr|debit,withdraw|debit,withdrew|debit,wdl|debit,w/d|debit,spent|debit,debit|debit,realized|debit,realised|debit,deducted|debit",
    "TRX1": "deposit|credit,credit|credit",
    "TRX2": "refund|credit,revers|credit",
    "TRANS": "paying|debit,receive|credit,recd|credit,transfer|debit,transferred|debit",
    "TRANS1": "tranx|debit,trx|debit,txn|debit,transaction|debit,purchase|debit,payment|debit,pymt|debit,pmt|debit,pmnt|debit,pyt|debit,instalment|debit,installment|debit",
    "TRANS2": "charge|debit,levied|debit",
    "CSHDPST": "cash deposit|credit",
    "CSHWDL": "cash withdrawal|debit,csh wdl|debit,cshwdl|debit",
    "CURR": "current,curr,cur",
    "RECHRG": "recharge,rchrg,topup,top up",
    "PLAN":"plan",
    "EMI":"emi",
    "QUAL": "qualifies,qualify",
    "MATUR": "maturity",
    "POLICY": "policy no,pol no,policy",
    "CONSUMERNO": "consumer no,cons. no,uscno,ca no,vc no,d2h id,cust id,tata sky id,digitaltv id",
    "FLIGHT": "flight,flt,airline",
    "DUE[due]": "due|due,dues|due,overdue|overdue,irregular|overdue,curr o/s|due,o/s|due,os|due,outstanding|due,not seen paid|due,pending|pending,unpaid|due",
    "DUEDT":"duedate",
    "DUETO": "due to",
    "SCHED": "schedule|schedule,schdld|schedule",
    "PROCESS":"process|process",
    "MIN": "minimum,min",
    "AMNT": "amount,amt,amnt",
    "AVBL": "available,avbl,avl,avail,avlbl",
    "TOTAL": "total,net,tot,ttl,grand total",
    "CLRNC": "clr,clear,clrnc",
    "CLRING": "clg,clearing",
    "PRSNT": "present,prsntd,lodged",
    "LIMIT": "limit,lmt,cr lmt,credit limit,crd lmt",
    "REF": "reference,ref,rrn,req id,ref id,utr",
    "LINK": "link",
    "LINKADHR": "link aadhaar",
    "NO": "number,no,numbers",
    "MOB": "mobile,telephone,tel,phone,mob,jio",
    "CALL": "call,dial",
    "PLS": "please,pls",
    "GENERATE": "generate,produce",
    "SEND": "sent,send",
    "CONJ": "and,or,&",
    "OTP": "otp,urn,one time password,oac,one-time passcode,onetimepassword,verification code,authentication code,osp,\u0913\u091f\u0940\u092a\u0940",
    "TRANSFER": "neft|neft,imps|imps,upi|upi,rtgs|rtgs,mmt|imps,aeps|aeps",
    "AUTDBT": "auto debit|autdbt,autopay|autdbt,auto sweep|autdbt,auto pay|autdbt",
    "BENE": "beneficiary,benificiery",
    "ADD":"adding,added",
    "DECLINE": "decline, fail,not be processed,timed out",
    "DETAILS": "details,register",
    "CODE":"code",
    "OFFER":"offer,promo,coupon,voucher",
    "EXPIRE": "expire,valid till,valid upto,valid up to,till,valid until",
    "SALARY": "salary|salary,sal|salary",
    "WORTH": "worth",
    "UPTO":"upto,up to",
    "GET":"get,enjoy,win",
    "BILL": "bill,ebill",
    "CASHBACK":"cashback,cashback*",
    "DISCOUNT":"discount,off,flat,off*,discount*",
    "SAVE":"save",
    "MTICKET":"m-ticket,**ksrtc mticket**",
    "PSNGRNAME":"psngrname,passname",
    "ROUTE":"route",
    "TRAVEL":"travels,operator name",
    "DEPART":"departure,depart,doj,deptime,dep,departure time",
    "REPORTTM": "reporting time",
    "FARE":"fare",
    "BOARDPNT":"boarding point,pickuppt,boardingpt",
    "CONTACT":"contact",
    "HELPLINE":"helpline",
    "RESCHE":"rescheduled|reschedule,cancelled|cancel,failed|fail,delayed|delay",
    "CANCEL":"cancel",
    "CANCELFEE":"cancellation fee,cancelled ride",
    "TRIPCODE":"trip code,tripcode,trip id",
    "BUS":"bus",
    "BUSNO":"busno,bus number,bus no",
    "TRAIN":"train,trn",
    "JOURNEY":"journey,jnydate",
    "RIDE": "ride",
    "CRNCY[crncy]": "rs|inr,inr|inr,\u20b9|inr,usd|usd,cad|cad,eur|eur,gbp|gbp,aed|aed,jpy|jpy,aud|aud,s$|s$",
    "FLTID[flight_name]": "6e|Indigo,ai|AirIndia,i5|AirAsia,sg|SpiceJet,g8|GoAir,uk|Vistara,ix|AirIndiaExpress,2t|TruJet,9w|JetAirways,indigo|Indigo,air india|AirIndia,air asia|AirAsia,go air|GoAir,vistara|Vistara,trujet|TruJet,jet airways|JetAirways,air india express|AirIndiaExpress,spicejet|SpiceJet",
    "INCR": "increase,extension,enhance",
    "REMIND":"reminder",
    "ALERT":"alert",
    "FREE": "free",
    "ORIG": "original",
    "PLATFRM":"platform,depot",
    "CREW": "crew",
    "DT": "date,dt",
    "PLSPAY": "please pay,requested to clear",
    "PAY": "pay",
    "ORDER": "order",
    "WALLET":"wallet,mywallet,ola money|ola",
    "SUSPEND": "disconnect|disconnect,suspend|suspend,inoperative|inoperative,not operated|inoperative,stopped|stop,closed|close,blocked|block,inactive|inactive",
    "SERVICE": "service,service id,serviceno",
    "RECNCHRG": "reconnection charges",
    "AVOID": "avoid",
    "CROSS": "cross",
    "CRDPOINTS": "credits",
    "INSTALL": "install",
    "INCORRPIN": "incorrect pin|incorrpin,incorrect cvv|incorrcvv",
    "INFO": "info",
    "FIND": "find",
    "HTTP": "http,https",
    "ORDSTATUS[status]": "order received|ordrcv,order confirmed|ordrcv,confirmed|ordrcv,order placed|ordrcv,placed|ordrcv,shipped|ordshp,packed|ordpck,arriving early|arrverly,arriving today|arrvtdy,on the way|arrvontm,dispatched|ordshp,out for delivery|arrvtdy,delivered|delvrd,order delivered|delvrd,pickup and refund update|pickup,on time|arrvontm,will be delivered|ordshp,order rejected|ordcancl",
    "ORDNTF[status]": "action required|actionrqd,rejected|rejected,returned|returned,undelivered|undelivered,unable to process|returned,cannot be honoured|returned,dishonoured|returned,dishonored|returned",
    "NOT": "not",
    "SUCCESSFUL": "successful|success,success|success",
    "DELIVERY": "delivery",
    "APPROVE": "approved|approved,sanctioned|approved",
    "DISBURSE": "disbursement|disburse,disbursed|disburse",
    "APPLCTN":"application",
    "INSUFFUNDS[reason]": "due to insufficient funds|insuffunds,due to funds insufficient|insuffunds,due to insufficient account balance|insuffunds,due to insufficient balance|insuffunds,due to reason-insufficient funds|insuffunds,due to drawers signature required|signature_rqd,due to chq irregularly drawn|figure_differ,due to drawers signature differ|signature_rqd,due to reason image not clear|unclear_image,due to reason door closed|door_closed,not activated for international use|deactve_intl,insufficient credit limit balance|insuffunds",
    "PREM":"premium",
    "SHOWS": "shows",
    "LANDMARK": "landmark",
    "ADDRESS": "address",
    "INIT": "initiate,create,start",
    "RQST":"request",
    "PRECLSRE":"preclosure",
    "STATMNT": "statement",
    "PICKUP": "pickup,pick up",
    "PACKAGE": "package",
    "CAR[car]": "swift|swift,etios|etios,indica|indica,ritz|ritz,xcent|xcent,auto|auto,fiesta|fiesta,figo|figo,micra|micra,zest|zest,vehicle",
    "IDPRX": "crn,krn",
    "MRP": "mrp",
    "RENTAL": "rental",
    "CONVEMI": "converted to emi,converted into emi",
    "PER": "per",
    "AS": "as",
    "PYMNTS": "payments",
    "ENDING": "ending",
    "OVERDRAWN": "overdrawn",
    "REACH": "reach",
    "ORDCNCLRESN[reason]": "not accepted|ntacpt",
    "RETPICKUP[status]": "return pickup|pickup,return pick up|pickup",
    "PLUSCHG": "plus charges",
    "FOLIO": "folio",
    "TERMDEP": "term deposit,fd,fixed deposit",
    "ONLINE": "online",
    "ECS": "nach,ecs mandate,ecs,nach mandate"
  },
  "CLASSIFIER": {
    "CLS_ID": [
      "BOOKINGID",
      "REF",
      "PNR",
      "TICKETNO",
      "TICKET",
      "FLIGHT",
      "TRIPCODE",
      "NO",
      "BUSNO",
      "CODE",
      "OFFERCODE",
      "OFFER",
      "OFFERS",
      "TRANSID",
      "ORDERID",
      "TRACKINGID",
      "AUX"
    ]
  },
  "GRAMMAR": {
    "GRM_BANK":
      {
        "GRMR": [
          {
            "TRANSINTENT[trx]": "TRANS AMT,AMT TRANS",
            "INTENT[trx]": "TRX AMT,AMT TRX,USE INSTR AMT,TRANSINTENT TRX,INTENT CSHDPST,CSHDPST AMT,INTENT CSHWDL,INSTR USE AMT,TRANSINTENT TRANS,TRANS TRANSINTENT",
            "FUTINTENT[futtrx]": "FUTAUXTRX AMT,AMT FUTAUXTRX,POLAMT FUTAUXTRX",
            "INSTR[acc]": "INS INSTRNO,INS NUM,INS NUMBER,USE NETB",
            "WALADD[waladd]": "ADDAMT WALLET",
            "RETAMT[trx]": "AMT ORDNTF"
          },
          {
            "BAL[bal]": "BLNC AMT,AVBL BAL,CURR BAL,TOTAL BAL,BLNC NUM,CLRNC BAL,AMT AUX BLNC",
            "CHQNO[acc]":"CHQ INSTRNO,CHQ NUM,CHQ NUMBER",
            "CHQAMT[trx]":"CHQNO AMT,CHQ AMT",
            "CRDLIMT[crdlmt]": "LIMIT AMT",
            "TOTCRDLIMT[totcrdlmt]": "TOTAL CRDLIMT",
            "AVLCRDLIMT[crdlmt]": "AVBL CRDLIMT",
            "TRXCATG[trxcatg]": "TRANSFER REFNO,TRANSFER TRANS",
            "TRXID[ref]": "TRANSID NUM,TRANSID IDVAL",
            "BENTRX[bentrx]": "INTENT BENEACC,INTENT BENE",
            "REFNO[ref]": "REF NUMBER,REF NUM,REF IDVAL",
            "INCRDLMT[incrdlmt]": "INCR CRDLIMT PREP AMT,CRDLIMT INCR PREP AMT"
          },
          {
            "NUMBER": "NO NUM",
            "FUTAUXTRX[futtrx]":"FUTAUX TRX,FUTAUX TRANS",
            "BENEADDACC[beneacc]":"BENEADD INSTR,INSTR BENEADD",
            "BENEADD[beneadd]":"ADD BENE",
            "BENEACC[bene]": "BENE INS",
            "ADDAMT[add]":"ADD AMT",
            "MOBILE[mobile]": "INS LINK MOB INSTRNO",
            "LINKADHRDATE[lnkadhr]": "LINKADHR DATE"
          }
        ],
        "STRUCT": [
          "TRANSINTENT #vendor",
          "INTENT #vendor",
          "INTENT INFO #vendor",
          "TRANSINTENT INFO #vendor",
          "INTENT PREPL #location PREPV #vendor"
        ]
      },
    "GRM_OTP":
      {
        "GRMR": [
          {
            "OTPNO[otp]<5>": "OTP NUM,NUM OTP,OTP NUMBER"
          }
        ],
        "STRUCT": []
      },
    "GRM_EVENT":
      {
        "GRMR": [
          {
            "TICKETGEN<3>": "TICKET AUX GENERATE SEND EMAILID,PLS FIND TICKET DETAILS",
            "SEATNUMB": "SEATNO SEATNUM,SEAT SEATNUM",
            "BKNGID[booking]": "BOOKINGID IDVAL"
          },
          {
            "SEATNO": "SEAT NO"
          },
          {
          }
        ],
        "STRUCT": [
          "BKNGID SEATNUMB #movie DATE #location",
          "TICKETGEN PREPV #movie DATE #location"
        ]
      },
    "GRM_TRAVEL":
      {
        "GRMR": [
          { "PNRID<2>[pnr]": "PNR IDVAL,PNR NUM",
            "PNRALERT[alert]":"PNRID AUX RESCHE,PNRID TICKET RESCHE,TICKETNUM RESCHE",
            "FLTALERT[fltalert]": "FLTIDVAL AUX RESCHE",
            "TICKETNUM[ticket]":"TICKETNO IDVAL,TICKET IDVAL",
            "DEPDATE[dept]":"DEPART DATE,JOURNEY DATE",
            "DEPTIME[dept]": "DEPART TIME,DEPART NUM",
            "REPORTIME[rprt]": "REPORTTM TIME,REPORTTM NUM",
            "TOTALFARE[fare]": "TOTAL FAREAMT,DISCOUNT FAREAMT",
            "TRIPCODEVAL[trip]": "TRIPCODE IDVAL,TRIPCODE NUM",
            "ITINERARY": "LOCATION LOCATION",
            "AIRPORTS": "AIRPORT AIRPORT"
          },
          {  "TICKETNO":"TICKET NO",
            "SEATNUMB": "SEATNO SEATNUM,SEAT SEATNUM",
            "SEATNO": "SEAT NO",
            "FAREAMT[fare]": "FARE AMT,FARE TRX AMT,FARE NUM",
            "BOARDPNTCONT[tele]":"BOARDPNT CONTACT NUM,CREWMOB NUM",
            "ORIGFARE[orgfare]": "ORIG FAREAMT",
            "TRAINNUM[train]":"TRAIN NUM",
            "BUSID[bus]<2>": "BUSNO IDVAL",
            "BKNGID[booking]": "BOOKINGID IDVAL"

          },
          {
            "REFNO[ref]": "REF NUMBER,REF NUM,REF IDVAL",
            "CREWMOB":"CREW MOB NO,CONTACT NO,CONTACT TRAVEL",
            "ORDERIDVAL[order]": "ORDERID NUM,ORDERID IDVAL",
            "CABBKIG[cab]": "CAR VHRGID"
          }
        ],
        "STRUCT": [
          "ROUTE ITINERARY TRAVEL #vendor BOARDPNT #boardpnt LANDMARK #landmark ADDRESS #address BOARDPNTCONT",
          "JOURNEY ITINERARY PNRID TRAVEL #vendor BOARDPNT #boardpnt",
          "PNRID FLTIDVAL DATE #itinerary TIMES",
          "MTICKET ITINERARY PSNGRNAME #psngrname TRIPCODEVAL BOARDPNT #boardpnt PLATFRM",
          "MTICKET ITINERARY TRIPCODEVAL BOARDPNT #boardpnt",
          "PNRID TRIPCODEVAL ITINERARY NAME #vendor BOARDPNT #boardpnt",
          "BUSID SERVICE #itinerary",
          "PNRID TRAINNUM DEPDATE #itinerary"
        ]
      },
    "GRM_BILL":
      {
        "GRMR": [
          {
            "INTENTDUE[bill]<3>": "TRANSINTENT DUE,DUE TRANSINTENT,BILL AMTDUE,AMNT AMTDUE,AMT AUX SCHED,TRANSINTENT AUX SCHED,BILLNO AUX SCHED,AMTDUE INSTR,PLSPAY BILL AMT,AMNT BILL AMT,CRSDUEDT TRANSINTENT,BILL AMT PYTDUE,BILL TRANSINTENT DATE",
            "BILLRESCHE[billresche]<2>":"RECHRGAMT AUX RESCHE,BILL TRANSINTENT DUE,RECHRGAMT AUX DUE",
            "BILLPRCS[billprcs]":"BILLNO AUX PROCESS,TRANSINTENT BILLPRCS,TRANSINTENT AUX PROCESS,TRANSINTENT AUX SUCCESSFUL",
            "TOTAMT[bill]": "TOTAL AMTDUE,TOTAL AMT,TOTAL TRANSINTENT,BILLNO AMT,TOTBILL AMT",
            "MINAMT[min]": "MIN AMNT AMT,MIN AMTDUE,MIN TRANSINTENT,MIN AMT",
            "PYTDUE[emiacc]<3>":"INS AUX DUE,INSTR AUX DUE,INSTR SHOWS DUE,DUE INSTR",
            "EMIDUE[emi]<3>":"EMIAMT DUE,EMID AMT,DUE EMIAMT,EMID DATE,EMIDUE AMT,PYTDUE AMT",
            "POLDUE[policy]<3>": "INTENTDUE POLNUM,AMT POLNUM DUE,POLNUM INTENTDUE,AMT POLNUM TRX,POLNUM AMTDUE,POLNUM DUEDATE,POLAMT POLNUM DUE",
            "INTENTDUEDATE[bill]": "INTENTDUE DATE,AMTDUE DATE",
            "AMTDUE[bill]": "AMT DUE,DUE AMT,AMT AUX GENERATE,DUE BAL",
            "DUEAMT[due]<3>": "DUE AMNT AUX NUM,RENTAL AMT",
            "AMTDUERCV[amtrcv]<2>": "AMTDUE AUX TRANS,TRANSINTENT BILLNO AUX TRANS,INTENT BILL AMNT",
            "BILLNO[billno]": "BILL NUM,BILL INSTR",
            "ACCDISC[discacc]<2>":"INSTR AUX SUSPEND,SERVICE AUX SUSPEND,INSTR FUTAUX SUSPEND",
            "LOANAPPROVAL[approvedloan]<2>": "INS APPLNO APRVEDAMT,APPLCTN INSTR APRVEDAMT,APPLAMT APPROVE",
            "PRECLOSURE[preclosure]<2>": "PRECLSRQST AMT",
            "CABBKG[cab]<2>": "TRANSINTENT RIDE,AMT TOTBILL RIDE,TOTBILL RIDE AMT",
            "CABCANCEL[cabcancel]<2>": "FUTINTENT RIDE CANCELFEE",
            "RECHRGAMT[rechrg]": "RECHRG AMT,AMT RECHRG"
          },
          {
            "BAL[bal]": "BLNC AMT,AVBL BAL,TOTAL BAL,BLNC NUM,CLRNC BAL",
            "RCHRGSUCC[rechrg]<3>": "RECHRG SUCCESSFUL,RECHRGAMT SUCCESSFUL,RECHRG MAKE,TRANSINTENT CONSUMERNUM,RCHRGSUCC NUM,INTENT RECHRG",
            "INSTR[acc]": "INS INSTRNO,INS NUM,INS NUMBER",
            "DUEDATE[due]": "DUE DATE,DUEDT DATE",
            "TRANSINTENT[trx]": "TRANS AMT",
            "POLAMT[policy]":"PREM AMT",
            "CRSDUEDT":"CROSS DUE DT",
            "SERVICENUM[service]":"SRVCERQST NUMBER",
            "APRVEDAMT[approved]": "APPROVE AMT,AMT APPROVE,DISBURSE AMT",
            "TOTBILL": "TOTAL BILL",
            "MOBILE[mobile]": "MOB NUM,MOB NUMBER",
            "CONSUMERNUM[consumer]": "CONSUMERNO NUM",
            "REFNO[ref]": "REF NUMBER,REF NUM,REF IDVAL",
            "TRXID[ref]": "TRANSID NUM,TRANSID IDVAL",
            "MRPAMT[mrp]": "MRP AMT",
            "FOLIONUM": "FOLIO NUM,FOLIO INSTRNO"
          },
          {
            "EMIAMT[emi]":"EMI AMT",
            "EMID[emi]":"EMI DUE",
            "POLNUM[policy]":"POLICY NUM,POLICY NUMBER",
            "NUMBER": "NO NUM",
            "APPLAMT": "INS APPLCTN AMT",
            "APPLNO[application]": "APPLCTN NUMBER,APPLCTN NUM",
            "PRECLSRQST":"PRECLSRE RQST",
            "SRVCERQST": "SERVICE RQST",
            "AVOIDRECON": "AVOID AMT RECNCHRG"
          }
        ],
        "STRUCT": [
          "BILLNO #vendor"
        ]
      },
    "GRM_OFFERS":
      {
        "GRMR": [
          {

          },
          {
            "CODEVAL<3>[code]": "OFFERCODE IDVAL,CODE IDVAL,OFFERS IDVAL",
            "CASHBACKVALUE<3>[cashback]": "CASHBACK AMT,AMT CASHBACK,GETUPTOAMT CASHBACK,PCT CASHBACK,CASHBACK PCT,CASHBACKVALUE PREP RECHRG,RECHRGAMT PLAN",
            "DISCNTVAL<3>[discount]": "DISCOUNT PCT,PCT DISCOUNT,DISCOUNT AMT,AMT DISCOUNT,GETUPTOAMT DISCOUNT",
            "SAVEVAL<3>[save]": "SAVE PCT,SAVE AMT,OFFER WORTH AMT,OFFER UPTO AMT,DISCNTVAL MINAMT",
            "OFFERCODE[offer]": "USE CODE,USE OFFER,OFFERCODE CODE",
            "OFFERS[offer]":"OFFER CODE",
            "EXPDATE[expire]": "EXPIRE DATE,EXPIRE TIME",
            "GETUPTOAMT[discount]": "GETUPTO AMT"
          },
          {
            "TRANSINTENT[trx]": "TRANS AMT"
          }
        ],
        "STRUCT": [
          "CASHBACKVALUE PREP #offertext",
          "DISCNTVAL PREP #offertext",
          "CODEVAL PREP #offertext"
        ]
      },
    "GRM_NOTIF":
      {
      "GRMR": [
        {
          "TRCONV[conv]<5>": "TRANSINTENT CONVEMI,TRANSINTENT QUAL EMI",
          "TRXDECLINE[decline]<5>": "INTENT DECLINE,TRANSINTENT DECLINE,TRANS DECLINE,INSTR INSUFFUNDS,AMT AUX RESCHE,TRANSINTENT RESCHE,INSTR_ORDNTF INSUFFUNDS,TRANSINTENT ORDNTF",
          "DECLINE_REASON[decline]<5>": "DECLINE INCORRPIN,TRXDECLINE INCORRPIN",
          "INSTR_ORDNTF[acc]<4>": "ORDNTF CHQNO,CHQAMT ORDNTF,CHQNO ORDNTF,CHQ_CLRG ORDNTF",
          "CHQ_CLRG[chqclr]<3>": "CHQNO CHQCLRING,CHQAMT CHQCLRING,CHQAMT AUX PROCESS",
          "CHQ_NTF[acc]<2>": "NUM CHQ ORDNTF",
          "OVERAMT[overdrawn]<2>": "OVERDRAWN AMT"
        },
        {},
        {
          "CHQCLRING": "PRSNT CLRING,PRSNT TRANS,TRANS CLRING"
        }
      ],
      "STRUCT": []
    },
    "GRM_DELIVERY":
      {
      "GRMR": [
        {
          "ORDERSTATUS[order]<3>": "ORDSTATUS ORDERIDVAL,ORDSTATUS ORDSTATUS,ORDER ORDSTATUS,ORDERIDVAL ORDSTATUS,ORDSTATUS REACHDT,ORDSTATUS ORDCNCLRESN,RETPICKUP SCHED DATE,RETPICKUP RESCHE,ORDSTATUS ORDERRCV",
          "TRACKSTATUS[tracking]<3>":"TRACKINGIDVAL ORDSTATUS",
          "ORDERAMT[order]": "ORDERSTATUS AMT",
          "DLVRYNOTIF[ordnotif]<3>": "ORDNTF DELIVERY TRACKINGIDVAL NOT SUCCESSFUL"
        },
        {
          "ORDERRCV[order]": "ORDERIDVAL AMNT AMT",
          "ORDERIDVAL[order]": "ORDERID NUM,ORDERID IDVAL",
          "TRACKINGIDVAL[tracking]": "TRACKINGID IDVAL,TRACKINGID NUM,TRACKINGID NUMBER",
          "REACHDT": "REACH DATE"
        },
        {}
      ],
      "STRUCT": [
        "ORDERSTATUS #item ORDSTATUS",
        "ORDSTATUS #item ORDERSTATUS",
        "TRANS #item ORDERAMT"
      ]
    },
    "GRM_VOID": {
      "GRMR": [
        {},
        {},
        {
          "CALLNO[call]": "CALL NUM,CONTACT HELPLINE NUM,CALL INSTRNO,SEND NUM,CALL MOBILE",
          "GETUPTO": "GET UPTO"
        }
      ],
      "STRUCT": []
    }
  }
}