{
  "GRM_BANK": {
    "vendor": "s",
    "vendor_norm": "dffVal2",
    "trx_type": "c",
    "acc_num": "val1",
    "ref_id": "g",
    "aux_instrval": "val2",
    "trx_subcategory": "p",
    "aux_instr": "f",
    "acc_type": "o",
    "trx_category": "k",
    "trx_amt": "val3",
    "bal_amt": "val4",
    "crdlmt_amt": "val4",
    "totcrdlmt_amt": "val5",
    "trx_currency": "dffVal1",
    "modelType": "d",
    "date": "datetime",
    "loc": "dffVal3"
  },
  "GRM_EVENT": {
    "booking_id": "g",
    "seat": "val3",
    "movie": "k",
    "date": "datetime",
    "location": "c",
    "seatnum": "val4",
    "modelType": "d",
    "url": "dffVal5"
  },
  "GRM_TRAVEL": {
    "travel_category": "k",
    "travel_vendor": "s",
    "to_loc": "c",
    "from_loc": "p",
    "pnr_id": "o",
    "boardpnt": "g",
    "seat": "val3",
    "psngrname": "val1",
    "alert_id": "o",
    "date": "datetime",
    "trip_class": "g",
    "alert_type": "f",
    "trip_id": "val2",
    "fare_amt": "val5",
    "tele_num": "dffVal4",
    "seatnum": "val4",
    "modelType": "d",
    "url": "dffVal5",
    "dept_time": "dffVal1",
    "track_url": "dffVal3",
    "travel_mode": "dffVal2"
  },
  "GRM_BILL": {
    "vendor": "s",
    "dueins_num": "val1",
    "dueins_type": "o",
    "dueamt_currency": "",
    "aux_currency": "",
    "bill_category": "k",
    "aux_type": "f",
    "bill_type": "c",
    "bill_num": "g",
    "due_amt": "val3",
    "aux_amt": "val4",
    "cab_state": "dffVal1",
    "cab_car": "dffVal2",
    "otp_num": "dffVal3",
    "modelType": "d",
    "date": "datetime"
  },
  "GRM_OTP": {
    "otp_num": "val1",
    "otp_type": "p",
    "trx_amt": "val3",
    "modelType": "d",
    "date": "datetime"
  },
  "GRM_OFFERS": {
    "code_id": "g",
    "expiry_date": "datetime",
    "offertext": "s",
    "classification": "k",
    "offer_type": "p",
    "offer_type1": "c",
    "offer_ins": "o",
    "offer_ins1": "f",
    "offer_val": "val1",
    "offer_val1": "val2",
    "read_status": "val3",
    "modelType": "d"
  },
  "GRM_NOTIF": {
    "notif_category": "k",
    "notif_type1": "c",
    "notif_val1": "val1",
    "notif_type2": "o",
    "notif_val2": "val2",
    "notif_type3": "f",
    "notif_val3": "val3",
    "notif_type4": "g",
    "notif_val4": "val4",
    "notif_type5": "s",
    "notif_val5": "val5",
    "notif_subcateg": "p",
    "decline_reason": "dffVal1",
    "decline_status": "dffVal2",
    "modelType": "d",
    "date": "datetime"
  },
  "GRM_DELIVERY": {
    "order_status": "k",
    "order_substatus": "p",
    "order_id": "o",
    "tracking_id": "o",
    "order_item": "s",
    "order_amt": "val3",
    "modelType": "d",
    "date": "datetime",
    "url": "dffVal5",
    "tele_num": "dffVal4"
  },
  "GRM_VOID": {
  }
}