{
  "entertainment": [
    "cinemas",
    "fun",
    "hotstar",
    "leisure",
    "movies",
    "multiplex",
    "one97",
    "pvr",
    "sports",
    "entertainment"
  ],
  "fashion": [
    "apparels",
    "collections",
    "designs",
    "dress",
    "fashion",
    "foot",
    "garments",
    "handloom",
    "khadi",
    "sarees",
    "shoes",
    "style"
  ],
  "communication": [
    "vodafone",
    "airtel",
    "idea",
    "bsnl",
    "communication"
  ],
  "salon": [
    "beauty",
    "hair",
    "parlour",
    "salon",
    "saloon",
    "unisex"
  ],
  "medical": [
    "medi",
    "care",
    "chemist",
    "clinic",
    "dental",
    "drug",
    "health",
    "health",
    "healthcare",
    "hospital",
    "medical",
    "medicine",
    "medicity",
    "medico",
    "medico",
    "medicos",
    "medplus",
    "multispeciality",
    "pharmacy",
    "wellness",
    "superspeciality"
  ],
  "shopping": [
    "shop",
    "bazaar",
    "decathlon",
    "dmart",
    "family",
    "fresh",
    "hyper",
    "hypercity",
    "hypermart",
    "jewellers",
    "jewels",
    "kirana",
    "market",
    "mart",
    "mkt",
    "retail",
    "shopee",
    "shoping",
    "spencers",
    "sports",
    "sto",
    "stores",
    "sup",
    "supe",
    "supermarket",
    "supermart",
    "traders"
  ],
  "fitness": [
    "decathlon",
    "gym",
    "spa",
    "sports",
    "fitness"
  ],
  "hospitality": [
    "hospitality",
    "chef",
    "family",
    "hardcastle",
    "hotel",
    "house",
    "inn",
    "lounge",
    "mahal",
    "makemytrip",
    "nivas",
    "resort",
    "restaurant",
    "yatra",
    "ibibo"
  ],
  "automobile": [
    "auto",
    "automobiles",
    "car",
    "motors",
    "station"
  ],
  "wines": [
    "bar",
    "beer",
    "liquor",
    "spirits",
    "wine",
    "whiskey"
  ],
  "food": [
    "khhao",
    "aahara",
    "refreshment",
    "food",
    "kfc",
    "bake",
    "bakery",
    "barbeque",
    "barista",
    "bhel",
    "bhojnalay",
    "biryani",
    "bistro",
    "bites",
    "brew",
    "burger",
    "caf",
    "cafe",
    "cake",
    "caterers",
    "catering",
    "chaat",
    "chai",
    "chef",
    "chicke",
    "chicken",
    "coffe",
    "confection",
    "cream",
    "cuisine",
    "dairy",
    "dates",
    "deli",
    "delicacies",
    "delicacy",
    "desserts",
    "dhaba",
    "dominos",
    "donalds",
    "dosa",
    "fish",
    "food",
    "food",
    "food",
    "foodpanda",
    "fresh",
    "fruits",
    "grill",
    "haldiram",
    "hardcastle",
    "hot",
    "hotel",
    "icecream",
    "idli",
    "juice",
    "juice",
    "kabab",
    "kitchen",
    "mcdonald",
    "mess",
    "milk",
    "mithai",
    "olive",
    "pan",
    "pastri",
    "pizza",
    "rasoi",
    "rest",
    "restaurant",
    "savour",
    "snacks",
    "spice",
    "spicy",
    "starbucks",
    "subway",
    "sweet",
    "swiggy",
    "taste",
    "tea",
    "tiffen",
    "tiffin",
    "veg",
    "zomato",
    "ffspl"
  ],
  "household": [
    "furnishing",
    "furniture",
    "household"
  ],
  "travel": [
    "airport",
    "car",
    "cleartrip",
    "goibibo",
    "ibibo",
    "irctc",
    "makemytrip",
    "olacabs",
    "rail",
    "travel",
    "trevel",
    "uber",
    "yatra"
  ],
  "electronic": [
    "applianc",
    "digital",
    "internet",
    "tech",
    "electronic"
  ],
  "stationary": [
    "art",
    "crafts",
    "crossword",
    "departmental",
    "designs",
    "gift",
    "toys",
    "novelti",
    "statione",
    "stationary"
  ],
  "hardware": [
    "electric",
    "hardware",
    "steel",
    "metal"
  ],
  "lab": [
    "diagnostic",
    "laboratory"
  ],
  "publishing": [
    "publishers",
    "book",
    "article"
  ],
  "gadget": [
    "aptronix",
    "mobile",
    "accessory",
    "watches"
  ],
  "cosmetics": [
    "care",
    "cosmetic",
    "oil",
    "skin"
  ],
  "e-commerce": [
    "ecommerce",
    "amazon",
    "ecom",
    "flipkart",
    "paytm",
    "snapdeal"
  ],

  "transfer": [
    "neft",
    "upi",
    "mps",
    "ips",
    "pca",
    "tpft",
    "trfr",
    "vpa",
    "mmt",
    "imps",
    "inf",
    "tpt",
    "nsp"
  ],

  "withdrawal": [
    "nfs",
    "atm",
    "atmid",
    "wdl",
    "oatm",
    "cash",
    "mat",
    "vat"
  ],

  "payments": [
    "billpay",
    "mob",
    "pos",
    "pur",
    "bil",
    "brn",
    "ach",
    "airtelmoney",
    "atd",
    "nps",
    "atw",
    "axs",
    "bd",
    "billdesk",
    "card",
    "cardtxn",
    "ccavenue",
    "ccpmt",
    "cheque",
    "chq",
    "citrus",
    "citrusp",
    "citruspay",
    "cms",
    "cwdr",
    "cwvr",
    "debit",
    "ecs",
    "emi",
    "fee",
    "fbl",
    "fm",
    "iin",
    "inb",
    "instakart",
    "instamojo",
    "mbr",
    "mobikwik",
    "msw",
    "nach",
    "p2a",
    "pay",
    "payments",
    "paypal",
    "paytm",
    "payu",
    "phonepe",
    "raz",
    "razorpay",
    "recharge",
    "rpay",
    "seq",
    "tps",
    "tpsl",
    "ubi",
    "vin",
    "visa",
    "vps",
    "transaction",
    "chgrs",
    "refund"
  ],
  "hub": [
    "zone",
    "court",
    "hub"
  ],
  "enterprise": [
    "enterprise",
    "agency",
    "associates",
    "group",
    "inc",
    "limited",
    "lt",
    "ltd",
    "private",
    "pv",
    "pvt",
    "ventures"
  ],
  "corporation": [
    "corporation",
    "irctc"
  ],
  "monetary": [
    "cams",
    "mutual",
    "insurance",
    "stock",
    "sip",
    "invest",
    "investment"
  ],
  "pet": [
    "pet"
  ],
  "fuel": [
    "bpcl",
    "coco",
    "essar",
    "filling",
    "fuel",
    "hpcl",
    "iocl",
    "petrol",
    "petroleum"
  ],
  "indian": [
    "india",
    "desi"
  ]
}